"Name of the Institution","Program","Level","Accreditation Status","Accreditation Period"
"A.C.COLLEGE OF TECHNOLOGY (CHENNAI)","CERAMIC TECHNOLOGY","UG","ACCREDITED","3 YEARS W.E.F.22-1-2008"
"A.C.COLLEGE OF TECHNOLOGY (CHENNAI)","INDUSTRIAL BIOTECHNOLOGY","UG","ACCREDITED","5 YEARS W.E.F.22-1-2008"
"A.C.COLLEGE OF TECHNOLOGY (CHENNAI)","CHEMICAL ENGINEERING","UG","ACCREDITED","5 YEARS W.E.F.22-1-2008"
"A.C.COLLEGE OF TECHNOLOGY (CHENNAI)","LEATHER TECHNOLOGY","UG","ACCREDITED","5 YEARS W.E.F.22-1-2008"
"A.C.COLLEGE OF TECHNOLOGY (CHENNAI)","TEXTILE TECHNOLOGY","UG","ACCREDITED","5 YEARS W.E.F.22-1-2008"
"AAA COLLEGE OF ENGINEERING AND TECHNOLOGY (Virudhunagar)","Electrical & Electronics Engineering","Under Graduate","ACCREDITED","Accredited for Academic Year 2023-24, 2024-25 and 2025-26, i.e., upto 30-06-2026"
"AAA COLLEGE OF ENGINEERING AND TECHNOLOGY (Virudhunagar)","Computer Science and Engineering","Under Graduate","ACCREDITED","Accredited for Academic Year 2023-24, 2024-25 and 2025-26, i.e., upto 30-06-2026"
"AAA COLLEGE OF ENGINEERING AND TECHNOLOGY (Virudhunagar)","Electronics & Communication Engineering","Under Graduate","ACCREDITED","Accredited for Academic Year 2023-24, 2024-25 and 2025-26, i.e., upto 30-06-2026"
"AAA COLLEGE OF ENGINEERING AND TECHNOLOGY (Virudhunagar)","Mechanical Engineering","Under Graduate","ACCREDITED","Accredited for Academic Year 2023-24, 2024-25 and 2025-26, i.e., upto 30-06-2026"
"AAA COLLEGE OF ENGINEERING AND TECHNOLOGY (Virudhunagar)","Civil Engineering","Under Graduate","ACCREDITED","Academic Year 2024-25, 2025-26 and 2026-27, i.e., upto 30/06/2027"
"AALIM MUHAMMED SALEGH COLLEGE OF ENGINEERING (AVADI I.A.F.,)","ELECTRICAL AND ELECTRONICS ENGINEERING","UG","ACCREDITED","3 YEARS W.E.F.16-9-2011"
"AALIM MUHAMMED SALEGH COLLEGE OF ENGINEERING (AVADI I.A.F.,)","ELECTRONICS AND COMMUNICATION ENGINEERING","UG","ACCREDITED","3 YEARS W.E.F.16-9-2011"
"AALIM MUHAMMED SALEGH COLLEGE OF ENGINEERING (AVADI I.A.F.,)","Computer Science and Engineering","Under Graduate","ACCREDITED","Accredited for Academic Year 2024-25, 2025-26 and 2026-27, i.e., upto 30/06/2027"
"AALIM MUHAMMED SALEGH COLLEGE OF ENGINEERING (AVADI I.A.F.,)","Electronics & Communication Engineering","Under Graduate","ACCREDITED","Accredited for Academic Year 2024-25, 2025-26 and 2026-27, i.e., upto 30/06/2027"
"AALIM MUHAMMED SALEGH COLLEGE OF ENGINEERING (AVADI I.A.F.,)","Information Technology","Under Graduate","ACCREDITED","Accredited for Academic Year 2024-25, 2025-26 and 2026-27, i.e., upto 30/06/2027"
"AALIM MUHAMMED SALEGH COLLEGE OF ENGINEERING (AVADI I.A.F.,)","Mechanical Engineering","Under Graduate","ACCREDITED","Accredited for Academic Year 2024-25, 2025-26 and 2026-27, i.e., upto 30/06/2027"
"AARUPADAI VEEDU INSTITUTE OF TECHNOLOGY, PAIYANOOR (Kancheepuram)","ELECTRICAL AND ELECTRONICS ENGINEERING","UG","ACCREDITED","3 YEARS W.E.F.5-5-2009"
"AARUPADAI VEEDU INSTITUTE OF TECHNOLOGY, PAIYANOOR (Kancheepuram)","MECHANICAL ENGINEERING","UG","ACCREDITED","3 YEARS W.E.F.5-5-2009"
"AARUPADAI VEEDU INSTITUTE OF TECHNOLOGY, PAIYANOOR (Kancheepuram)","COMPUTER SCIENCE AND ENGINEERING","UG","ACCREDITED","3 YEARS W.E.F.5-5-2009"
"AARUPADAI VEEDU INSTITUTE OF TECHNOLOGY, PAIYANOOR (Kancheepuram)","ELECTRONICS AND COMMUNICATION ENGINEERING","UG","ACCREDITED","3 YEARS W.E.F.5-5-2009"
"ADHIPARASAKTHI ENGINEERING COLLEGE (NIL)","CIVIL ENGINEERING","UG","ACCREDITED","3 YEARS W.E.F.10-9-2004"
"ADHIPARASAKTHI ENGINEERING COLLEGE (NIL)","MECHANICAL ENGINEERING","UG","ACCREDITED","3 YEARS W.E.F.10-9-2004"
"ADHIPARASAKTHI ENGINEERING COLLEGE (NIL)","ELECTRICAL AND ELECTRONICS ENGINEERING","UG","ACCREDITED","3 YEARS W.E.F.10-9-2004"
"ADHIPARASAKTHI ENGINEERING COLLEGE (NIL)","ELECTRONICS AND COMMUNICATION ENGINEERING","UG","ACCREDITED","3 YEARS W.E.F.10-9-2004"
"ADHIPARASAKTHI ENGINEERING COLLEGE (NIL)","CHEMICAL ENGINEERING","UG","ACCREDITED","3 YEARS W.E.F.10-9-2004"
"ADHIPARASAKTHI ENGINEERING COLLEGE (NIL)","CIVIL ENGINEERING","UG","ACCREDITED","3 YEARS W.E.F.10-2-2009"
"ADHIPARASAKTHI ENGINEERING COLLEGE (NIL)","MECHANICAL ENGINEERING","UG","ACCREDITED","3 YEARS W.E.F.10-2-2009"
"ADHIPARASAKTHI ENGINEERING COLLEGE (NIL)","ELECTRICAL AND ELECTRONICS ENGINEERING","UG","ACCREDITED","3 YEARS W.E.F.10-2-2009"
"ADHIPARASAKTHI ENGINEERING COLLEGE (NIL)","ELECTRONICS AND COMMUNICATION ENGINEERING","UG","ACCREDITED","3 YEARS W.E.F.10-2-2009"
"ADHIPARASAKTHI ENGINEERING COLLEGE (NIL)","CHEMICAL ENGINEERING","UG","ACCREDITED","3 YEARS W.E.F.10-2-2009"
"ADHIPARASAKTHI ENGINEERING COLLEGE (NIL)","COMPUTER SCIENCE AND ENGINEERING","UG","ACCREDITED","3 YEARS W.E.F.07-7-2009"
"ADHIPARASAKTHI ENGINEERING COLLEGE (NIL)","CIVIL ENGINEERING","UG","ACCREDITED","2 YEARS W.E.F. 18-09-2013"
"ADHIPARASAKTHI ENGINEERING COLLEGE (NIL)","MECHANICAL ENGINEERING","UG","ACCREDITED","2 YEARS W.E.F. 18-09-2013"
"ADHIPARASAKTHI ENGINEERING COLLEGE (NIL)","ELECTRICAL AND ELECTRONICS ENGINEERING","UG","ACCREDITED","2 YEARS W.E.F. 18-09-2013"
"ADHIPARASAKTHI ENGINEERING COLLEGE (NIL)","ELECTRONICS AND COMMUNICATION ENGINEERING","UG","ACCREDITED","2 YEARS W.E.F. 18-09-2013"
"ADHIPARASAKTHI ENGINEERING COLLEGE (NIL)","COMPUTER SCIENCE AND ENGINEERING","UG","ACCREDITED","2 YEARS W.E.F. 18-09-2013"
"ADHIPARASAKTHI ENGINEERING COLLEGE (NIL)","INFORMATION TECHNOLOGY","UG","ACCREDITED","2 YEARS W.E.F. 18-09-2013"
"ADHIPARASAKTHI ENGINEERING COLLEGE (NIL)","CHEMICAL ENGINEERING","UG","ACCREDITED","2 YEARS W.E.F. 18-09-2013"
"ADHIPARASAKTHI ENGINEERING COLLEGE (NIL)","INFORMATION TECHNOLOGY","UG","ACCREDITED","3 YEARS W.E.F.10-2-2009"
"ADHIYAMAAN COLLEGE OF ENGINEERING (HOSUR)","CHEMICAL ENGINEERING","UG","ACCREDITED","2 YEARS W.E.F. 01-07-2012"
"ADHIYAMAAN COLLEGE OF ENGINEERING (HOSUR)","INFORMATION TECHNOLOGY","UG","ACCREDITED","2 YEARS W.E.F. 01-07-2012"
"ADHIYAMAAN COLLEGE OF ENGINEERING (HOSUR)","BIOTECHNOLOGY","UG","ACCREDITED","2 YEARS W.E.F. 01-07-2012"
"ADHIYAMAAN COLLEGE OF ENGINEERING (HOSUR)","BIOMEDICAL ENGINEERING","UG","ACCREDITED","2 YEARS W.E.F. 01-07-2012"
"ADHIYAMAAN COLLEGE OF ENGINEERING (HOSUR)","CIVIL ENGINEERING","UG","ACCREDITED","2 YEARS W.E.F. 01-07-2012"
"ADHIYAMAAN COLLEGE OF ENGINEERING (HOSUR)","ELECTRICAL AND ELECTRONICS ENGINEERING","UG","ACCREDITED","2 YEARS W.E.F. 01-07-2012"
"ADHIYAMAAN COLLEGE OF ENGINEERING (HOSUR)","COMPUTER SCIENCE AND ENGINEERING","UG","ACCREDITED","2 YEARS W.E.F. 01-07-2012"
"ADHIYAMAAN COLLEGE OF ENGINEERING (HOSUR)","ELECTRONICS AND COMMUNICATION ENGINEERING","UG","ACCREDITED","2 YEARS W.E.F. 01-07-2012"
"ADHIYAMAAN COLLEGE OF ENGINEERING (HOSUR)","MECHANICAL ENGINEERING","UG","ACCREDITED","2 YEARS W.E.F. 01-07-2012"
"ADHIYAMAAN COLLEGE OF ENGINEERING (HOSUR)","INSTRUMENTATION AND CONTROL ENGINEERING","UG","ACCREDITED","3 YEARS W.E.F.12-9-2007"
"ADHIYAMAAN COLLEGE OF ENGINEERING (HOSUR)","ELECTRONICS AND COMMUNICATION ENGINEERING","UG","ACCREDITED","3 YEARS W.E.F.12-9-2007"
"ADHIYAMAAN COLLEGE OF ENGINEERING (HOSUR)","CHEMICAL ENGINEERING","UG","ACCREDITED","3 YEARS W.E.F.12-9-2007"
"ADHIYAMAAN COLLEGE OF ENGINEERING (HOSUR)","COMPUTER SCIENCE AND ENGINEERING","UG","ACCREDITED","3 YEARS W.E.F.12-9-2007"
"ADHIYAMAAN COLLEGE OF ENGINEERING (HOSUR)","INFORMATION TECHNOLOGY","UG","ACCREDITED","3 YEARS W.E.F.12-9-2007"
"ADHIYAMAAN COLLEGE OF ENGINEERING (HOSUR)","ELECTRICAL AND ELECTRONICS ENGINEERING","UG","ACCREDITED","3 YEARS W.E.F.12-9-2007"
"ADHIYAMAAN COLLEGE OF ENGINEERING (HOSUR)","CIVIL ENGINEERING","UG","ACCREDITED","3 YEARS W.E.F.12-9-2007"
"ADHIYAMAAN COLLEGE OF ENGINEERING (HOSUR)","MECHANICAL ENGINEERING","UG","ACCREDITED","3 YEARS W.E.F.12-9-2007"
"ADHIYAMAAN COLLEGE OF ENGINEERING (HOSUR)","CHEMICAL ENGINEERING","UG","ACCREDITED","3 YEARS W.E.F.10-9-2004"
"ADHIYAMAAN COLLEGE OF ENGINEERING (HOSUR)","INSTRUMENTATION AND CONTROL ENGINEERING","UG","ACCREDITED","3 YEARS W.E.F.10-9-2004"
"ADHIYAMAAN COLLEGE OF ENGINEERING (HOSUR)","PRODUCTION ENGINEERING","UG","ACCREDITED","3 YEARS W.E.F.10-9-2004"
"ADHIYAMAAN COLLEGE OF ENGINEERING (HOSUR)","ELECTRICAL AND ELECTRONICS ENGINEERING","UG","ACCREDITED","3 YEARS W.E.F.10-9-2004"
"ADHIYAMAAN COLLEGE OF ENGINEERING (HOSUR)","CIVIL ENGINEERING","UG","ACCREDITED","3 YEARS W.E.F.10-9-2004"
"ADHIYAMAAN COLLEGE OF ENGINEERING (HOSUR)","COMPUTER SCIENCE AND ENGINEERING","UG","ACCREDITED","3 YEARS W.E.F.10-9-2004"
"ADHIYAMAAN COLLEGE OF ENGINEERING (HOSUR)","ELECTRONICS AND COMMUNICATION ENGINEERING","UG","ACCREDITED","3 YEARS W.E.F.10-9-2004"
"ADHIYAMAAN COLLEGE OF ENGINEERING (HOSUR)","MECHANICAL ENGINEERING","UG","ACCREDITED","3 YEARS W.E.F.10-9-2004"
"ADHIYAMAAN COLLEGE OF ENGINEERING (HOSUR)","CHEMICAL ENGINEERING","UG","ACCREDITED","2 YEARS W.E.F. 01-07-2014"
"ADHIYAMAAN COLLEGE OF ENGINEERING (HOSUR)","BIOTECHNOLOGY","UG","ACCREDITED","2 YEARS W.E.F. 01-07-2014"
"ADHIYAMAAN COLLEGE OF ENGINEERING (HOSUR)","CIVIL ENGINEERING","UG","ACCREDITED","2 YEARS W.E.F. 01-07-2014"
"ADHIYAMAAN COLLEGE OF ENGINEERING (HOSUR)","BIOMEDICAL ENGINEERING","UG","ACCREDITED","2 YEARS W.E.F. 01-07-2014"
"ADHIYAMAAN COLLEGE OF ENGINEERING (HOSUR)","MECHANICAL ENGINEERING","UG","ACCREDITED","2 YEARS W.E.F. 01-07-2014"
"AGNI COLLEGE OF TECHNOLOGY (CHENNAI)","ELECTRONICS AND COMMUNICATION ENGINEERING","UG","ACCREDITED","3 YEARS W.E.F.10-2-2009"
"AGNI COLLEGE OF TECHNOLOGY (CHENNAI)","COMPUTER SCIENCE AND ENGINEERING","UG","ACCREDITED","3 YEARS W.E.F.10-2-2009"
"AGNI COLLEGE OF TECHNOLOGY (CHENNAI)","ELECTRICAL AND ELECTRONICS ENGINEERING","UG","ACCREDITED","3 YEARS W.E.F.10-2-2009"
"AGNI COLLEGE OF TECHNOLOGY (CHENNAI)","COMPUTER SCIENCE AND ENGINEERING","UG","ACCREDITED","3 YEARS W.E.F. 01-07-2014"
"AGNI COLLEGE OF TECHNOLOGY (CHENNAI)","ELECTRICAL AND ELECTRONICS ENGINEERING","UG","ACCREDITED","3 YEARS W.E.F. 01-07-2014"
"AGNI COLLEGE OF TECHNOLOGY (CHENNAI)","ELECTRONICS AND COMMUNICATION ENGINEERING","UG","ACCREDITED","3 YEARS W.E.F. 01-07-2014"
"Agni College of Technology (CHENNAI)","Biomedical Engineering","Under Graduate","ACCREDITED","Academic Year 2021-22, 2022-23 and 2023-24, i.e., upto 30-06-2024; Further Accredited for Academic Year 2024-25, 2025-26 and 2026-27, i.e., upto 30/06/2027"
"Agni College of Technology (CHENNAI)","Mechatronics Engineering","Under Graduate","ACCREDITED","Academic Year 2021-22, 2022-23 and 2023-24, i.e., upto 30-06-2024; Further Accredited for Academic Year 2024-25, 2025-26 and 2026-27, i.e., upto 30/06/2027"
"Agni College of Technology (CHENNAI)","Information Technology","Under Graduate","ACCREDITED","Academic Year 2019-20, 2020-21 and 2021-22, i.e., upto 30-06-2022; Further accredited for Academic Year  2022-23, 2023-24 and 2024-25, i.e., upto 30/06/2025"
"Agni College of Technology (CHENNAI)","Mechanical Engineering","Under Graduate","ACCREDITED","Academic Year 2019-20, 2020-21 and 2021-22, i.e., upto 30-06-2022; Further accredited for Academic Year  2022-23, 2023-24 and 2024-25, i.e., upto 30/06/2025"
"Agni College of Technology (CHENNAI)","Computer Science and Engineering","Under Graduate","ACCREDITED","Academic Year 2022-23, 2023-24 and 2024-25, i.e., upto 30-06-2025"
"Agni College of Technology (CHENNAI)","Electronics & Communication Engineering","Under Graduate","ACCREDITED","Academic Year 2023-24, 2024-25 and 2025-26, i.e., upto 30-06-2026"
"Agni College of Technology (CHENNAI)","Computer Science and Engineering","Under Graduate","ACCREDITED","Accredited for Academic Year 2017-18, 2018-19, 2019-20, 2020-21 and 2021-22, i.e., upto 30-06-2022"
"Agni College of Technology, CHENNAI, Tamil Nadu (Chennai)","ELECTRICAL AND ELECTRONICS ENGINEERING","UG","ACCREDITED","Academic Years 2017-18, 2018-19 and 2019-20, i.e., upto 30-06-2020"
"AKSHAYA COLLEGE OF ENGINEERING AND TECHNOLOGY (Coimbotore)","Computer Science and Engineering","Under Graduate","ACCREDITED","Accredited for Academic Year 2024-25, 2025-26 and 2026-27, i.e., upto 30/06/2027"
"AKSHAYA COLLEGE OF ENGINEERING AND TECHNOLOGY (Coimbotore)","Electronics & Communication Engineering","Under Graduate","ACCREDITED","Accredited for Academic Year 2024-25, 2025-26 and 2026-27, i.e., upto 30/06/2027"
"AKSHAYA COLLEGE OF ENGINEERING AND TECHNOLOGY (Coimbotore)","Civil Engineering","Under Graduate","ACCREDITED","Accredited for Academic Year 2024-25, 2025-26 and 2026-27, i.e., upto 30/06/2027"
"AL-AMEEN ENGINEERING COLLEGE (Erode)","Electrical & Electronics Engineering","Under Graduate","ACCREDITED","Academic Year 2024-25, 2025-26 and 2026-27, i.e., upto 30/06/2027"
"AL-AMEEN ENGINEERING COLLEGE (Erode)","Electronics & Communication Engineering","Under Graduate","ACCREDITED","Academic Year 2024-25, 2025-26 and 2026-27, i.e., upto 30/06/2027"
"ALAGAPPA CHETTIAR COLLEGE OF ENGINEERING AND TECHNOLOGY (KARAIKUDI)","CIVIL ENGINEERING","UG","ACCREDITED","3 YEARS W.E.F. 10-09-2004"
"ALAGAPPA CHETTIAR COLLEGE OF ENGINEERING AND TECHNOLOGY (KARAIKUDI)","ELECTRICAL AND ELECTRONICS ENGINEERING","UG","ACCREDITED","3 YEARS W.E.F. 10-09-2004"
"ALAGAPPA CHETTIAR COLLEGE OF ENGINEERING AND TECHNOLOGY (KARAIKUDI)","MECHANICAL ENGINEERING","UG","ACCREDITED","5 YEARS W.E.F. 10-09-2004"
"ALAGAPPA CHETTIAR COLLEGE OF ENGINEERING AND TECHNOLOGY (KARAIKUDI)","ELECTRONICS AND COMMUNICATION ENGINEERING","UG","ACCREDITED","3 YEARS W.E.F. 10-02-2009"
"ALAGAPPA CHETTIAR COLLEGE OF ENGINEERING AND TECHNOLOGY (KARAIKUDI)","CIVIL ENGINEERING","UG","ACCREDITED","3 YEARS W.E.F. 10-02-2009"
"ALAGAPPA CHETTIAR COLLEGE OF ENGINEERING AND TECHNOLOGY (KARAIKUDI)","ELECTRICAL AND ELECTRONICS ENGINEERING","UG","ACCREDITED","3 YEARS W.E.F. 10-02-2009"
"ALAGAPPA CHETTIAR COLLEGE OF ENGINEERING AND TECHNOLOGY (KARAIKUDI)","CIVIL ENGINEERING","UG","ACCREDITED","2 YEARS W.E.F. 08-11-2013"
"ALAGAPPA CHETTIAR COLLEGE OF ENGINEERING AND TECHNOLOGY (KARAIKUDI)","MECHANICAL ENGINEERING","UG","ACCREDITED","2 YEARS W.E.F. 08-11-2013"
"ALAGAPPA CHETTIAR COLLEGE OF ENGINEERING AND TECHNOLOGY (KARAIKUDI)","ELECTRICAL AND ELECTRONICS ENGINEERING","UG","ACCREDITED","2 YEARS W.E.F. 08-11-2013"
"AMRITA INSTITUTE OF TECHNOLOGY & SCIENCE (Later AMRITA SCHOOL OF ENGINEERING, AMRITA VISHWA VIDYAPEETHAM) (COIMBATORE)","COMPUTER SCIENCE AND ENGINEERING","UG","ACCREDITED","5 Years w.e.f. 24-04-2002"
"AMRITA INSTITUTE OF TECHNOLOGY & SCIENCE (Later AMRITA SCHOOL OF ENGINEERING, AMRITA VISHWA VIDYAPEETHAM) (COIMBATORE)","ELECTRICAL AND ELECTRONICS ENGINEERING","UG","ACCREDITED","5 Years w.e.f. 24-04-2002"
"AMRITA INSTITUTE OF TECHNOLOGY & SCIENCE (Later AMRITA SCHOOL OF ENGINEERING, AMRITA VISHWA VIDYAPEETHAM) (COIMBATORE)","ELECTRONICS AND COMMUNICATION ENGINEERING","UG","ACCREDITED","5 Years w.e.f. 24-04-2002"
"AMRITA INSTITUTE OF TECHNOLOGY & SCIENCE (Later AMRITA SCHOOL OF ENGINEERING, AMRITA VISHWA VIDYAPEETHAM) (COIMBATORE)","MECHANICAL ENGINEERING","UG","ACCREDITED","5 Years w.e.f. 24-04-2002"
"AMRITA INSTITUTE OF TECHNOLOGY & SCIENCE (Later AMRITA SCHOOL OF ENGINEERING, AMRITA VISHWA VIDYAPEETHAM) (COIMBATORE)","PRODUCTION ENGINEERING","UG","ACCREDITED","5 Years w.e.f. 24-04-2002"
"ANAND INSTITUTE OF HIGHER TECHNOLOGY (CHENNAI)","ELECTRONICS AND COMMUNICATION ENGINEERING","UG","ACCREDITED","3 YEARS W.E.F.4-5-2007"
"ANAND INSTITUTE OF HIGHER TECHNOLOGY (CHENNAI)","COMPUTER SCIENCE AND ENGINEERING","UG","ACCREDITED","3 YEARS W.E.F.4-5-2007"
"ANAND INSTITUTE OF HIGHER TECHNOLOGY (CHENNAI)","ELECTRICAL AND ELECTRONICS ENGINEERING","UG","ACCREDITED","3 YEARS W.E.F.19-7-2008"
"ANAND INSTITUTE OF HIGHER TECHNOLOGY (CHENNAI)","INFORMATION TECHNOLOGY","UG","ACCREDITED","3 YEARS W.E.F.19-7-2008"
"ANAND INSTITUTE OF HIGHER TECHNOLOGY (CHENNAI)","MECHANICAL ENGINEERING","UG","ACCREDITED","3 YEARS W.E.F.29-5-2009"
"ANAND INSTITUTE OF HIGHER TECHNOLOGY (CHENNAI)","COMPUTER SCIENCE AND ENGINEERING","UG","ACCREDITED","2 YEARS W.E.F. 28-08-2012"
"ANAND INSTITUTE OF HIGHER TECHNOLOGY (CHENNAI)","ELECTRONICS AND COMMUNICATION ENGINEERING","UG","ACCREDITED","2 YEARS W.E.F. 28-08-2012"
"ANAND INSTITUTE OF HIGHER TECHNOLOGY (CHENNAI)","ELECTRICAL AND ELECTRONICS ENGINEERING","UG","ACCREDITED","2 YEARS W.E.F. 28-08-2012"
"ANAND INSTITUTE OF HIGHER TECHNOLOGY (CHENNAI)","MECHANICAL ENGINEERING","UG","ACCREDITED","3 YEARS W.E.F. 01-07-2014"
"ANAND INSTITUTE OF HIGHER TECHNOLOGY (CHENNAI)","ELECTRONICS AND INSTRUMENTATION ENGINEERING","UG","ACCREDITED","3 YEARS W.E.F. 01-07-2014"
"ANAND INSTITUTE OF HIGHER TECHNOLOGY (CHENNAI)","Electrical & Electronics Engineering","Under Graduate","ACCREDITED","Academic year 2023-24, 2024-25 and 2025-26, i.e. upto 30-06-2026"
"ANAND INSTITUTE OF HIGHER TECHNOLOGY (CHENNAI)","Computer Science and Engineering","Under Graduate","ACCREDITED","Academic year 2022-23, 2023-24 and 2024-25, i.e. upto 30-06-2025"
"ANAND INSTITUTE OF HIGHER TECHNOLOGY (CHENNAI)","Electronics & Communication Engineering","Under Graduate","ACCREDITED","Academic Years 2022-23, 2023-24 and 2024-25, i.e., upto 30/06/2025"
"ANAND INSTITUTE OF HIGHER TECHNOLOGY (CHENNAI)","Electronics & Communication Engineering","Under Graduate","ACCREDITED","Academic Year 2016-17, 2017-18 and 2018-19, i.e., upto 30-06-2019; Further accredited from Academic Year 2019-20, 2020-21 and 2021-22, i.e., upto 30-06-2022"
"ANAND INSTITUTE OF HIGHER TECHNOLOGY (CHENNAI)","Electrical & Electronics Engineering","Under Graduate","ACCREDITED","Academic Year 2016-17, 2017-18 and 2018-19, i.e., upto 30-06-2019"
"ANAND INSTITUTE OF HIGHER TECHNOLOGY (CHENNAI)","Computer Science and Engineering","Under Graduate","ACCREDITED","Academic Year 2016-17, 2017-18 and 2018-19, i.e., upto 30-06-2019; Further accredited from Academic Year 2019-20, 2020-21 and 2021-22, i.e., upto 30-06-2022"
"ANJALAI AMMAL MAHALINGAM ENGINEERING (KOVILVENNI NEEDAMANGALAM (TK) THIRUVARUR 9DT))","CHEMICAL ENGINEERING","UG","ACCREDITED","3 YEARS W.E.F.24-4-2002"
"ANJALAI AMMAL MAHALINGAM ENGINEERING (KOVILVENNI NEEDAMANGALAM (TK) THIRUVARUR 9DT))","COMPUTER SCIENCE AND ENGINEERING","UG","ACCREDITED","3 YEARS W.E.F.24-4-2002"
"ANJALAI AMMAL MAHALINGAM ENGINEERING (KOVILVENNI NEEDAMANGALAM (TK) THIRUVARUR 9DT))","ELECTRICAL AND ELECTRONICS ENGINEERING","UG","ACCREDITED","3 YEARS W.E.F.24-4-2002"
"ANJALAI AMMAL MAHALINGAM ENGINEERING (KOVILVENNI NEEDAMANGALAM (TK) THIRUVARUR 9DT))","ELECTRONICS AND COMMUNICATION ENGINEERING","UG","ACCREDITED","3 YEARS W.E.F.24-4-2002"
"ANJALAI AMMAL MAHALINGAM ENGINEERING (KOVILVENNI NEEDAMANGALAM (TK) THIRUVARUR 9DT))","MECHANICAL ENGINEERING","UG","ACCREDITED","3 YEARS W.E.F.24-4-2002"
"ANJALAI AMMAL MAHALINGAM ENGINEERING (KOVILVENNI NEEDAMANGALAM (TK) THIRUVARUR 9DT))","ELECTRONICS AND COMMUNICATION ENGINEERING","UG","ACCREDITED","3 YEARS W.E.F.4-5-2007"
"ANJALAI AMMAL MAHALINGAM ENGINEERING (KOVILVENNI NEEDAMANGALAM (TK) THIRUVARUR 9DT))","COMPUTER SCIENCE AND ENGINEERING","UG","ACCREDITED","3 YEARS W.E.F.4-5-2007"
"ANJALAI AMMAL MAHALINGAM ENGINEERING (KOVILVENNI NEEDAMANGALAM (TK) THIRUVARUR 9DT))","MECHANICAL ENGINEERING","UG","ACCREDITED","3 YEARS W.E.F.4-5-2007"
"ANJALAI AMMAL MAHALINGAM ENGINEERING (KOVILVENNI NEEDAMANGALAM (TK) THIRUVARUR 9DT))","ELECTRICAL AND ELECTRONICS ENGINEERING","UG","ACCREDITED","3 YEARS W.E.F.4-5-2007"
"ANJALAI AMMAL MAHALINGAM ENGINEERING (KOVILVENNI NEEDAMANGALAM (TK) THIRUVARUR 9DT))","INFORMATION TECHNOLOGY","UG","ACCREDITED","3 YEARS W.E.F.4-5-2007"
"ANJALAI AMMAL MAHALINGAM ENGINEERING (KOVILVENNI NEEDAMANGALAM (TK) THIRUVARUR 9DT))","CHEMICAL ENGINEERING","UG","ACCREDITED","3 YEARS W.E.F.4-5-2007"
"ANJALAI AMMAL MAHALINGAM ENGINEERING (KOVILVENNI NEEDAMANGALAM (TK) THIRUVARUR 9DT))","ELECTRONICS AND COMMUNICATION ENGINEERING","UG","ACCREDITED","3 YEARS W.E.F. 15-3-2012"
"ANJALAI AMMAL MAHALINGAM ENGINEERING (KOVILVENNI NEEDAMANGALAM (TK) THIRUVARUR 9DT))","ELECTRICAL AND ELECTRONICS ENGINEERING","UG","ACCREDITED","3 YEARS W.E.F. 15-3-2012"
"ANJALAI AMMAL MAHALINGAM ENGINEERING COLLEGE (KOVILVENNI NEEDAMANGALAM (TK) THIRUVARUR 9DT))","Electronics & Communication Engineering","Under Graduate","ACCREDITED","Academic Year 2024-25, 2025-26 and 2026-27, i.e., upto 30/06/2027"
"ANJALAI AMMAL MAHALINGAM ENGINEERING COLLEGE (KOVILVENNI NEEDAMANGALAM (TK) THIRUVARUR 9DT))","Information Technology","Under Graduate","ACCREDITED","Academic Year 2024-25, 2025-26 and 2026-27, i.e., upto 30/06/2027"
"ANJALAI AMMAL MAHALINGAM ENGINEERING COLLEGE (KOVILVENNI NEEDAMANGALAM (TK) THIRUVARUR 9DT))","Mechanical Engineering","Under Graduate","ACCREDITED","Academic Year 2024-25, 2025-26 and 2026-27, i.e., upto 30/06/2027"
"ANNAI MATHAMMAL SHEELA ENGINEERING COLLEGE (NAMAKKAL)","COMPUTER SCIENCE AND ENGINEERING","UG","ACCREDITED","3 YEARS W.E.F.19-7-2008"
"ANNAI MATHAMMAL SHEELA ENGINEERING COLLEGE (NAMAKKAL)","ELECTRICAL AND ELECTRONICS ENGINEERING","UG","ACCREDITED","3 YEARS W.E.F.19-7-2008"
"ANNAI MATHAMMAL SHEELA ENGINEERING COLLEGE (NAMAKKAL)","ELECTRONICS AND COMMUNICATION ENGINEERING","UG","ACCREDITED","3 YEARS W.E.F.19-7-2008"
"Annamalai University (Annamalai Nagar)","CHEMICAL ENGINEERING","UG","ACCREDITED","3 years w.e.f. 21/02/1998"
"Annamalai University (Annamalai Nagar)","ELECTRONICS AND INSTRUMENTATION ENGINEERING","UG","ACCREDITED","3 years w.e.f. 21/02/1998"
"Annamalai University (Annamalai Nagar)","COMPUTER SCIENCE AND ENGINEERING","UG","ACCREDITED","5 years w.e.f. 21/02/1998"
"Annamalai University (Annamalai Nagar)","MECHANICAL ENGINEERING","UG","ACCREDITED","5 years w.e.f. 21/02/1998"
"Annamalai University (Annamalai Nagar)","CIVIL ENGINEERING","UG","ACCREDITED","3 years w.e.f. 21/02/1998"
"Annamalai University (Annamalai Nagar)","CIVIL AND STRUCTURAL ENGINEERING","UG","ACCREDITED","3 Years w.e.f. 21/02/1998"
"Annamalai University (Annamalai Nagar)","ELECTRICAL AND ELECTRONICS ENGINEERING","UG","ACCREDITED","5 years w.e.f. 21/02/1998"
"Annamalai University (Annamalai Nagar)","CIVIL ENGINEERING","UG","ACCREDITED","5 years w.e.f. 06/08/2002"
"Annamalai University (Annamalai Nagar)","CIVIL AND STRUCTURAL ENGINEERING","UG","ACCREDITED","5 years w.e.f. 06/08/2002"
"Annamalai University (Annamalai Nagar)","ELECTRONICS AND INSTRUMENTATION ENGINEERING","UG","ACCREDITED","5 years w.e.f. 06/08/2002"
"Annamalai University (Annamalai Nagar)","CHEMICAL ENGINEERING","UG","ACCREDITED","5 years w.e.f. 06/08/2002"
"ANNAPOORANA ENGINEERING COLLEGE (Salem)","Civil Engineering","Under Graduate","ACCREDITED","Academic Year 2022-23, 2023-24 and 2024-25, i.e., upto 30-06-2025"
"ANNAPOORANA ENGINEERING COLLEGE (Salem)","Computer Science and Engineering","Under Graduate","ACCREDITED","Academic Year 2022-23, 2023-24 and 2024-25, i.e., upto 30-06-2025"
"ANNAPOORANA ENGINEERING COLLEGE (Salem)","Electrical & Electronics Engineering","Under Graduate","ACCREDITED","Academic Year 2022-23, 2023-24 and 2024-25, i.e., upto 30-06-2025"
"ANNAPOORANA ENGINEERING COLLEGE (Salem)","Automobile Engineering","Under Graduate","ACCREDITED","Academic Year 2024-25, 2025-26 and 2026-27, i.e., upto 30/06/2027"
"ANNAPOORANA ENGINEERING COLLEGE (Salem)","Electronics & Communication Engineering","Under Graduate","ACCREDITED","Academic Year 2024-25, 2025-26 and 2026-27, i.e., upto 30/06/2027"
"ANNAPOORANA ENGINEERING COLLEGE (Salem)","Mechanical Engineering","Under Graduate","ACCREDITED","Academic Year 2024-25, 2025-26 and 2026-27, i.e., upto 30/06/2027"
"ARASU ENGINEERING COLLEGE (KUMBAKONAM)","ELECTRICAL AND ELECTRONICS ENGINEERING","UG","ACCREDITED","3 YEARS W.E.F.29-5-2009"
"ARASU ENGINEERING COLLEGE (KUMBAKONAM)","Electrical & Electronics Engineering","Under Graduate","ACCREDITED","Academic Year 2018-19, 2019-20, 2020-21 and 2021-22, i.e., upto 30-06-2022; Further accredited for 2022-23, 2023-24 and 2024-25, i.e., upto 30/06/2025"
"ARASU ENGINEERING COLLEGE (KUMBAKONAM)","Mechanical Engineering","Under Graduate","ACCREDITED","Academic Year 2018-19, 2019-20, 2020-21 and 2021-22, i.e., upto 30-06-2022; Further accredited for 2022-23, 2023-24 and 2024-25, i.e., upto 30/06/2025"
"ARASU ENGINEERING COLLEGE (KUMBAKONAM)","Computer Science and Engineering","Under Graduate","ACCREDITED","Academic Year 2018-19, 2019-20 and 2020-21, i.e., upto 30-06-2021"
"Arulmigu Meenakshi Amman College of Engineering (Thiruvannamalai)","CIVIL ENGINEERING","UG","ACCREDITED","3 Years w.e.f. 11-06-2004"
"Arulmigu Meenakshi Amman College of Engineering (Thiruvannamalai)","MECHANICAL ENGINEERING","UG","ACCREDITED","3 Years w.e.f. 11-06-2004"
"Arulmigu Meenakshi Amman College of Engineering (Thiruvannamalai)","ELECTRICAL AND ELECTRONICS ENGINEERING","UG","ACCREDITED","3 Years w.e.f. 27-07-2006"
"Arulmigu Meenakshi Amman College of Engineering (Thiruvannamalai)","CHEMICAL ENGINEERING","UG","ACCREDITED","3 Years w.e.f. 27-07-2006"
"Arulmigu Meenakshi Amman College of Engineering (Thiruvannamalai)","MECHANICAL ENGINEERING","UG","ACCREDITED","3 Years w.e.f. 19-07-2008"
"ARUNAI ENGINEERING COLLEGE (TIRUVANNAMALAI)","ELECTRONICS AND COMMUNICATION ENGINEERING","UG","ACCREDITED","3 YEARS W.E.F. 24-04-2002"
"ARUNAI ENGINEERING COLLEGE (TIRUVANNAMALAI)","ELECTRONICS AND COMMUNICATION ENGINEERING","UG","ACCREDITED","3 YEARS W.E.F. 10-02-2009"
"ARUNAI ENGINEERING COLLEGE (TIRUVANNAMALAI)","INDUSTRIAL BIOTECHNOLOGY","UG","ACCREDITED","3 YEARS W.E.F. 10-02-2009"
"ARUNAI ENGINEERING COLLEGE (TIRUVANNAMALAI)","COMPUTER SCIENCE AND ENGINEERING","UG","ACCREDITED","3 YEARS W.E.F. 10-02-2009"
"ARUNAI ENGINEERING COLLEGE (TIRUVANNAMALAI)","CAD/CAM","UG","ACCREDITED","3 YEARS W.E.F. 10-02-2009"
"ARUNAI ENGINEERING COLLEGE (TIRUVANNAMALAI)","POWER ELECTRONICS AND DRIVES","UG","ACCREDITED","3 YEARS W.E.F. 10-02-2009"
"ARUNAI ENGINEERING COLLEGE (TIRUVANNAMALAI)","ELECTRONICS AND INSTRUMENTATION ENGINEERING","UG","ACCREDITED","3 YEARS W.E.F. 16-09-2011"
"ARUNAI ENGINEERING COLLEGE (TIRUVANNAMALAI)","INFORMATION TECHNOLOGY","UG","ACCREDITED","3 YEARS W.E.F. 16-09-2011"
"ARUNAI ENGINEERING COLLEGE (TIRUVANNAMALAI)","ELECTRICAL AND ELECTRONICS ENGINEERING","UG","ACCREDITED","3 YEARS W.E.F. 16-09-2011"
"ARUNAI ENGINEERING COLLEGE (TIRUVANNAMALAI)","MECHANICAL ENGINEERING","UG","ACCREDITED","3 YEARS W.E.F. 16-09-2011"
"ARUNAI ENGINEERING COLLEGE (TIRUVANNAMALAI)","COMPUTER SCIENCE AND ENGINEERING","UG","ACCREDITED","3 YEARS W.E.F. 16-09-2011"
"ARUNAI ENGINEERING COLLEGE (TIRUVANNAMALAI)","Biotechnology","Under Graduate","ACCREDITED","Academic Year 2022-23, 2023-24 and 2024-25, i.e., upto 30-06-2025"
"ARUNAI ENGINEERING COLLEGE (TIRUVANNAMALAI)","Computer Science and Engineering","Under Graduate","ACCREDITED","Academic Year 2022-23, 2023-24 and 2024-25, i.e., upto 30-06-2025"
"ARUNAI ENGINEERING COLLEGE (TIRUVANNAMALAI)","Biotechnology","Under Graduate","ACCREDITED","Academic Year 2014-15 and 2015-16,i.e., upto 30-06-2016"
"ARUNAI ENGINEERING COLLEGE (TIRUVANNAMALAI)","Chemical Engineering","Under Graduate","ACCREDITED","Academic Year 2014-15 and 2015-16,i.e., upto 30-06-2016"
"ARUNAI ENGINEERING COLLEGE (TIRUVANNAMALAI)","Electronics & Communication Engineering","Under Graduate","ACCREDITED","Academic year 2023-24, 2024-25 and 2025-26, i.e. upto 30-06-2026"
"ARUNAI ENGINEERING COLLEGE (TIRUVANNAMALAI)","Information Technology","Under Graduate","ACCREDITED","Academic Years 2023-24, 2024-25 and 2025-26, i.e., upto 30/06/2026"
"ARUNAI ENGINEERING COLLEGE (TIRUVANNAMALAI)","Electrical and Electronics Engineering","Under Graduate","ACCREDITED","Academic year 2023-24, 2024-25 and 2025-26, i.e. upto 30-06-2026"
"AVC COLLEGE OF ENGINEERING (MAYILADUTHURAI)","Mechanical Engineering","Under Graduate","ACCREDITED","Academic Year 2022-23, 2023-24 and 2024-25, i.e., upto 30-06-2025"
"AVC COLLEGE OF ENGINEERING (MAYILADUTHURAI)","Computer Science and Engineering","Under Graduate","ACCREDITED","Academic Year 2022-23, 2023-24 and 2024-25, i.e., upto 30-06-2025"
"AVC COLLEGE OF ENGINEERING (MAYILADUTHURAI)","Electrical & Electronics Engineering","Under Graduate","ACCREDITED","Academic Year 2022-23, 2023-24 and 2024-25, i.e., upto 30-06-2025"
"AVC COLLEGE OF ENGINEERING (MAYILADUTHURAI)","Electronics & Communication Engineering","Under Graduate","ACCREDITED","Academic Year 2022-23, 2023-24 and 2024-25, i.e., upto 30-06-2025"
"AVC COLLEGE OF ENGINEERING (MAYILADUTHURAI)","ELECTRONICS AND COMMUNICATION ENGINEERING","UG","ACCREDITED","3 YEARS W.E.F. 15-3-2012"
"AVC COLLEGE OF ENGINEERING (MAYILADUTHURAI)","INFORMATION TECHNOLOGY","UG","ACCREDITED","3 YEARS W.E.F. 15-3-2012"
"B.S. ABDUR RAHMAN UNIVERSITY (CHENNAI)","COMPUTER SCIENCE AND ENGINEERING","UG","ACCREDITED","3 YEARS W.E.F. 06-08-2002"
"B.S. ABDUR RAHMAN UNIVERSITY (CHENNAI)","INSTRUMENTATION AND CONTROL ENGINEERING","UG","ACCREDITED","3 YEARS W.E.F. 06-08-2002"
"B.S. ABDUR RAHMAN UNIVERSITY (CHENNAI)","POLYMER TECHNOLOGY","UG","ACCREDITED","5 YEARS W.E.F. 06-08-2002"
"B.S. ABDUR RAHMAN UNIVERSITY (CHENNAI)","MECHANICAL ENGINEERING","UG","ACCREDITED","3 YEARS W.E.F. 30-03-2006"
"B.S. ABDUR RAHMAN UNIVERSITY (CHENNAI)","ELECTRICAL AND ELECTRONICS ENGINEERING","UG","ACCREDITED","3 YEARS W.E.F. 30-03-2006"
"B.S. ABDUR RAHMAN UNIVERSITY (CHENNAI)","ELECTRONICS AND COMMUNICATION ENGINEERING","UG","ACCREDITED","3 YEARS W.E.F. 30-03-2006"
"B.S. ABDUR RAHMAN UNIVERSITY (CHENNAI)","INFORMATION TECHNOLOGY","UG","ACCREDITED","3 YEARS W.E.F. 27-07-2006"
"B.S. ABDUR RAHMAN UNIVERSITY (CHENNAI)","INSTRUMENTATION AND CONTROL ENGINEERING","UG","ACCREDITED","5 YEARS W.E.F. 27-07-2006"
"B.S. ABDUR RAHMAN UNIVERSITY (CHENNAI)","POLYMER TECHNOLOGY","UG","ACCREDITED","5 YEARS W.E.F. 19-07-2008"
"BANNARI AMMAN INSTITUTE OF TECHNOLOGY (ERODE)","MECHANICAL ENGINEERING","UG","ACCREDITED","3 YEARS W.E.F.7-5-2003"
"BANNARI AMMAN INSTITUTE OF TECHNOLOGY (ERODE)","TEXTILE TECHNOLOGY","UG","ACCREDITED","3 YEARS W.E.F.7-5-2003"
"BANNARI AMMAN INSTITUTE OF TECHNOLOGY (ERODE)","ELECTRICAL AND ELECTRONICS ENGINEERING","UG","ACCREDITED","3 YEARS W.E.F.11-6-2004"
"BANNARI AMMAN INSTITUTE OF TECHNOLOGY (ERODE)","ELECTRONICS AND COMMUNICATION ENGINEERING","UG","ACCREDITED","3 YEARS W.E.F.31-3-2006"
"BANNARI AMMAN INSTITUTE OF TECHNOLOGY (ERODE)","COMPUTER SCIENCE AND ENGINEERING","UG","ACCREDITED","3 YEARS W.E.F.31-3-2006"
"BANNARI AMMAN INSTITUTE OF TECHNOLOGY (ERODE)","INFORMATION TECHNOLOGY","UG","ACCREDITED","3 YEARS W.E.F.31-3-2006"
"BANNARI AMMAN INSTITUTE OF TECHNOLOGY (ERODE)","MECHANICAL ENGINEERING","UG","ACCREDITED","3 YEARS W.E.F.16-3-2007"
"BANNARI AMMAN INSTITUTE OF TECHNOLOGY (ERODE)","TEXTILE TECHNOLOGY","UG","ACCREDITED","3 YEARS W.E.F.16-3-2007"
"BANNARI AMMAN INSTITUTE OF TECHNOLOGY (ERODE)","CIVIL ENGINEERING","UG","ACCREDITED","3 YEARS W.E.F.13-2-2009"
"BANNARI AMMAN INSTITUTE OF TECHNOLOGY (ERODE)","ELECTRICAL AND ELECTRONICS ENGINEERING","UG","ACCREDITED","3 YEARS W.E.F.13-2-2009"
"BANNARI AMMAN INSTITUTE OF TECHNOLOGY (ERODE)","BIOTECHNOLOGY","UG","ACCREDITED","5 YEARS W.E.F.13-12-2011"
"BANNARI AMMAN INSTITUTE OF TECHNOLOGY (ERODE)","ELECTRONICS AND COMMUNICATION ENGINEERING","UG","ACCREDITED","5 YEARS W.E.F.13-12-2011"
"BANNARI AMMAN INSTITUTE OF TECHNOLOGY (ERODE)","COMPUTER SCIENCE AND ENGINEERING","UG","ACCREDITED","5 YEARS W.E.F.13-12-2011"
"BANNARI AMMAN INSTITUTE OF TECHNOLOGY (ERODE)","INFORMATION TECHNOLOGY","UG","ACCREDITED","3 YEARS W.E.F.13-12-2011"
"BANNARI AMMAN INSTITUTE OF TECHNOLOGY (ERODE)","MECHANICAL ENGINEERING","UG","ACCREDITED","5 YERAS W.E.F. 4-1-2013"
"BANNARI AMMAN INSTITUTE OF TECHNOLOGY (ERODE)","TEXTILE TECHNOLOGY","UG","ACCREDITED","5 YERAS W.E.F. 4-1-2013"
"BANNARI AMMAN INSTITUTE OF TECHNOLOGY (ERODE)","TEXTILE TECHNOLOGY (FASHION TECHNOLOGY)","UG","ACCREDITED","5 YERAS W.E.F. 4-1-2013"
"Bharath Institute of Science & Technology (Chennai)","CIVIL ENGINEERING","UG","ACCREDITED","5 years w.e.f 24.04.2002"
"Bharath Institute of Science & Technology (Chennai)","COMPUTER SCIENCE AND ENGINEERING","UG","ACCREDITED","3 years w.e.f 24.04.2002"
"Bharath Institute of Science & Technology (Chennai)","MECHANICAL ENGINEERING","UG","ACCREDITED","3 years w.e.f 24.04.2002"
"Bharath Institute of Science & Technology (Chennai)","ELECTRICAL AND ELECTRONICS ENGINEERING","UG","ACCREDITED","3 years w.e.f. 06-08-2002"
"Bharath Institute of Science & Technology (Chennai)","ELECTRONICS AND COMMUNICATION ENGINEERING","UG","ACCREDITED","3 years w.e.f. 06-08-2002"
"Bharath Institute of Science & Technology (Chennai)","INSTRUMENTATION AND CONTROL ENGINEERING","UG","ACCREDITED","3 years w.e.f. 06-08-2002"
"Bharath Institute of Science & Technology (Chennai)","LEATHER TECHNOLOGY","UG","ACCREDITED","3 years w.e.f. 06-08-2002"
"BUILDERS ENGINEERING COLLEGE (Erode)","Mechanical Engineering","Under Graduate","ACCREDITED","Academic Year 2024-25, 2025-26 and 2026-27, i.e., upto 30/06/2027"
"BUILDERS ENGINEERING COLLEGE (Erode)","Civil Engineering","Under Graduate","ACCREDITED","Academic Year 2024-25, 2025-26 and 2026-27, i.e., upto 30/06/2027"
"BUILDERS ENGINEERING COLLEGE (Erode)","Computer Science and Engineering","Under Graduate","ACCREDITED","Academic Year 2024-25, 2025-26 and 2026-27, i.e., upto 30/06/2027"
"BUILDERS ENGINEERING COLLEGE (Erode)","Electrical & Electronics Engineering","Under Graduate","ACCREDITED","Academic Year 2024-25, 2025-26 and 2026-27, i.e., upto 30/06/2027"
"BUILDERS ENGINEERING COLLEGE (Erode)","Electronics & Communication Engineering","Under Graduate","ACCREDITED","Academic Year 2024-25, 2025-26 and 2026-27, i.e., upto 30/06/2027"
"C.ABDUL HAKEEM COLLEGE OF ENGINEERING AND TECHNOLOGY (VILLORE)","MECHANICAL ENGINEERING","UG","ACCREDITED","3 YEARS W.E.F. 04-05-2007"
"C.ABDUL HAKEEM COLLEGE OF ENGINEERING AND TECHNOLOGY (VILLORE)","ELECTRONICS AND COMMUNICATION ENGINEERING","UG","ACCREDITED","3 YEARS W.E.F. 04-05-2007"
"C.ABDUL HAKEEM COLLEGE OF ENGINEERING AND TECHNOLOGY (VILLORE)","COMPUTER SCIENCE AND ENGINEERING","UG","ACCREDITED","3 YEARS W.E.F. 04-05-2007"
"C.ABDUL HAKEEM COLLEGE OF ENGINEERING AND TECHNOLOGY (VILLORE)","ELECTRICAL AND ELECTRONICS ENGINEERING","UG","ACCREDITED","3 YEARS W.E.F. 19-07-2008"
"C.ABDUL HAKEEM COLLEGE OF ENGINEERING AND TECHNOLOGY (VILLORE)","INFORMATION TECHNOLOGY","UG","ACCREDITED","3 YEARS W.E.F. 19-07-2008"
"C.ABDUL HAKEEM COLLEGE OF ENGINEERING AND TECHNOLOGY (VILLORE)","MECHANICAL ENGINEERING","UG","ACCREDITED","2 YEARS W.E.F. 05-08-2013"
"C.ABDUL HAKEEM COLLEGE OF ENGINEERING AND TECHNOLOGY (VILLORE)","ELECTRONICS AND COMMUNICATION ENGINEERING","UG","ACCREDITED","2 YEARS W.E.F. 05-08-2013"
"C.ABDUL HAKEEM COLLEGE OF ENGINEERING AND TECHNOLOGY (VILLORE)","COMPUTER SCIENCE AND ENGINEERING","UG","ACCREDITED","2 YEARS W.E.F. 05-08-2013"
"C.ABDUL HAKEEM COLLEGE OF ENGINEERING AND TECHNOLOGY (VILLORE)","ELECTRICAL AND ELECTRONICS ENGINEERING","UG","ACCREDITED","2 YEARS W.E.F. 01-07-2014"
"C.ABDUL HAKEEM COLLEGE OF ENGINEERING AND TECHNOLOGY (VILLORE)","INFORMATION TECHNOLOGY","UG","ACCREDITED","2 YEARS W.E.F. 01-07-2014"
"C.ABDUL HAKEEM COLLEGE OF ENGINEERING AND TECHNOLOGY (VILLORE)","Information Technology","Under Graduate","ACCREDITED","Academic Year 020-21, 2021-22 and 2022-23, i.e., upto 30-06-2023; Further Accredited for Academic Year 2023-24, 2024-25 and 2025-26, i.e., upto 30/06/2026"
"C.ABDUL HAKEEM COLLEGE OF ENGINEERING AND TECHNOLOGY (VILLORE)","Electronics & Communication Engineering","Under Graduate","ACCREDITED","Academic Year 2020-21, 2021-22 and 2022-23, i.e., upto 30-06-2023"
"C.ABDUL HAKEEM COLLEGE OF ENGINEERING AND TECHNOLOGY (VILLORE)","Mechanical Engineering","Under Graduate","ACCREDITED","Academic Year 2020-21, 2021-22 and 2022-23, i.e., upto 30-06-2023"
"CARE College of Engineering (Tiruchirappalli)","Computer Science and Engineering","Under Graduate","ACCREDITED","Academic Year 2024-25, 2025-26 and 2026-27, i.e., upto 30/06/2027"
"CARE College of Engineering (Tiruchirappalli)","Electronics & Communication Engineering","Under Graduate","ACCREDITED","Academic Year 2024-25, 2025-26 and 2026-27, i.e., upto 30/06/2027"
"CARE College of Engineering (Tiruchirappalli)","Mechanical Engineering","Under Graduate","ACCREDITED","Academic Year 2024-25, 2025-26 and 2026-27, i.e., upto 30/06/2027"
"Chennai Institute of Technology (Kancheepuram)","Mechanical Engineering","Under Graduate","ACCREDITED","Academic Year 2024-25, 2025-26, 2026-27, 2027-28, 2028-29 and 2029-30, i.e., 30-06-2030"
"Chennai Institute of Technology (Kancheepuram)","Mechatronics Engineering","Under Graduate","ACCREDITED","Academic Year 2024-25, 2025-26 and 2026-27, i.e., upto 30/06/2027"
"Chennai Institute of Technology (Kancheepuram)","Computer Science and Engineering","Under Graduate","ACCREDITED","Academic Year 2024-25, 2025-26 and 2026-27, i.e., upto 30/06/2027"
"Chennai Institute of Technology (Kancheepuram)","Mechanical Engineering","Under Graduate","ACCREDITED","Academic Year 2021-22, 2022-23 and 2023-24, i.e. upto 30-06-2024"
"Chennai Institute of Technology (Kancheepuram)","Mechatronics Engineering","Under Graduate","ACCREDITED","Academic Year 2021-22, 2022-23 and 2023-24, i.e. upto 30-06-2024"
"Chennai Institute of Technology (Kancheepuram)","Electrical & Electronics Engineering","Under Graduate","ACCREDITED","Academic Year 2021-22, 2022-23, 2023-24, 2024-25, 2025-26 and 2026-27, i.e. upto 30-06-2027"
"Chennai Institute of Technology (Kancheepuram)","Electronics & Communication Engineering","Under Graduate","ACCREDITED","Academic Year 2021-22, 2022-23, 2023-24, 2024-25, 2025-26 and 2026-27, i.e. upto 30-06-2027"
"Chennai Institute of Technology (Kancheepuram)","Computer Science and Engineering","Under Graduate","ACCREDITED","Academic Year 2021-22, 2022-23 and 2023-24, i.e. upto 30-06-2024"
"Chennai Institute of Technology (Kancheepuram)","Electrical & Electronics Engineering","Under Graduate","ACCREDITED","Academic Year 2018-19, 2019-20 and 2020-21, i.e., upto 30-06-2021"
"Chennai Institute of Technology (Kancheepuram)","Electronics & Communication Engineering","Under Graduate","ACCREDITED","Academic Year 2018-19, 2019-20 and 2020-21, i.e., upto 30-06-2021"
"Chennai Institute of Technology (Kancheepuram)","Mechanical Engineering","Under Graduate","ACCREDITED","Academic Year 2018-19, 2019-20 and 2020-21, i.e., upto 30-06-2021"
"Chennai Institute of Technology (Kancheepuram)","Computer Science and Engineering","Under Graduate","ACCREDITED","Academic Year 2018-19, 2019-20 and 2020-21, i.e., upto 30-06-2021"
"Chennai Institute of Technology (Kancheepuram)","Civil Engineering","Under Graduate","ACCREDITED","Academic year 2023-24, 2024-25 and 2025-26, i.e. upto 30-06-2026"
"COIMBATORE INSTITUTE OF TECHNOLOGY (COIMBATORE)","CIVIL ENGINEERING","UG","ACCREDITED","3 YEARS W.E.F. 12-01-2005"
"COIMBATORE INSTITUTE OF TECHNOLOGY (COIMBATORE)","MECHANICAL ENGINEERING","UG","ACCREDITED","3 YEARS W.E.F. 12-01-2005"
"COIMBATORE INSTITUTE OF TECHNOLOGY (COIMBATORE)","ELECTRICAL AND ELECTRONICS ENGINEERING","UG","ACCREDITED","3 YEARS W.E.F. 12-01-2005"
"COIMBATORE INSTITUTE OF TECHNOLOGY (COIMBATORE)","CHEMICAL ENGINEERING","UG","ACCREDITED","3 YEARS W.E.F. 12-01-2005"
"COIMBATORE INSTITUTE OF TECHNOLOGY (COIMBATORE)","ELECTRONICS AND COMMUNICATION ENGINEERING","UG","ACCREDITED","3 YEARS W.E.F. 12-01-2005"
"COIMBATORE INSTITUTE OF TECHNOLOGY (COIMBATORE)","COMPUTER SCIENCE AND ENGINEERING","UG","ACCREDITED","3 YEARS W.E.F. 12-01-2005"
"COIMBATORE INSTITUTE OF TECHNOLOGY (COIMBATORE)","CIVIL ENGINEERING","UG","ACCREDITED","3 YEARS W.E.F. 10-02-2009"
"COIMBATORE INSTITUTE OF TECHNOLOGY (COIMBATORE)","MECHANICAL ENGINEERING","UG","ACCREDITED","3 YEARS W.E.F. 10-02-2009"
"COIMBATORE INSTITUTE OF TECHNOLOGY (COIMBATORE)","ELECTRICAL AND ELECTRONICS ENGINEERING","UG","ACCREDITED","5 YEARS W.E.F. 10-02-2009"
"COIMBATORE INSTITUTE OF TECHNOLOGY (COIMBATORE)","CHEMICAL ENGINEERING","UG","ACCREDITED","3 YEARS W.E.F. 10-02-2009"
"COIMBATORE INSTITUTE OF TECHNOLOGY (COIMBATORE)","COMPUTER SCIENCE AND ENGINEERING","UG","ACCREDITED","3 YEARS W.E.F. 10-02-2009"
"COIMBATORE INSTITUTE OF TECHNOLOGY (COIMBATORE)","INFORMATION TECHNOLOGY","UG","ACCREDITED","3 YEARS W.E.F. 10-02-2009"
"COIMBATORE INSTITUTE OF TECHNOLOGY (COIMBATORE)","ELECTRONICS AND COMMUNICATION ENGINEERING","UG","ACCREDITED","3 YEARS W.E.F. 10-02-2009"
"College of Engineering, Guindy (Chennai)","CIVIL ENGINEERING","UG","ACCREDITED","5 Years w.e.f. 20-07-2005"
"College of Engineering, Guindy (Chennai)","MECHANICAL ENGINEERING","UG","ACCREDITED","5 Years w.e.f. 20-07-2005"
"College of Engineering, Guindy (Chennai)","PRINTING TECHNOLOGY","UG","ACCREDITED","5 Years w.e.f. 20-07-2005"
"College of Engineering, Guindy (Chennai)","ELECTRICAL AND ELECTRONICS ENGINEERING","UG","ACCREDITED","5 Years w.e.f. 20-07-2005"
"College of Engineering, Guindy (Chennai)","ELECTRONICS AND COMMUNICATION ENGINEERING","UG","ACCREDITED","5 Years w.e.f. 20-07-2005"
"College of Engineering, Guindy (Chennai)","COMPUTER SCIENCE AND ENGINEERING","UG","ACCREDITED","5 Years w.e.f. 20-07-2005"
"College of Engineering, Guindy (Chennai)","INDUSTRIAL ENGINEERING","UG","ACCREDITED","3 Years w.e.f. 20-07-2005"
"College of Engineering, Guindy (Chennai)","Geo-Informatics","UG","ACCREDITED","5 Years w.e.f. 20-07-2005"
"College of Engineering, Guindy (Chennai)","Mining Engineering","UG","ACCREDITED","3 Years w.e.f. 13-03-2009"
"College of Engineering, Guindy (Chennai)","MANUFACTURING ENGINEERING","UG","ACCREDITED","3 Years w.e.f. 13-03-2009"
"College of Engineering, Guindy (Chennai)","INFORMATION TECHNOLOGY","UG","ACCREDITED","3 Years w.e.f. 13-03-2009"
"College of Engineering, Guindy (Chennai)","POWER SYSTEMS","UG","ACCREDITED","5 Years w.e.f. 15-03-2012"
"CSI COLLEGE OF ENGINEERING (NEAREST TOWN OOTY)","MECHANICAL ENGINEERING","UG","ACCREDITED","3 YEARS W.E.F.5-5-2009"
"CSI COLLEGE OF ENGINEERING (NEAREST TOWN OOTY)","ELECTRICAL AND ELECTRONICS ENGINEERING","UG","ACCREDITED","3 YEARS W.E.F.5-5-2009"
"CSI COLLEGE OF ENGINEERING (NEAREST TOWN OOTY)","COMPUTER SCIENCE AND ENGINEERING","UG","ACCREDITED","3 YEARS W.E.F.5-5-2009"
"CSI COLLEGE OF ENGINEERING (NEAREST TOWN OOTY)","INFORMATION TECHNOLOGY","UG","ACCREDITED","3 YEARS W.E.F.5-5-2009"
"CSIR -Central Electrochemical Research Institute (Sivaganga)","Chemical and Electrochemical Engineering","Under Graduate","ACCREDITED","Academic Year 2022-23, 2023-24, 2024-25, 2025-26, 2026-27 and 2027-28, i.e., upto 30-06-2028"
"DHANALAKSHMI COLLEGE OF ENGINEERING (Kancheepuram)","Computer Science and Engineering","Under Graduate","ACCREDITED","Academic Year 2016-17, 2017-18 and 2018-19, i.e., upto 30-06-2019; Further accredited from Academic Year 2019-20, 2020-21 and 2021-22, i.e., upto 30-06-2022"
"DHANALAKSHMI COLLEGE OF ENGINEERING (Kancheepuram)","Electrical & Electronics Engineering","Under Graduate","ACCREDITED","Academic Year 2016-17, 2017-18 and 2018-19, i.e., upto 30-06-2019"
"DHANALAKSHMI COLLEGE OF ENGINEERING (Kancheepuram)","Electronics & Communication Engineering","Under Graduate","ACCREDITED","Academic Year 2016-17, 2017-18 and 2018-19, i.e., upto 30-06-2019; Further accredited from Academic Year 2019-20, 2020-21 and 2021-22, i.e., upto 30-06-2022"
"DHANALAKSHMI COLLEGE OF ENGINEERING (Kancheepuram)","Information Technology","Under Graduate","ACCREDITED","Academic year 2016-17 and 2017-18, i.e., upto 30-06-2018"
"Dhanalakshmi College of Engineering, Chennai (Chennai)","COMPUTER SCIENCE AND ENGINEERING","UG","ACCREDITED","3 years w.e.f 16.04.2009"
"Dhanalakshmi College of Engineering, Chennai (Chennai)","ELECTRICAL AND ELECTRONICS ENGINEERING","UG","ACCREDITED","3 years w.e.f 16.04.2009"
"Dhanalakshmi College of Engineering, Chennai (Chennai)","INFORMATION TECHNOLOGY","UG","ACCREDITED","3 years w.e.f 16.04.2009"
"Dhanalakshmi College of Engineering, Chennai (Chennai)","ELECTRONICS AND COMMUNICATION ENGINEERING","UG","ACCREDITED","3 years w.e.f 16.04.2009"
"DHANALAKSHMI SRINIVASAN COLLEGE OF ENGINEERING (Coimbotore)","Civil Engineering","Under Graduate","ACCREDITED","Academic Year 2020-21, 2021-22 and 2022-23, i.e., upto 30-06-2023. Further Accredited for Academic Year 2023-24, 2024-25 and 2025-26, i.e., upto 30-06-2026"
"DHANALAKSHMI SRINIVASAN COLLEGE OF ENGINEERING (Coimbotore)","Mechanical Engineering","Under Graduate","ACCREDITED","Academic Year 2020-21, 2021-22 and 2022-23, i.e., upto 30-06-2023. Further Accredited for Academic Year 2023-24, 2024-25 and 2025-26, i.e., upto 30-06-2026"
"DHANALAKSHMI SRINIVASAN COLLEGE OF ENGINEERING (Coimbotore)","Computer Science and Engineering","Under Graduate","ACCREDITED","Academic Year 2018-19, 2019-20, 2020-21 and 2021-22, i.e., upto 30-06-2022; Further Accredited for Academic Year 2022-23, 2023-24 and 2024-25, i.e., upto 30/06/2025"
"DHANALAKSHMI SRINIVASAN COLLEGE OF ENGINEERING (Coimbotore)","Electrical & Electronics Engineering","Under Graduate","ACCREDITED","Academic Year 2018-19, 2019-20, 2020-21 and 2021-22, i.e., upto 30-06-2022; Further Accredited for Academic Year 2022-23, 2023-24 and 2024-25, i.e., upto 30/06/2025"
"DHANALAKSHMI SRINIVASAN COLLEGE OF ENGINEERING (Coimbotore)","Electronics & Communication Engineering","Under Graduate","ACCREDITED","Academic Year 2020-21, 2021-22 and 2022-23, i.e., upto 30-06-2023. Further Accredited for Academic Year 2023-24, 2024-25 and 2025-26, i.e., upto 30-06-2026"
"DHANALAKSHMI SRINIVASAN COLLEGE OF ENGINEERING AND TECHNOLOGY (CHENNAI)","Mechanical Engineering","Under Graduate","ACCREDITED","Accredited for Academic Year 2023-24, 2024-25 and 2025-26, i.e., upto 30-06-2026"
"DHANALAKSHMI SRINIVASAN COLLEGE OF ENGINEERING AND TECHNOLOGY (CHENNAI)","Information Technology","Under Graduate","ACCREDITED","Accredited for Academic Year 2023-24, 2024-25 and 2025-26, i.e., upto 30-06-2026"
"DHANALAKSHMI SRINIVASAN COLLEGE OF ENGINEERING AND TECHNOLOGY (CHENNAI)","Aeronautical Engineering","Under Graduate","ACCREDITED","Accredited for Academic Year 2023-24, 2024-25 and 2025-26, i.e., upto 30-06-2026"
"DHANALAKSHMI SRINIVASAN COLLEGE OF ENGINEERING AND TECHNOLOGY (CHENNAI)","Computer Science and Engineering","Under Graduate","ACCREDITED","Academic Year 2018-19, 2019-20, 2020-21 and 2021-22, i.e., upto 30-06-2022; Further Accredited for Academic Year 2022-23, 2023-24 and 2024-25, i.e., upto 30/06/2025"
"DHANALAKSHMI SRINIVASAN COLLEGE OF ENGINEERING AND TECHNOLOGY (CHENNAI)","Electrical & Electronics Engineering","Under Graduate","ACCREDITED","Academic Year 2018-19, 2019-20, 2020-21 and 2021-22, i.e., upto 30-06-2022; Further Accredited for Academic Year 2022-23, 2023-24 and 2024-25, i.e., upto 30/06/2025"
"DHANALAKSHMI SRINIVASAN COLLEGE OF ENGINEERING AND TECHNOLOGY (CHENNAI)","Electronics & Communication Engineering","Under Graduate","ACCREDITED","Academic Year 2018-19, 2019-20, 2020-21 and 2021-22, i.e., upto 30-06-2022; Further Accredited for Academic Year 2022-23, 2023-24 and 2024-25, i.e., upto 30/06/2025"
"Dhanalakshmi Srinivasan Engineering College (Perambalur)","Aeronautical Engineering","Under Graduate","ACCREDITED","Accredited for Academic Year 2024-25, 2025-26 and 2026-27, i.e., upto 30/06/2027"
"Dhanalakshmi Srinivasan Engineering College (Perambalur)","Computer Science and Engineering","Under Graduate","ACCREDITED","Accredited for Academic Year 2024-25, 2025-26 and 2026-27, i.e., upto 30/06/2027"
"Dhanalakshmi Srinivasan Engineering College (Perambalur)","Information Technology","Under Graduate","ACCREDITED","Accredited for Academic Year 2024-25, 2025-26 and 2026-27, i.e., upto 30/06/2027"
"Dhanalakshmi Srinivasan Engineering College (Perambalur)","Mechanical Engineering","Under Graduate","ACCREDITED","Accredited for Academic Year 2024-25, 2025-26 and 2026-27, i.e., upto 30/06/2027"
"Dhanalakshmi Srinivasan Engineering College (Perambalur)","Electronics & Communication Engineering","Under Graduate","ACCREDITED","Academic Year 2018-19, 2019-20, 2020-21 and 2021-22, i.e., upto 30-06-2022; Further Accredited for Academic Year 2022-23, 2023-24 and 2024-25, i.e., upto 30/06/2025"
"Dhanalakshmi Srinivasan Engineering College (Perambalur)","Biomedical Engineering","Under Graduate","ACCREDITED","Academic Year 2018-19, 2019-20, 2020-21 and 2021-22, i.e., upto 30-06-2022; Further Accredited for Academic Year 2022-23, 2023-24 and 2024-25, i.e., upto 30/06/2025"
"Dhanalakshmi Srinivasan Engineering College (Perambalur)","Electrical & Electronics Engineering","Under Graduate","ACCREDITED","Academic Year 2018-19, 2019-20, 2020-21 and 2021-22, i.e., upto 30-06-2022; Further Accredited for Academic Year 2022-23, 2023-24 and 2024-25, i.e., upto 30/06/2025"
"DHANALAKSHMI SRINIVASAN INSTITUTE OF TECHNOLOGY (Tiruchirappalli)","Biomedical Engineering","Under Graduate","ACCREDITED","Academic Year 2020-21, 2021-22 and 2022-23, i.e., upto 30-06-2023"
"DHANALAKSHMI SRINIVASAN INSTITUTE OF TECHNOLOGY (Tiruchirappalli)","Electronics & Communication Engineering","Under Graduate","ACCREDITED","Academic Year 2020-21, 2021-22 and 2022-23, i.e., upto 30-06-2023"
"Dhanlakshmi Srinivasan Engineering College (Perambaur)","ELECTRICAL AND ELECTRONICS ENGINEERING","UG","ACCREDITED","3 Years w.e.f. 10-07-2009"
"Dhanlakshmi Srinivasan Engineering College (Perambaur)","INFORMATION TECHNOLOGY","UG","ACCREDITED","3 Years w.e.f. 10-07-2009"
"Dhanlakshmi Srinivasan Engineering College (Perambaur)","COMPUTER SCIENCE AND ENGINEERING","UG","ACCREDITED","3 Years w.e.f. 12-09-2007"
"Dhanlakshmi Srinivasan Engineering College (Perambaur)","ELECTRONICS AND COMMUNICATION ENGINEERING","UG","ACCREDITED","3 Years w.e.f. 12-09-2007"
"DMI COLLEGE OF ENGINEERING (CHENNAI)","Computer Science and Engineering","Under Graduate","ACCREDITED","Academic Year 2018-19, 2019-20, 2020-21 and 2021-22, i.e., upto 30-06-2022; Further accredited for 2022-23, 2023-24 and 2024-25, i.e., upto 30/06/2025"
"DMI COLLEGE OF ENGINEERING (CHENNAI)","Electronics & Communication Engineering","Under Graduate","ACCREDITED","Academic Year 2018-19, 2019-20, 2020-21 and 2021-22, i.e., upto 30-06-2022; Further accredited for 2022-23, 2023-24 and 2024-25, i.e., upto 30/06/2025"
"DMI COLLEGE OF ENGINEERING (CHENNAI)","Mechanical Engineering","Under Graduate","ACCREDITED","Academic Year 2018-19, 2019-20, 2020-21 and 2021-22, i.e., upto 30-06-2022; Further accredited for 2022-23, 2023-24 and 2024-25, i.e., upto 30/06/2025"
"DMI COLLEGE OF ENGINEERING (CHENNAI)","ELECTRICAL AND ELECTRONICS ENGINEERING","UG","ACCREDITED","3 YEARS W.E.F.16-4-2009"
"DMI COLLEGE OF ENGINEERING (CHENNAI)","COMPUTER SCIENCE AND ENGINEERING","UG","ACCREDITED","3 YEARS W.E.F.16-4-2009"
"DMI COLLEGE OF ENGINEERING (CHENNAI)","ELECTRONICS AND COMMUNICATION ENGINEERING","UG","ACCREDITED","3 YEARS W.E.F.16-4-2009"
"Dr G U Pope College of Engineering (Thoothkudi)","Computer Science and Engineering","Under Graduate","ACCREDITED","Academic year 2023-24, 2024-25 and 2025-26, i.e. upto 30-06-2026"
"DR. M.G.R. ENGINEERING COLLEGE (Tiruvallur)","CHEMICAL ENGINEERING","UG","ACCREDITED","3 YEARS W.E.F.24-4-2002"
"DR. M.G.R. ENGINEERING COLLEGE (Tiruvallur)","ELECTRONICS AND COMMUNICATION ENGINEERING","UG","ACCREDITED","3 YEARS W.E.F.24-4-2002"
"DR. M.G.R. ENGINEERING COLLEGE (Tiruvallur)","PRODUCTION ENGINEERING","UG","ACCREDITED","3 YEARS W.E.F.24-4-2002"
"DR. M.G.R. ENGINEERING COLLEGE (Tiruvallur)","INSTRUMENTATION AND CONTROL ENGINEERING","UG","ACCREDITED","3 YEARS W.E.F.6-8-2002"
"DR. M.G.R. ENGINEERING COLLEGE (Tiruvallur)","MECHANICAL ENGINEERING","UG","ACCREDITED","3 YEARS W.E.F.6-8-2002"
"DR. M.G.R. ENGINEERING COLLEGE (Tiruvallur)","ELECTRICAL AND ELECTRONICS ENGINEERING","UG","ACCREDITED","3 YEARS W.E.F.6-8-2002"
"DR. M.G.R. ENGINEERING COLLEGE (Tiruvallur)","COMPUTER SCIENCE AND ENGINEERING","UG","ACCREDITED","5 YEARS W.E.F.6-8-2002"
"DR.MAHALINGAM COLLEGE OF ENGINEERING AND TECHNOLOGY (POLLACHI)","COMPUTER SCIENCE AND ENGINEERING","UG","ACCREDITED","3 YEARS W.E.F.4-5-2007"
"DR.MAHALINGAM COLLEGE OF ENGINEERING AND TECHNOLOGY (POLLACHI)","ELECTRICAL AND ELECTRONICS ENGINEERING","UG","ACCREDITED","3 YEARS W.E.F.4-5-2007"
"DR.MAHALINGAM COLLEGE OF ENGINEERING AND TECHNOLOGY (POLLACHI)","MECHANICAL ENGINEERING","UG","ACCREDITED","3 YEARS W.E.F.4-5-2007"
"DR.MAHALINGAM COLLEGE OF ENGINEERING AND TECHNOLOGY (POLLACHI)","ELECTRICAL AND ELECTRONICS ENGINEERING","UG","ACCREDITED","3 YEARS W.E.F.10-2-2009"
"DR.MAHALINGAM COLLEGE OF ENGINEERING AND TECHNOLOGY (POLLACHI)","INFORMATION TECHNOLOGY","UG","ACCREDITED","3 YEARS W.E.F.10-2-2009"
"DR.MAHALINGAM COLLEGE OF ENGINEERING AND TECHNOLOGY (POLLACHI)","MECHANICAL ENGINEERING","UG","ACCREDITED","2 YEARS W.E.F. 18-09-2013"
"DR.MAHALINGAM COLLEGE OF ENGINEERING AND TECHNOLOGY (POLLACHI)","COMPUTER SCIENCE AND ENGINEERING","UG","ACCREDITED","2 YEARS W.E.F. 18-09-2013"
"DR.MAHALINGAM COLLEGE OF ENGINEERING AND TECHNOLOGY (POLLACHI)","ELECTRONICS AND COMMUNICATION ENGINEERING","UG","ACCREDITED","2 YEARS W.E.F. 18-09-2013"
"DR.MAHALINGAM COLLEGE OF ENGINEERING AND TECHNOLOGY (POLLACHI)","ELECTRICAL AND ELECTRONICS ENGINEERING","UG","ACCREDITED","2 YEARS W.E.F. 08-11-2013"
"DR.MAHALINGAM COLLEGE OF ENGINEERING AND TECHNOLOGY (POLLACHI)","INFORMATION TECHNOLOGY","UG","ACCREDITED","2 YEARS W.E.F. 08-11-2013"
"DR.MAHALINGAM COLLEGE OF ENGINEERING AND TECHNOLOGY (POLLACHI)","INSTRUMENTATION AND CONTROL ENGINEERING","UG","ACCREDITED","2 YEARS W.E.F. 08-11-2013"
"Dr.N.G.P. Institute of Technology (Coimbotore)","Biomedical Engineering","Under Graduate","ACCREDITED","Academic Year 2018-19, 2019-20, 2020-21 and 2021-22, i.e., upto 30-06-2022; Further Accredited for Academic Year 2022-23, 2023-24 and 2024-25, i.e., upto 30/06/2025"
"Dr.N.G.P. Institute of Technology (Coimbotore)","Computer Science and Engineering","Under Graduate","ACCREDITED","Academic Year 2018-19, 2019-20, 2020-21 and 2021-22, i.e., upto 30-06-2022; Further Accredited for Academic Year 2022-23, 2023-24 and 2024-25, i.e., upto 30/06/2025"
"Dr.N.G.P. Institute of Technology (Coimbotore)","Electrical & Electronics Engineering","Under Graduate","ACCREDITED","Academic Year 2018-19, 2019-20, 2020-21 and 2021-22, i.e., upto 30-06-2022; Further Accredited for Academic Year 2022-23, 2023-24 and 2024-25, i.e., upto 30/06/2025"
"Dr.N.G.P. Institute of Technology (Coimbotore)","Electronics & Communication Engineering","Under Graduate","ACCREDITED","Academic Year 2018-19, 2019-20, 2020-21 and 2021-22, i.e., upto 30-06-2022; Further Accredited for Academic Year 2022-23, 2023-24 and 2024-25, i.e., upto 30/06/2025"
"Dr.N.G.P. Institute of Technology (Coimbotore)","Mechanical Engineering","Under Graduate","ACCREDITED","Academic Year 2018-19, 2019-20, 2020-21 and 2021-22, i.e., upto 30-06-2022; Further Accredited for Academic Year 2022-23, 2023-24 and 2024-25, i.e., upto 30/06/2025"
"DR.SIVANTHI ADITANAR COLLEGE OF ENGINEERING (TIRUCHENDUR)","Computer Science and Engineering","Under Graduate","ACCREDITED","Academic Year 2017-18, 2018-19, 2019-20 and 2020-21, i.e., upto 30-06-2021"
"DR.SIVANTHI ADITANAR COLLEGE OF ENGINEERING (TIRUCHENDUR)","Electrical & Electronics Engineering","Under Graduate","ACCREDITED","Academic Year 2017-18, 2018-19, 2019-20 and 2020-21, i.e., upto 30-06-2021"
"DR.SIVANTHI ADITANAR COLLEGE OF ENGINEERING (TIRUCHENDUR)","Information Technology","Under Graduate","ACCREDITED","Academic Year 2017-18, 2018-19 and 2019-20, i.e., upto 30-06-2020"
"DR.SIVANTHI ADITANAR COLLEGE OF ENGINEERING (TIRUCHENDUR)","Computer Science and Engineering","Under Graduate","ACCREDITED","Academic year 2023-24, 2024-25 and 2025-26, i.e. upto 30-06-2026"
"DR.SIVANTHI ADITANAR COLLEGE OF ENGINEERING (TIRUCHENDUR)","MECHANICAL ENGINEERING","UG","ACCREDITED","3 YEARS W.E.F.19-7-2008"
"DR.SIVANTHI ADITANAR COLLEGE OF ENGINEERING (TIRUCHENDUR)","COMPUTER SCIENCE AND ENGINEERING","UG","ACCREDITED","3 YEARS W.E.F.19-7-2008"
"DR.SIVANTHI ADITANAR COLLEGE OF ENGINEERING (TIRUCHENDUR)","ELECTRONICS AND COMMUNICATION ENGINEERING","UG","ACCREDITED","3 YEARS W.E.F.19-7-2008"
"DR.SIVANTHI ADITANAR COLLEGE OF ENGINEERING (TIRUCHENDUR)","CIVIL ENGINEERING","UG","ACCREDITED","3 YEARS W.E.F.16-9-2011"
"DR.SIVANTHI ADITANAR COLLEGE OF ENGINEERING (TIRUCHENDUR)","ELECTRICAL AND ELECTRONICS ENGINEERING","UG","ACCREDITED","3 YEARS W.E.F.16-9-2011"
"DR.SIVANTHI ADITANAR COLLEGE OF ENGINEERING (TIRUCHENDUR)","INFORMATION TECHNOLOGY","UG","ACCREDITED","3 YEARS W.E.F.16-9-2011"
"DR.SIVANTHI ADITANAR COLLEGE OF ENGINEERING (TIRUCHENDUR)","COMPUTER SCIENCE AND ENGINEERING","UG","ACCREDITED","2 YEARS W.E.F. 28/8/2012"
"DR.SIVANTHI ADITANAR COLLEGE OF ENGINEERING (TIRUCHENDUR)","MECHANICAL ENGINEERING","UG","ACCREDITED","2 YEARS W.E.F. 28/8/2012"
"DR.SIVANTHI ADITANAR COLLEGE OF ENGINEERING (TIRUCHENDUR)","ELECTRONICS AND COMMUNICATION ENGINEERING","UG","ACCREDITED","2 YEARS W.E.F. 28/8/2012"
"E.G.S. PILLAY ENGINEERING COLLEGE (Nagapattinam)","Computer Science and Engineering","Under Graduate","ACCREDITED","Academic Year 2016-17, 2017-18 and 2018-19, i.e., upto 30-06-2019; Further accredited from Academic Year 2019-20, 2020-21 and 2021-22, i.e., upto 30-06-2022"
"E.G.S. PILLAY ENGINEERING COLLEGE (Nagapattinam)","Mechanical Engineering","Under Graduate","ACCREDITED","Academic Year 2016-17, 2017-18 and 2018-19, i.e., upto 30-06-2019; Further accredited from Academic Year 2019-20, 2020-21 and 2021-22, i.e., upto 30-06-2022"
"E.G.S. PILLAY ENGINEERING COLLEGE (Nagapattinam)","Electrical & Electronics Engineering","Under Graduate","ACCREDITED","Academic Year 2016-17, 2017-18 and 2018-19, i.e., upto 30-06-2019; Further accredited from Academic Year 2019-20, 2020-21 and 2021-22, i.e., upto 30-06-2022"
"E.G.S. PILLAY ENGINEERING COLLEGE (Nagapattinam)","Civil Engineering","Under Graduate","ACCREDITED","Academic Year 2019-20, 2020-21 and 2021-22, i.e., upto 30-06-2022"
"E.G.S. PILLAY ENGINEERING COLLEGE (Nagapattinam)","Electronics & Communication Engineering","Under Graduate","ACCREDITED","Academic Year 2019-20, 2020-21 and 2021-22, i.e., upto 30-06-2022"
"E.G.S. PILLAY ENGINEERING COLLEGE (Nagapattinam)","Information Technology","Under Graduate","ACCREDITED","Academic Year 2019-20, 2020-21 and 2021-22, i.e., upto 30-06-2022"
"EASWARI ENGINEERING COLLEGE (CHENNAI)","COMPUTER SCIENCE AND ENGINEERING","UG","ACCREDITED","3 YEARS W.E.F.19-3-2004"
"EASWARI ENGINEERING COLLEGE (CHENNAI)","ELECTRONICS AND COMMUNICATION ENGINEERING","UG","ACCREDITED","3 YEARS W.E.F.19-3-2004"
"EASWARI ENGINEERING COLLEGE (CHENNAI)","ELECTRICAL AND ELECTRONICS ENGINEERING","UG","ACCREDITED","3 YEARS W.E.F.19-3-2004"
"EASWARI ENGINEERING COLLEGE (CHENNAI)","ELECTRONICS AND INSTRUMENTATION ENGINEERING","UG","ACCREDITED","3 YEARS W.E.F.19-3-2004"
"EASWARI ENGINEERING COLLEGE (CHENNAI)","COMPUTER SCIENCE AND ENGINEERING","UG","ACCREDITED","3 YEARS W.E.F.22-1-2008"
"EASWARI ENGINEERING COLLEGE (CHENNAI)","INFORMATION TECHNOLOGY","UG","ACCREDITED","3 YEARS W.E.F.22-1-2008"
"EASWARI ENGINEERING COLLEGE (CHENNAI)","ELECTRONICS AND COMMUNICATION ENGINEERING","UG","ACCREDITED","3 YEARS W.E.F.22-1-2008"
"EASWARI ENGINEERING COLLEGE (CHENNAI)","ELECTRONICS AND INSTRUMENTATION ENGINEERING","UG","ACCREDITED","3 YEARS W.E.F.22-1-2008"
"EASWARI ENGINEERING COLLEGE (CHENNAI)","ELECTRICAL AND ELECTRONICS ENGINEERING","UG","ACCREDITED","3 YEARS W.E.F.22-1-2008"
"EASWARI ENGINEERING COLLEGE (CHENNAI)","MECHANICAL ENGINEERING (SANDWICH)","UG","ACCREDITED","3 YEARS W.E.F.5-5-2009"
"EASWARI ENGINEERING COLLEGE (CHENNAI)","COMPUTER SCIENCE AND ENGINEERING","UG","ACCREDITED","2 YEARS W.E.F. 04-01-2013"
"EASWARI ENGINEERING COLLEGE (CHENNAI)","ELECTRONICS AND COMMUNICATION ENGINEERING","UG","ACCREDITED","2 YEARS W.E.F. 04-01-2013"
"EASWARI ENGINEERING COLLEGE (CHENNAI)","ELECTRONICS AND INSTRUMENTATION ENGINEERING","UG","ACCREDITED","2 YEARS W.E.F. 04-01-2013"
"EASWARI ENGINEERING COLLEGE (CHENNAI)","ELECTRICAL AND ELECTRONICS ENGINEERING","UG","ACCREDITED","2 YEARS W.E.F. 04-01-2013"
"EASWARI ENGINEERING COLLEGE (CHENNAI)","INFORMATION TECHNOLOGY","UG","ACCREDITED","2 YEARS W.E.F. 04-01-2013"
"EASWARI ENGINEERING COLLEGE (CHENNAI)","Computer Science and Engineering","Under Graduate","ACCREDITED","Academic Year 2017-18, 2018-19 and 2019-20, i.e. up to 30-06-2020; Further accredited for Academic Year 2020-21, 2021-22 and 2022-23, i.e. up to 30-06-2023"
"EASWARI ENGINEERING COLLEGE (CHENNAI)","Electrical & Electronics Engineering","Under Graduate","ACCREDITED","Academic Year 2017-18, 2018-19 and 2019-20, i.e. up to 30-06-2020; Further accredited for Academic Year 2020-21, 2021-22 and 2022-23, i.e. up to 30-06-2023"
"EASWARI ENGINEERING COLLEGE (CHENNAI)","Electronics & Communication Engineering","Under Graduate","ACCREDITED","Academic Year 2017-18, 2018-19 and 2019-20, i.e. up to 30-06-2020; Further accredited for Academic Year 2020-21, 2021-22 and 2022-23, i.e. up to 30-06-2023"
"EASWARI ENGINEERING COLLEGE (CHENNAI)","Mechanical Engineering","Under Graduate","ACCREDITED","Academic Year 2017-18, 2018-19 and 2019-20, i.e. up to 30-06-2020; Further accredited for Academic Year 2020-21, 2021-22 and 2022-23, i.e. up to 30-06-2023"
"EASWARI ENGINEERING COLLEGE (CHENNAI)","Civil Engineering","Under Graduate","ACCREDITED","Academic Year 2017-18, 2018-19 and 2019-20, i.e. up to 30-06-2020; Further accredited for Academic Year 2020-21, 2021-22 and 2022-23, i.e. up to 30-06-2023"
"EASWARI ENGINEERING COLLEGE (CHENNAI)","Electronics & Instrumentation Engineering","Under Graduate","ACCREDITED","Academic Year 2017-18, 2018-19 and 2019-20, i.e. up to 30-06-2020; Further accredited for Academic Year 2020-21, 2021-22 and 2022-23, i.e. up to 30-06-2023"
"EASWARI ENGINEERING COLLEGE (CHENNAI)","Information Technology","Under Graduate","ACCREDITED","Academic Year 2017-18, 2018-19 and 2019-20, i.e. up to 30-06-2020; Further accredited for Academic Year 2020-21, 2021-22 and 2022-23, i.e. up to 30-06-2023"
"EASWARI ENGINEERING COLLEGE (CHENNAI)","Automobile Engineering","Under Graduate","ACCREDITED","Academic year 2023-24, 2024-25 and 2025-26, i.e. upto 30-06-2026"
"EASWARI ENGINEERING COLLEGE (CHENNAI)","Civil Engineering","Under Graduate","ACCREDITED","Academic Years 2023-24, 2024-25 and 2025-26, i.e., upto 30/06/2026"
"EASWARI ENGINEERING COLLEGE (CHENNAI)","Mechanical Engineering","Under Graduate","ACCREDITED","Academic year 2023-24, 2024-25 and 2025-26, i.e. upto 30-06-2026"
"EASWARI ENGINEERING COLLEGE (CHENNAI)","Computer Science and Engineering","Under Graduate","ACCREDITED","Academic year 2023-24, 2024-25 and 2025-26, i.e. upto 30-06-2026"
"EASWARI ENGINEERING COLLEGE (CHENNAI)","Electronics & Communication Engineering","Under Graduate","ACCREDITED","Academic Years 2023-24, 2024-25 and 2025-26, i.e., upto 30/06/2026"
"EASWARI ENGINEERING COLLEGE (CHENNAI)","Information Technology","Under Graduate","ACCREDITED","Academic year 2023-24, 2024-25 and 2025-26, i.e. upto 30-06-2026"
"EASWARI ENGINEERING COLLEGE (CHENNAI)","Electrical and Electronics Engineering","Under Graduate","ACCREDITED","Academic Years 2023-24, 2024-25 and 2025-26, i.e., upto 30/06/2026"
"EINSTEIN COLLEGE OF ENGINEERING (Tirunelveli)","Computer Science and Engineering","Under Graduate","ACCREDITED","Academic Year 2014-15, 2015-16 and 2016-17, i.e., upto 30-06-2017"
"EINSTEIN COLLEGE OF ENGINEERING (Tirunelveli)","Electronics & Communication Engineering","Under Graduate","ACCREDITED","Academic Year 2014-15, 2015-16 and 2016-17, i.e., upto 30-06-2017"
"EINSTEIN COLLEGE OF ENGINEERING (Tirunelveli)","Mechanical Engineering","Under Graduate","ACCREDITED","Academic Year 2014-15, 2015-16 and 2016-17, i.e., upto 30-06-2017"
"EINSTEIN COLLEGE OF ENGINEERING (Tirunelveli)","Electrical & Electronics Engineering","Under Graduate","ACCREDITED","Academic Year 2014-15 and 2015-16, i.e., upto 30-06-2016"
"Er.Perumal Manimekalai College of Engineering (Dharmapuri)","Computer Science and Engineering","Under Graduate","ACCREDITED","Academic Year 2022-23, 2023-24 and 2024-25, i.e., upto 30-06-2025"
"Er.Perumal Manimekalai College of Engineering (Dharmapuri)","Electrical & Electronics Engineering","Under Graduate","ACCREDITED","Academic Year 2022-23, 2023-24 and 2024-25, i.e., upto 30-06-2025"
"Er.Perumal Manimekalai College of Engineering (Dharmapuri)","Electronics & Communication Engineering","Under Graduate","ACCREDITED","Academic Year 2022-23, 2023-24 and 2024-25, i.e., upto 30-06-2025"
"Er.Perumal Manimekalai College of Engineering (Dharmapuri)","Information Technology","Under Graduate","ACCREDITED","Academic Year 2022-23, 2023-24 and 2024-25, i.e., upto 30-06-2025"
"Er.Perumal Manimekalai College of Engineering (Dharmapuri)","Mechanical Engineering","Under Graduate","ACCREDITED","Academic Year 2022-23, 2023-24 and 2024-25, i.e., upto 30-06-2025"
"ERODE SENGUNTHAR ENGINEERING COLLEGE (Erode)","Chemical Engineering","Under Graduate","ACCREDITED","Academic Year 2017-18, 2018-19 and 2019-20, i.e., upto 30-06-2020; Further Accredited for Academic Year 2020-21, 2021-22 and 2022-23, i.e., upto 30-06-2023"
"ERODE SENGUNTHAR ENGINEERING COLLEGE (Erode)","Civil Engineering","Under Graduate","ACCREDITED","Academic Year 2017-18, 2018-19 and 2019-20, i.e., upto 30-06-2020; Further Accredited for Academic Year 2020-21, 2021-22 and 2022-23, i.e., upto 30-06-2023"
"ERODE SENGUNTHAR ENGINEERING COLLEGE (Erode)","Mechanical Engineering","Under Graduate","ACCREDITED","Academic Year 2017-18, 2018-19 and 2019-20, i.e., upto 30-06-2020; Further Accredited for Academic Year 2020-21, 2021-22 and 2022-23, i.e., upto 30-06-2023"
"ERODE SENGUNTHAR ENGINEERING COLLEGE (Erode)","Chemical Engineering","Under Graduate","ACCREDITED","Academic year 2023-24, 2024-25 and 2025-26, i.e. upto 30-06-2026"
"ERODE SENGUNTHAR ENGINEERING COLLEGE (Erode)","Civil Engineering","Under Graduate","ACCREDITED","Academic Years 2023-24, 2024-25 and 2025-26, i.e., upto 30/06/2026"
"ERODE SENGUNTHAR ENGINEERING COLLEGE (Erode)","Electronics & Instrumentation Engineering","Under Graduate","ACCREDITED","Academic year 2023-24, 2024-25 and 2025-26, i.e. upto 30-06-2026"
"ERODE SENGUNTHAR ENGINEERING COLLEGE (Erode)","Mechanical Engineering","Under Graduate","ACCREDITED","Academic Years 2023-24, 2024-25 and 2025-26, i.e., upto 30/06/2026"
"ERODE SENGUNTHAR ENGINEERING COLLEGE (Erode)","Computer Science and Engineering","Under Graduate","ACCREDITED","Academic Year 2019-20, 2020-21 and 2021-22, i.e., upto 30-06-2022; Further Accredited for Academic Year 2022-23, 2023-24 and 2024-25, i.e., upto 30/06/2025"
"ERODE SENGUNTHAR ENGINEERING COLLEGE (Erode)","Electrical & Electronics Engineering","Under Graduate","ACCREDITED","Academic Year 2019-20, 2020-21 and 2021-22, i.e., upto 30-06-2022; Further Accredited for Academic Year 2022-23, 2023-24 and 2024-25, i.e., upto 30/06/2025"
"ERODE SENGUNTHAR ENGINEERING COLLEGE (Erode)","Electronics & Communication Engineering","Under Graduate","ACCREDITED","Academic Year 2019-20, 2020-21 and 2021-22, i.e., upto 30-06-2022; Further Accredited for Academic Year 2022-23, 2023-24 and 2024-25, i.e., upto 30/06/2025"
"ERODE SENGUNTHAR ENGINEERING COLLEGE ERODE-638057. TAMOL NADU (ERODE)","MECHANICAL ENGINEERING","UG","ACCREDITED","3 YEARS W.E.F.16-04-2009"
"ERODE SENGUNTHAR ENGINEERING COLLEGE ERODE-638057. TAMOL NADU (ERODE)","CHEMICAL ENGINEERING","UG","ACCREDITED","3 YEARS W.E.F.16-04-2009"
"ERODE SENGUNTHAR ENGINEERING COLLEGE ERODE-638057. TAMOL NADU (ERODE)","ELECTRONICS AND INSTRUMENTATION ENGINEERING","UG","ACCREDITED","3 YEARS W.E.F.16-04-2009"
"ERODE SENGUNTHAR ENGINEERING COLLEGE ERODE-638057. TAMOL NADU (ERODE)","ELECTRONICS AND COMMUNICATION ENGINEERING","UG","ACCREDITED","3 YEARS W.E.F.16-04-2009"
"ERODE SENGUNTHAR ENGINEERING COLLEGE ERODE-638057. TAMOL NADU (ERODE)","COMPUTER SCIENCE AND ENGINEERING","UG","ACCREDITED","3 YEARS W.E.F.16-04-2009"
"ERODE SENGUNTHAR ENGINEERING COLLEGE ERODE-638057. TAMOL NADU (ERODE)","CHEMICAL ENGINEERING","UG","ACCREDITED","2 YEARS W.E.F. 18-09-2013"
"ERODE SENGUNTHAR ENGINEERING COLLEGE ERODE-638057. TAMOL NADU (ERODE)","MECHANICAL ENGINEERING","UG","ACCREDITED","2 YEARS W.E.F. 18-09-2013"
"ERODE SENGUNTHAR ENGINEERING COLLEGE ERODE-638057. TAMOL NADU (ERODE)","COMPUTER SCIENCE AND ENGINEERING","UG","ACCREDITED","2 YEARS W.E.F. 18-09-2013"
"ERODE SENGUNTHAR ENGINEERING COLLEGE ERODE-638057. TAMOL NADU (ERODE)","ELECTRONICS AND COMMUNICATION ENGINEERING","UG","ACCREDITED","2 YEARS W.E.F. 18-09-2013"
"ERODE SENGUNTHAR ENGINEERING COLLEGE ERODE-638057. TAMOL NADU (ERODE)","ELECTRONICS AND INSTRUMENTATION TECHNOLOGY","UG","ACCREDITED","2 YEARS W.E.F. 18-09-2013"
"ERODE SENGUNTHAR ENGINEERING COLLEGE ERODE-638057. TAMOL NADU (ERODE)","CIVIL ENGINEERING","UG","ACCREDITED","2 YEARS W.E.F. 08-11-2013"
"ERODE SENGUNTHAR ENGINEERING COLLEGE ERODE-638057. TAMOL NADU (ERODE)","ELECTRICAL AND ELECTRONICS ENGINEERING","UG","ACCREDITED","2 YEARS W.E.F. 08-11-2013"
"EXCEL ENGINEERING COLLEGE (Namakkal)","Aeronautical Engineering","Under Graduate","ACCREDITED","Academic Year 2018-19, 2019-20, 2020-21 and 2021-22, i.e., upto 30-06-2022; Further Accredited for Academic Year 2022-23, 2023-24 and 2024-25, i.e., upto 30/06/2025"
"EXCEL ENGINEERING COLLEGE (Namakkal)","Computer Science and Engineering","Under Graduate","ACCREDITED","Academic Year 2018-19, 2019-20, 2020-21 and 2021-22, i.e., upto 30-06-2022; Further Accredited for Academic Year 2022-23, 2023-24 and 2024-25, i.e., upto 30/06/2025"
"EXCEL ENGINEERING COLLEGE (Namakkal)","Electronics & Communication Engineering","Under Graduate","ACCREDITED","Academic Year 2018-19, 2019-20, 2020-21 and 2021-22, i.e., upto 30-06-2022; Further Accredited for Academic Year 2022-23, 2023-24 and 2024-25, i.e., upto 30/06/2025"
"EXCEL ENGINEERING COLLEGE (Namakkal)","Mechanical Engineering","Under Graduate","ACCREDITED","Academic Year 2018-19, 2019-20, 2020-21 and 2021-22, i.e., upto 30-06-2022; Further Accredited for Academic Year 2022-23, 2023-24 and 2024-25, i.e., upto 30/06/2025"
"EXCEL ENGINEERING COLLEGE (Namakkal)","Agricultural Engineering","Under Graduate","ACCREDITED","Academic Year 2024-25, 2025-26 and 2026-27, i.e., upto 30/06/2027"
"EXCEL ENGINEERING COLLEGE (Namakkal)","Biomedical Engineering","Under Graduate","ACCREDITED","Academic Year 2024-25, 2025-26 and 2026-27, i.e., upto 30/06/2027"
"EXCEL ENGINEERING COLLEGE (Namakkal)","Civil Engineering","Under Graduate","ACCREDITED","Academic Year 2024-25, 2025-26 and 2026-27, i.e., upto 30/06/2027"
"FRANCIS XAVIER ENGINEERING COLLEGE (TIRUNELVELI)","COMPUTER SCIENCE AND ENGINEERING","UG","ACCREDITED","3 YEARS W.E.F.13-12-2011"
"FRANCIS XAVIER ENGINEERING COLLEGE (TIRUNELVELI)","ELECTRONICS AND COMMUNICATION ENGINEERING","UG","ACCREDITED","3 YEARS W.E.F.13-12-2011"
"FRANCIS XAVIER ENGINEERING COLLEGE (TIRUNELVELI)","ELECTRICAL AND ELECTRONICS ENGINEERING","UG","ACCREDITED","3 YEARS W.E.F.13-12-2011"
"FRANCIS XAVIER ENGINEERING COLLEGE (TIRUNELVELI)","INFORMATION TECHNOLOGY","UG","ACCREDITED","3 YEARS W.E.F. 27-08-2013"
"FRANCIS XAVIER ENGINEERING COLLEGE (TIRUNELVELI)","Electrical & Electronics Engineering","Under Graduate","ACCREDITED","Accredited for Academic Year 2022-23, 2023-24 and 2024-25, i.e., upto 30-06-2025"
"FRANCIS XAVIER ENGINEERING COLLEGE (TIRUNELVELI)","Electronics & Communication Engineering","Under Graduate","ACCREDITED","Accredited for Academic Year 2022-23, 2023-24 and 2024-25, i.e., upto 30-06-2025"
"FRANCIS XAVIER ENGINEERING COLLEGE (TIRUNELVELI)","Mechanical Engineering","Under Graduate","ACCREDITED","Accredited for Academic Year 2022-23, 2023-24 and 2024-25, i.e., upto 30-06-2025"
"FRANCIS XAVIER ENGINEERING COLLEGE (TIRUNELVELI)","Computer Science and Engineering","Under Graduate","ACCREDITED","Accredited for Academic Year 2022-23, 2023-24 and 2024-25, i.e., upto 30-06-2025"
"FRANCIS XAVIER ENGINEERING COLLEGE (TIRUNELVELI)","Computer Science and Engineering","Under Graduate","ACCREDITED","Academic Year 2017-18, 2018-19, 2019-20, 2020-21 and 2021-22, i.e., upto 30-06-2022"
"FRANCIS XAVIER ENGINEERING COLLEGE (TIRUNELVELI)","Electrical & Electronics Engineering","Under Graduate","ACCREDITED","Academic Year 2017-18, 2018-19, 2019-20, 2020-21 and 2021-22, i.e., upto 30-06-2022"
"FRANCIS XAVIER ENGINEERING COLLEGE (TIRUNELVELI)","Electronics & Communication Engineering","Under Graduate","ACCREDITED","Academic Year 2017-18, 2018-19, 2019-20, 2020-21 and 2021-22, i.e., upto 30-06-2022"
"FRANCIS XAVIER ENGINEERING COLLEGE (TIRUNELVELI)","Mechanical Engineering","Under Graduate","ACCREDITED","Academic Year 2017-18, 2018-19, 2019-20, 2020-21 and 2021-22, i.e., upto 30-06-2022"
"G.K.M.COLLEGE OF ENGINEERING AND TECHNOLOGY (CHENNAI)","ELECTRICAL AND ELECTRONICS ENGINEERING","UG","ACCREDITED","3 YEARS W.E.F.12-9-2007"
"G.K.M.COLLEGE OF ENGINEERING AND TECHNOLOGY (CHENNAI)","COMPUTER SCIENCE AND ENGINEERING","UG","ACCREDITED","3 YEARS W.E.F.12-9-2007"
"G.K.M.COLLEGE OF ENGINEERING AND TECHNOLOGY (CHENNAI)","ELECTRONICS AND COMMUNICATION ENGINEERING","UG","ACCREDITED","3 YEARS W.E.F.12-9-2007"
"G.K.M.COLLEGE OF ENGINEERING AND TECHNOLOGY (CHENNAI)","ELECTRICAL AND ELECTRONICS ENGINEERING","UG","ACCREDITED","2 YEARS W.E.F. 08-11-2013"
"G.K.M.COLLEGE OF ENGINEERING AND TECHNOLOGY (CHENNAI)","ELECTRONICS AND COMMUNICATION ENGINEERING","UG","ACCREDITED","2 YEARS W.E.F. 08-11-2013"
"G.K.M.COLLEGE OF ENGINEERING AND TECHNOLOGY (CHENNAI)","COMPUTER SCIENCE AND ENGINEERING","UG","ACCREDITED","2 YEARS W.E.F. 08-11-2013"
"G.K.M.COLLEGE OF ENGINEERING AND TECHNOLOGY (CHENNAI)","MECHANICAL ENGINEERING","UG","ACCREDITED","2 YEARS W.E.F. 08-11-2013"
"GANADIPATHY TULSI'S JAIN ENGINEERING COLLEGE (Vellore)","Information Technology","Under Graduate","ACCREDITED","Academic Year 2014-15 and 2015-16, i.e., upto 30-06-2016"
"GANADIPATHY TULSI'S JAIN ENGINEERING COLLEGE (Vellore)","Electrical & Electronics Engineering","Under Graduate","ACCREDITED","Academic Year 2014-15 and 2015-16, i.e., upto 30-06-2016"
"GANADIPATHY TULSI'S JAIN ENGINEERING COLLEGE (Vellore)","Computer Science and Engineering","Under Graduate","ACCREDITED","Academic Year 2014-15 and 2015-16, i.e., upto 30-06-2016"
"GNANAMANI COLLEGE OF TECHNOLOGY (Namakkal)","Computer Science and Engineering","Under Graduate","ACCREDITED","Academic Year 2019-20, 2020-21 and 2021-22, i.e., upto 30-06-2022; Further accredited for 2022-23, 2023-24 and 2024-25, i.e., upto 30/06/2025"
"GNANAMANI COLLEGE OF TECHNOLOGY (Namakkal)","Electrical & Electronics Engineering","Under Graduate","ACCREDITED","Academic Year 2019-20, 2020-21 and 2021-22, i.e., upto 30-06-2022; Further accredited for 2022-23, 2023-24 and 2024-25, i.e., upto 30/06/2025"
"GNANAMANI COLLEGE OF TECHNOLOGY (Namakkal)","Electronics & Communication Engineering","Under Graduate","ACCREDITED","Academic Year 2019-20, 2020-21 and 2021-22, i.e., upto 30-06-2022; Further accredited for 2022-23, 2023-24 and 2024-25, i.e., upto 30/06/2025"
"GNANAMANI COLLEGE OF TECHNOLOGY (Namakkal)","Mechanical Engineering","Under Graduate","ACCREDITED","Academic Year 2019-20, 2020-21 and 2021-22, i.e., upto 30-06-2022; Further accredited for 2022-23, 2023-24 and 2024-25, i.e., upto 30/06/2025"
"GOVERNMENT COLLEGE OF ENGINEERING (SALEM)","CIVIL ENGINEERING","UG","ACCREDITED","3 YEARS W.E.F.27-7-2006"
"GOVERNMENT COLLEGE OF ENGINEERING (SALEM)","MECHANICAL ENGINEERING","UG","ACCREDITED","3 YEARS W.E.F.27-7-2006"
"GOVERNMENT COLLEGE OF ENGINEERING (SALEM)","METALLURGICAL ENGINEERING","UG","ACCREDITED","3 YEARS W.E.F.16-4-2009"
"GOVERNMENT COLLEGE OF ENGINEERING (SALEM)","ELECTRONICS AND COMMUNICATION ENGINEERING","UG","ACCREDITED","3 YEARS W.E.F.16-4-2009"
"GOVERNMENT COLLEGE OF ENGINEERING (SALEM)","CIVIL ENGINEERING","UG","ACCREDITED","3 YEARS W.E.F. 15-3-2012"
"GOVERNMENT COLLEGE OF ENGINEERING (SALEM)","ELECTRICAL AND ELECTRONICS ENGINEERING","UG","ACCREDITED","3 YEARS W.E.F. 15-3-2012"
"GOVERNMENT COLLEGE OF ENGINEERING (SALEM)","MECHANICAL ENGINEERING","UG","ACCREDITED","3 YEARS W.E.F. 15-3-2012"
"GOVERNMENT COLLEGE OF ENGINEERING (Tirunelveli)","Computer Science and Engineering","Under Graduate","ACCREDITED","Academic Year 2022-23, 2023-24 and 2024-25, i.e., upto 30-06-2025"
"GOVERNMENT COLLEGE OF ENGINEERING (Tirunelveli)","Electrical & Electronics Engineering","Under Graduate","ACCREDITED","Academic Year 2022-23, 2023-24 and 2024-25, i.e., upto 30-06-2025"
"GOVERNMENT COLLEGE OF ENGINEERING (Tirunelveli)","Civil Engineering","Under Graduate","ACCREDITED","Academic Year 2024-25, 2025-26 and 2026-27, i.e., upto 30/06/2027"
"GOVERNMENT COLLEGE OF ENGINEERING (Tirunelveli)","Electronics & Communication Engineering","Under Graduate","ACCREDITED","Academic Year 2024-25, 2025-26 and 2026-27, i.e., upto 30/06/2027"
"Government College of Engineering, Bargur (Dharmapuri)","Electrical & Electronics Engineering","Under Graduate","ACCREDITED","Academic Year 2021-22, 2022-23 and 2023-24, upto 30-06-2024"
"Government College of Engineering, Bargur (Dharmapuri)","Mechanical Engineering","Under Graduate","ACCREDITED","Academic Year 2021-22, 2022-23 and 2023-24, upto 30-06-2024"
"Government College of Engineering, Bargur (Dharmapuri)","Electrical & Electronics Engineering","Under Graduate","ACCREDITED","Academic Year 2015-16, 2016-17 and 2017-18, i.e., upto 30-06-2018"
"Government College of Engineering, Bargur (Dharmapuri)","Computer Science and Engineering","Under Graduate","ACCREDITED","Academic Year 2015-16, 2016-17 and 2017-18, i.e., upto 30-06-2018; Further accredited for Academic Year 2018-19, 2019-20, 2020-21 and 2021-22, i.e., upto 30-06-2022"
"Government College of Engineering, Bargur (Dharmapuri)","Electronics & Communication Engineering","Under Graduate","ACCREDITED","Academic Year 2014-15, 2015-16 and 2016-17, i.e., upto 30-06-2017; Further Accredited for 2017-18, 2018-19, 2019-20, 2020-21 and 2021-22, i.e., upto 30-06-2022"
"GOVERNMENT COLLEGE OF TECHNOLOGY (COIMBATORE)","MECHANICAL ENGINEERING","UG","ACCREDITED","3 YEARS W.E.F. 14-03-2005"
"GOVERNMENT COLLEGE OF TECHNOLOGY (COIMBATORE)","CIVIL ENGINEERING","UG","ACCREDITED","3 YEARS W.E.F. 14-03-2005"
"GOVERNMENT COLLEGE OF TECHNOLOGY (COIMBATORE)","ELECTRICAL AND ELECTRONICS ENGINEERING","UG","ACCREDITED","3 YEARS W.E.F. 14-03-2005"
"GOVERNMENT COLLEGE OF TECHNOLOGY (COIMBATORE)","ELECTRONICS AND COMMUNICATION ENGINEERING","UG","ACCREDITED","3 YEARS W.E.F. 14-03-2005"
"GOVERNMENT COLLEGE OF TECHNOLOGY (COIMBATORE)","ELECTRONICS AND INSTRUMENTATION ENGINEERING","UG","ACCREDITED","3 YEARS W.E.F. 10-02-2009"
"GOVERNMENT COLLEGE OF TECHNOLOGY (COIMBATORE)","INFORMATION TECHNOLOGY","UG","ACCREDITED","3 YEARS W.E.F. 10-02-2009"
"GOVERNMENT COLLEGE OF TECHNOLOGY (COIMBATORE)","CIVIL ENGINEERING","UG","ACCREDITED","3 YEARS W.E.F. 10-02-2009"
"GOVERNMENT COLLEGE OF TECHNOLOGY (COIMBATORE)","MECHANICAL ENGINEERING","UG","ACCREDITED","3 YEARS W.E.F. 10-02-2009"
"GOVERNMENT COLLEGE OF TECHNOLOGY (COIMBATORE)","ELECTRICAL AND ELECTRONICS ENGINEERING","UG","ACCREDITED","3 YEARS W.E.F. 10-02-2009"
"GOVERNMENT COLLEGE OF TECHNOLOGY (COIMBATORE)","ELECTRONICS AND COMMUNICATION ENGINEERING","UG","ACCREDITED","3 YEARS W.E.F. 10-02-2009"
"GOVT.COLLEG OF ENGINEERING (TIRUNELVELI)","CIVIL ENGINEERING","UG","ACCREDITED","3 YEARS W.E.F. 20-7-2005"
"GOVT.COLLEG OF ENGINEERING (TIRUNELVELI)","MECHANICAL ENGINEERING","UG","ACCREDITED","3 YEARS W.E.F. 20-7-2005"
"GOVT.COLLEG OF ENGINEERING (TIRUNELVELI)","ELECTRONICS AND COMMUNICATION ENGINEERING","UG","ACCREDITED","3 YEARS W.E.F. 20-7-2005"
"GOVT.COLLEG OF ENGINEERING (TIRUNELVELI)","ELECTRICAL AND ELECTRONICS ENGINEERING","UG","ACCREDITED","3 YEARS W.E.F. 19-7-2008"
"GOVT.COLLEG OF ENGINEERING (TIRUNELVELI)","COMPUTER SCIENCE AND ENGINEERING","UG","ACCREDITED","3 YEARS W.E.F. 19-7-2008"
"GOVT.COLLEG OF ENGINEERING (TIRUNELVELI)","CIVIL ENGINEERING","UG","ACCREDITED","3 YEARS W.E.F. 17-09-2009"
"GOVT.COLLEG OF ENGINEERING (TIRUNELVELI)","MECHANICAL ENGINEERING","UG","ACCREDITED","3 YEARS W.E.F. 17-09-2009"
"GOVT.COLLEG OF ENGINEERING (TIRUNELVELI)","ELECTRONICS AND COMMUNICATION ENGINEERING","UG","ACCREDITED","3 YEARS W.E.F. 17-09-2009"
"GRT INSTITUTE OF ENGINEERING AND TECHNOLOGY (Tiruvallur)","Electronics & Communication Engineering","Under Graduate","ACCREDITED","Academic Year 2016-17, 2017-18, 2018-19, 2019-20, 2020-21 and 2021-22, i.e., upto 30-06-2022; Further Accredited for Academic Year 2022-23, 2023-24 and 2024-25, i.e., upto 30/06/2025"
"Hindustan Institute of Technology and Science (Earlier known as Hindustan College of Engineering) (Kanchipuram)","MECHANICAL ENGINEERING","UG","ACCREDITED","3 Years w.e.f. 15-06-2001"
"Hindustan Institute of Technology and Science (Earlier known as Hindustan College of Engineering) (Kanchipuram)","ELECTRICAL AND ELECTRONICS ENGINEERING","UG","ACCREDITED","3 Years w.e.f. 15-06-2001"
"Hindustan Institute of Technology and Science (Earlier known as Hindustan College of Engineering) (Kanchipuram)","CIVIL ENGINEERING","UG","ACCREDITED","3 Years w.e.f. 15-06-2001"
"Hindustan Institute of Technology and Science (Earlier known as Hindustan College of Engineering) (Kanchipuram)","ELECTRONICS AND COMMUNICATION ENGINEERING","UG","ACCREDITED","3 Years w.e.f. 15-06-2001"
"Hindustan Institute of Technology and Science (Earlier known as Hindustan College of Engineering) (Kanchipuram)","COMPUTER SCIENCE AND ENGINEERING","UG","ACCREDITED","3 Years w.e.f. 15-06-2001"
"Hindustan Institute of Technology and Science (Earlier known as Hindustan College of Engineering) (Kanchipuram)","CIVIL ENGINEERING","UG","ACCREDITED","3 years w.e.f 15.02.2005"
"Hindustan Institute of Technology and Science (Earlier known as Hindustan College of Engineering) (Kanchipuram)","MECHANICAL ENGINEERING","UG","ACCREDITED","3 years w.e.f 15.02.2005"
"Hindustan Institute of Technology and Science (Earlier known as Hindustan College of Engineering) (Kanchipuram)","ELECTRONICS AND COMMUNICATION ENGINEERING","UG","ACCREDITED","3 years w.e.f 15.02.2005"
"Hindustan Institute of Technology and Science (Earlier known as Hindustan College of Engineering) (Kanchipuram)","AUTOMOBILE ENGINEERING","UG","ACCREDITED","3 years w.e.f 15.02.2005"
"Hindustan Institute of Technology and Science (Earlier known as Hindustan College of Engineering) (Kanchipuram)","COMPUTER SCIENCE AND ENGINEERING","UG","ACCREDITED","3 years w.e.f 15.02.2005"
"Hindustan Institute of Technology and Science (Earlier known as Hindustan College of Engineering) (Kanchipuram)","ELECTRICAL AND ELECTRONICS ENGINEERING","UG","ACCREDITED","3 years w.e.f 15.02.2005"
"Hindustan Institute of Technology and Science (Earlier known as Hindustan College of Engineering) (Kanchipuram)","ELECTRONICS AND INSTRUMENTATION ENGINEERING","UG","ACCREDITED","3 years w.e.f 15.02.2005"
"Hindustan Institute of Technology and Science (Earlier known as Hindustan College of Engineering) (Kanchipuram)","INFORMATION TECHNOLOGY","UG","ACCREDITED","3 years w.e.f 15.02.2005"
"Hindustan Institute of Technology and Science (Earlier known as Hindustan College of Engineering) (Kanchipuram)","ELECTRONICS AND COMMUNICATION ENGINEERING","UG","ACCREDITED","3 years w.e.f 16.04.2009"
"Hindustan Institute of Technology and Science (Earlier known as Hindustan College of Engineering) (Kanchipuram)","ELECTRONICS AND INSTRUMENTATION ENGINEERING","UG","ACCREDITED","3 years w.e.f 16.04.2009"
"Hindustan Institute of Technology and Science (Earlier known as Hindustan College of Engineering) (Kanchipuram)","COMPUTER SCIENCE AND ENGINEERING","UG","ACCREDITED","3 years w.e.f 16.04.2009"
"Hindustan Institute of Technology and Science (Earlier known as Hindustan College of Engineering) (Kanchipuram)","ELECTRICAL AND ELECTRONICS ENGINEERING","UG","ACCREDITED","3 years w.e.f 16.04.2009"
"Hindustan Institute of Technology and Science (Earlier known as Hindustan College of Engineering) (Kanchipuram)","AUTOMOBILE ENGINEERING","UG","ACCREDITED","3 years w.e.f 16.04.2009"
"Hindustan Institute of Technology and Science (Earlier known as Hindustan College of Engineering) (Kanchipuram)","AERONAUTICAL ENGINEERING","UG","ACCREDITED","3 years w.e.f 16.04.2009"
"Hindustan Institute of Technology and Science (Earlier known as Hindustan College of Engineering) (Kanchipuram)","CIVIL ENGINEERING","UG","ACCREDITED","3 years w.e.f 16.04.2009"
"Hindustan Institute of Technology and Science (Earlier known as Hindustan College of Engineering) (Kanchipuram)","MECHANICAL ENGINEERING","UG","ACCREDITED","3 years w.e.f 16.04.2009"
"Hindustan Institute of Technology and Science (Earlier known as Hindustan College of Engineering) (Kanchipuram)","INFORMATION TECHNOLOGY","UG","ACCREDITED","3 years w.e.f 16.04.2009"
"HINDUSTHAN COLLEGE OF ENGINEERING AND TECHNOLOGY (COIMBATORE)","ELECTRONICS AND COMMUNICATION ENGINEERING","UG","ACCREDITED","3 YEARS W.E.F.4-5-2007"
"HINDUSTHAN COLLEGE OF ENGINEERING AND TECHNOLOGY (COIMBATORE)","COMPUTER SCIENCE AND ENGINEERING","UG","ACCREDITED","3 YEARS W.E.F.4-5-2007"
"HINDUSTHAN COLLEGE OF ENGINEERING AND TECHNOLOGY (COIMBATORE)","MECHANICAL ENGINEERING","UG","ACCREDITED","3 YEARS W.E.F.4-5-2007"
"HINDUSTHAN COLLEGE OF ENGINEERING AND TECHNOLOGY (COIMBATORE)","ELECTRICAL AND ELECTRONICS ENGINEERING","UG","ACCREDITED","3 YEARS W.E.F.29-5-2009"
"HINDUSTHAN COLLEGE OF ENGINEERING AND TECHNOLOGY (COIMBATORE)","INFORMATION TECHNOLOGY","UG","ACCREDITED","3 YEARS W.E.F.29-5-2009"
"HINDUSTHAN COLLEGE OF ENGINEERING AND TECHNOLOGY (COIMBATORE)","MECHANICAL ENGINEERING","UG","ACCREDITED","2 YEARS W.E.F. 04-01-2013"
"HINDUSTHAN COLLEGE OF ENGINEERING AND TECHNOLOGY (COIMBATORE)","COMPUTER SCIENCE AND ENGINEERING","UG","ACCREDITED","2 YEARS W.E.F. 04-01-2013"
"HINDUSTHAN COLLEGE OF ENGINEERING AND TECHNOLOGY (COIMBATORE)","ELECTRONICS AND COMMUNICATION ENGINEERING","UG","ACCREDITED","2 YEARS W.E.F. 04-01-2013"
"HINDUSTHAN COLLEGE OF ENGINEERING AND TECHNOLOGY (Coimbotore)","Computer Science and Engineering","Under Graduate","ACCREDITED","Academic Year 2017-18, 2018-19, 2019-20 and 2020-21, i.e., upto 30-06-2021; Further Accredited for Academic Year 2021-22, 2022-23 and 2023-24, i.e. upto 30-06-2024"
"HINDUSTHAN COLLEGE OF ENGINEERING AND TECHNOLOGY (Coimbotore)","Electrical & Electronics Engineering","Under Graduate","ACCREDITED","Academic Year 2017-18, 2018-19, 2019-20 and 2020-21, i.e., upto 30-06-2021; Further Accredited for Academic Year 2021-22, 2022-23 and 2023-24, i.e. upto 30-06-2024"
"HINDUSTHAN COLLEGE OF ENGINEERING AND TECHNOLOGY (Coimbotore)","Electronics & Communication Engineering","Under Graduate","ACCREDITED","Academic Year 2017-18, 2018-19, 2019-20 and 2020-21, i.e., upto 30-06-2021; Further Accredited for Academic Year 2021-22, 2022-23 and 2023-24, i.e. upto 30-06-2024"
"HINDUSTHAN COLLEGE OF ENGINEERING AND TECHNOLOGY (Coimbotore)","Information Technology","Under Graduate","ACCREDITED","Academic Year 2017-18, 2018-19, 2019-20 and 2020-21, i.e., upto 30-06-2021; Further Accredited for Academic Year 2021-22, 2022-23 and 2023-24, i.e. upto 30-06-2024"
"HINDUSTHAN COLLEGE OF ENGINEERING AND TECHNOLOGY (Coimbotore)","Mechanical Engineering","Under Graduate","ACCREDITED","Academic Year 2017-18, 2018-19, 2019-20 and 2020-21, i.e., upto 30-06-2021; Further Accredited for Academic Year 2021-22, 2022-23 and 2023-24, i.e. upto 30-06-2024"
"Hindusthan Institute of Technology (Coimbotore)","Aeronautical Engineering","Under Graduate","ACCREDITED","Academic Year 2018-19, 2019-20, 2020-21 and 2021-22, i.e., upto 30-06-2022; Further Accredited for Academic Year 2022-23, 2023-24 and 2024-25, i.e., upto 30/06/2025"
"Hindusthan Institute of Technology (Coimbotore)","Computer Science and Engineering","Under Graduate","ACCREDITED","Academic Year 2018-19, 2019-20, 2020-21 and 2021-22, i.e., upto 30-06-2022; Further Accredited for Academic Year 2022-23, 2023-24 and 2024-25, i.e., upto 30/06/2025"
"Hindusthan Institute of Technology (Coimbotore)","Electronics & Communication Engineering","Under Graduate","ACCREDITED","Academic Year 2018-19, 2019-20, 2020-21 and 2021-22, i.e., upto 30-06-2022; Further Accredited for Academic Year 2022-23, 2023-24 and 2024-25, i.e., upto 30/06/2025"
"Hindusthan Institute of Technology (Coimbotore)","Mechanical Engineering","Under Graduate","ACCREDITED","Academic Year 2018-19, 2019-20, 2020-21 and 2021-22, i.e., upto 30-06-2022; Further Accredited for Academic Year 2022-23, 2023-24 and 2024-25, i.e., upto 30/06/2025"
"Hindusthan Institute of Technology (Coimbotore)","Information Technology","Under Graduate","ACCREDITED","Academic year 2023-24, 2024-25 and 2025-26, i.e. upto 30-06-2026"
"IFET COLLEGE OF ENGINEERING (VILLUPURAM)","Computer Science and Engineering","Under Graduate","ACCREDITED","Academic Year 2022-23, 2023-24 and 2024-25, i.e., upto 30-06-2025"
"IFET COLLEGE OF ENGINEERING (VILLUPURAM)","Electronics & Communication Engineering","Under Graduate","ACCREDITED","Academic Year 2019-20, 2020-21 and 2021-22, i.e., upto 30-06-2022"
"IFET COLLEGE OF ENGINEERING (VILLUPURAM)","Electronics & Communication Engineering","Under Graduate","ACCREDITED","Academic Year 2019-20, 2020-21 and 2021-22, i.e., upto 30-06-2022"
"IFET COLLEGE OF ENGINEERING (VILLUPURAM)","Information Technology","Under Graduate","ACCREDITED","Academic Year 2016-17, 2017-18 and 2018-19, i.e., upto 30-06-2019"
"IFET COLLEGE OF ENGINEERING (VILLUPURAM)","Computer Science and Engineering","Under Graduate","ACCREDITED","Academic Year 2016-17, 2017-18 and 2018-19, i.e., upto 30-06-2019; Further accredited from Academic Year 2019-20, 2020-21 and 2021-22, i.e., upto 30-06-2022"
"IFET COLLEGE OF ENGINEERING (VILLUPURAM)","Mechanical Engineering","Under Graduate","ACCREDITED","Academic Year 2016-17, 2017-18 and 2018-19, i.e., upto 30-06-2019; Further accredited from Academic Year 2019-20, 2020-21 and 2021-22, i.e., upto 30-06-2022"
"IFET COLLEGE OF ENGINEERING (VILLUPURAM)","Electrical & Electronics Engineering","Under Graduate","ACCREDITED","Academic Year 2016-17, 2017-18 and 2018-19, i.e., upto 30-06-2019; Further accredited from Academic Year 2019-20, 2020-21 and 2021-22, i.e., upto 30-06-2022"
"IFET COLLEGE OF ENGINEERING (VILLUPURAM)","MECHANICAL ENGINEERING","UG","ACCREDITED","5 YEARS W.E.F.19-7-2008"
"IFET COLLEGE OF ENGINEERING (VILLUPURAM)","ELECTRONICS AND COMMUNICATION ENGINEERING","UG","ACCREDITED","5 YEARS W.E.F.19-7-2008"
"IFET COLLEGE OF ENGINEERING (VILLUPURAM)","INFORMATION TECHNOLOGY","UG","ACCREDITED","3 YEARS W.E.F.19-7-2008"
"IFET COLLEGE OF ENGINEERING (VILLUPURAM)","ELECTRICAL AND ELECTRONICS ENGINEERING","UG","ACCREDITED","3 YEARS W.E.F.19-7-2008"
"IFET COLLEGE OF ENGINEERING (VILLUPURAM)","COMPUTER SCIENCE AND ENGINEERING","UG","ACCREDITED","3 YEARS W.E.F.19-7-2008"
"INSTITUTE OF ROAD AND TRANSPORT TECHNOLOGY (ERODE)","CIVIL ENGINEERING","UG","ACCREDITED","3 YEARS W.E.F.27-7-2006"
"INSTITUTE OF ROAD AND TRANSPORT TECHNOLOGY (ERODE)","AUTOMOBILE ENGINEERING","UG","ACCREDITED","3 YEARS W.E.F.27-7-2006"
"INSTITUTE OF ROAD AND TRANSPORT TECHNOLOGY (ERODE)","MECHANICAL ENGINEERING","UG","ACCREDITED","3 YEARS W.E.F.27-7-2006"
"INSTITUTE OF ROAD AND TRANSPORT TECHNOLOGY (ERODE)","AUTOMOBILE ENGINEERING","UG","ACCREDITED","3 YEARS W.E.F. 15-3-2012"
"INSTITUTE OF ROAD AND TRANSPORT TECHNOLOGY (ERODE)","CIVIL ENGINEERING","UG","ACCREDITED","3 YEARS W.E.F. 15-3-2012"
"INSTITUTE OF ROAD AND TRANSPORT TECHNOLOGY (ERODE)","COMPUTER SCIENCE AND ENGINEERING","UG","ACCREDITED","3 YEARS W.E.F. 15-3-2012"
"INSTITUTE OF ROAD AND TRANSPORT TECHNOLOGY (ERODE)","ELECTRICAL AND ELECTRONICS ENGINEERING","UG","ACCREDITED","3 YEARS W.E.F. 15-3-2012"
"INSTITUTE OF ROAD AND TRANSPORT TECHNOLOGY (ERODE)","MECHANICAL ENGINEERING","UG","ACCREDITED","3 YEARS W.E.F. 15-3-2012"
"J.J.COLLEGE OF ENGINEERING AND TECHNOLOGY (TIRUCHIRAPPALLI)","MECHANICAL ENGINEERING","UG","ACCREDITED","3 YEARS W.E.F. 24-04-2002"
"J.J.COLLEGE OF ENGINEERING AND TECHNOLOGY (TIRUCHIRAPPALLI)","ELECTRICAL ENGINEERING","UG","ACCREDITED","3 YEARS W.E.F. 24-04-2002"
"J.J.COLLEGE OF ENGINEERING AND TECHNOLOGY (TIRUCHIRAPPALLI)","ELECTRONICS AND COMMUNICATION ENGINEERING","UG","ACCREDITED","3 YEARS W.E.F. 15-02-2005"
"J.J.COLLEGE OF ENGINEERING AND TECHNOLOGY (TIRUCHIRAPPALLI)","PRODUCTION ENGINEERING","UG","ACCREDITED","3 YEARS W.E.F. 15-02-2005"
"J.J.COLLEGE OF ENGINEERING AND TECHNOLOGY (TIRUCHIRAPPALLI)","MECHANICAL ENGINEERING","UG","ACCREDITED","3 YEARS W.E.F. 16-03-2007"
"J.J.COLLEGE OF ENGINEERING AND TECHNOLOGY (TIRUCHIRAPPALLI)","COMPUTER SCIENCE AND ENGINEERING","UG","ACCREDITED","3 YEARS W.E.F. 16-03-2007"
"J.J.COLLEGE OF ENGINEERING AND TECHNOLOGY (TIRUCHIRAPPALLI)","INFORMATION TECHNOLOGY","UG","ACCREDITED","3 YEARS W.E.F. 16-03-2007"
"J.J.COLLEGE OF ENGINEERING AND TECHNOLOGY (TIRUCHIRAPPALLI)","ELECTRONICS AND INSTRUMENTATION ENGINEERING","UG","ACCREDITED","3 YEARS W.E.F. 16-03-2007"
"J.J.COLLEGE OF ENGINEERING AND TECHNOLOGY (TIRUCHIRAPPALLI)","ELECTRICAL AND ELECTRONICS ENGINEERING","UG","ACCREDITED","3 YEARS W.E.F. 19-07-2008"
"J.J.COLLEGE OF ENGINEERING AND TECHNOLOGY (TIRUCHIRAPPALLI)","PRODUCTION ENGINEERING","UG","ACCREDITED","3 YEARS W.E.F. 16-04-2009"
"J.J.COLLEGE OF ENGINEERING AND TECHNOLOGY (TIRUCHIRAPPALLI)","ELECTRONICS AND COMMUNICATION ENGINEERING","UG","ACCREDITED","3 YEARS W.E.F. 16-04-2009"
"J.J.COLLEGE OF ENGINEERING AND TECHNOLOGY (TIRUCHIRAPPALLI)","COMPUTER SCIENCE AND ENGINEERING","UG","ACCREDITED","2 YEARS W.E.F. 04-01-2013"
"J.J.COLLEGE OF ENGINEERING AND TECHNOLOGY (TIRUCHIRAPPALLI)","INFORMATION TECHNOLOGY","UG","ACCREDITED","2 YEARS W.E.F. 04-01-2013"
"J.J.COLLEGE OF ENGINEERING AND TECHNOLOGY (TIRUCHIRAPPALLI)","MECHANICAL ENGINEERING","UG","ACCREDITED","2 YEARS W.E.F. 04-01-2013"
"J.J.COLLEGE OF ENGINEERING AND TECHNOLOGY (TIRUCHIRAPPALLI)","ELECTRONICS AND INSTRUMENTATION ENGINEERING","UG","ACCREDITED","2 YEARS W.E.F. 04-01-2013"
"J.J.COLLEGE OF ENGINEERING AND TECHNOLOGY (TIRUCHIRAPPALLI)","CIVIL ENGINEERING","UG","ACCREDITED","2 YEARS W.E.F. 04-01-2013"
"J.J.COLLEGE OF ENGINEERING AND TECHNOLOGY (TIRUCHIRAPPALLI)","ELECTRICAL AND ELECTRONICS ENGINEERING","UG","ACCREDITED","2 YEARS W.E.F. 05-08-2013"
"J.J.COLLEGE OF ENGINEERING AND TECHNOLOGY (TIRUCHIRAPPALLI)","ELECTRONICS AND COMMUNICATION ENGINEERING","UG","ACCREDITED","2 YEARS W.E.F. 05-08-2013"
"J.J.COLLEGE OF ENGINEERING AND TECHNOLOGY (TIRUCHIRAPPALLI)","PRODUCTION ENGINEERING","UG","ACCREDITED","2 YEARS W.E.F. 05-08-2013"
"Jai Shriram Engineering College (Coimbotore)","Computer Science and Engineering","Under Graduate","ACCREDITED","Academic Year 2021-22, 2022-23 and 2023-24, i.e. upto 30-06-2024; Further Accredited for 2024-25, 2025-26 and 2026-27, i.e., upto 30/06/2027"
"Jai Shriram Engineering College (Coimbotore)","Electronics & Communication Engineering","Under Graduate","ACCREDITED","Academic Year 2021-22, 2022-23 and 2023-24, i.e. upto 30-06-2024; Further Accredited for 2024-25, 2025-26 and 2026-27, i.e., upto 30/06/2027"
"JAYA ENGINEERING COLLEGE (CHENNAI)","TEXTILE TECHNOLOGY","UG","ACCREDITED","3 YEARS W.E.F. 27-07-2006"
"JAYA ENGINEERING COLLEGE (CHENNAI)","COMPUTER SCIENCE AND ENGINEERING","UG","ACCREDITED","3 YEARS W.E.F. 27-07-2006"
"JAYA ENGINEERING COLLEGE (CHENNAI)","ELECTRONICS AND COMMUNICATION ENGINEERING","UG","ACCREDITED","3 YEARS W.E.F. 27-07-2006"
"JAYA ENGINEERING COLLEGE (CHENNAI)","ELECTRONICS AND COMMUNICATION ENGINEERING","UG","ACCREDITED","2 YEARS W.E.F. 04-01-2013"
"JAYA ENGINEERING COLLEGE (CHENNAI)","COMPUTER SCIENCE AND ENGINEERING","UG","ACCREDITED","2 YEARS W.E.F. 04-01-2013"
"JAYA ENGINEERING COLLEGE (CHENNAI)","TEXTILE TECHNOLOGY","UG","ACCREDITED","2 YEARS W.E.F. 04-01-2013"
"JAYA ENGINEERING COLLEGE (CHENNAI)","Computer Science and Engineering","Under Graduate","ACCREDITED","Academic Year 2024-25, 2025-26 and 2026-27, i.e., upto 30/06/2027"
"JAYA ENGINEERING COLLEGE (CHENNAI)","Textile Technology","Under Graduate","ACCREDITED","Academic Year 2024-25, 2025-26 and 2026-27, i.e., upto 30/06/2027"
"JAYAM COLLEGE OF ENGINEERING AND TECHNOLOGY (Dharmapuri)","ELECTRONICS AND COMMUNICATION ENGINEERING","UG","ACCREDITED","3 YEARS W.E.F.14-5-2007"
"JAYAM COLLEGE OF ENGINEERING AND TECHNOLOGY (Dharmapuri)","COMPUTER SCIENCE AND ENGINEERING","UG","ACCREDITED","3 YEARS W.E.F.14-5-2007"
"JAYAM COLLEGE OF ENGINEERING AND TECHNOLOGY (Dharmapuri)","MECHANICAL ENGINEERING","UG","ACCREDITED","3 YEARS W.E.F.14-5-2007"
"JAYAM COLLEGE OF ENGINEERING AND TECHNOLOGY (Dharmapuri)","INFORMATION TECHNOLOGY","UG","ACCREDITED","3 YEARS W.E.F.16-4-2009"
"JAYAM COLLEGE OF ENGINEERING AND TECHNOLOGY (Dharmapuri)","ELECTRICAL AND ELECTRONICS ENGINEERING","UG","ACCREDITED","3 YEARS W.E.F.16-4-2009"
"JAYAM COLLEGE OF ENGINEERING AND TECHNOLOGY (Dharmapuri)","CIVIL ENGINEERING","UG","ACCREDITED","3 YEARS W.E.F.18-1-2011"
"JAYAM COLLEGE OF ENGINEERING AND TECHNOLOGY (Dharmapuri)","ELECTRONICS AND COMMUNICATION ENGINEERING","UG","ACCREDITED","2 YEARS W.E.F. 18-09-2013"
"JAYAM COLLEGE OF ENGINEERING AND TECHNOLOGY (Dharmapuri)","COMPUTER SCIENCE AND ENGINEERING","UG","ACCREDITED","2 YEARS W.E.F. 04-02-2014"
"JAYAM COLLEGE OF ENGINEERING AND TECHNOLOGY (Dharmapuri)","MECHANICAL ENGINEERING","UG","ACCREDITED","2 YEARS W.E.F. 04-02-2014"
"JAYAM COLLEGE OF ENGINEERING AND TECHNOLOGY (Dharmapuri)","ELECTRICAL AND ELECTRONICS ENGINEERING","UG","ACCREDITED","2 YEARS W.E.F. 04-02-2014"
"JAYAM COLLEGE OF ENGINEERING AND TECHNOLOGY (Dharmapuri)","INFORMATION TECHNOLOGY","UG","ACCREDITED","2 YEARS W.E.F. 04-02-2014"
"Jayaraj Annapackiam CSI College of Engineering (Thoothkudi)","Computer Science and Engineering","Under Graduate","ACCREDITED","Accredited for Academic Year 2024-25, 2025-26 and 2026-27, i.e., upto 30/06/2027"
"JAYARAM COLLEGE OF ENGINEERING AND TECHNOLOGY (TIRUCHIRAPPALLI)","MECHANICAL ENGINEERING","UG","ACCREDITED","3 YEARS W.E.F.16-4-2009"
"JAYARAM COLLEGE OF ENGINEERING AND TECHNOLOGY (TIRUCHIRAPPALLI)","COMPUTER SCIENCE AND ENGINEERING","UG","ACCREDITED","3 YEARS W.E.F.16-4-2009"
"JAYARAM COLLEGE OF ENGINEERING AND TECHNOLOGY (TIRUCHIRAPPALLI)","ELECTRONICS AND COMMUNICATION ENGINEERING","UG","ACCREDITED","3 YEARS W.E.F.16-4-2009"
"JCT COLLEGE OF ENGINEERING AND TECHNOLOGY (Coimbotore)","Computer Science and Engineering","Under Graduate","ACCREDITED","Academic Years 2018-19, 2019-20, 2020-21 and 2021-22, i.e., upto 30-06-2022; Further Accredited for Academic Year 2022-23, 2023-24 and 2024-25, i.e., upto 30/06/2025"
"JCT COLLEGE OF ENGINEERING AND TECHNOLOGY (Coimbotore)","Electrical & Electronics Engineering","Under Graduate","ACCREDITED","Academic Years 2018-19, 2019-20, 2020-21 and 2021-22, i.e., upto 30-06-2022; Further Accredited for Academic Year 2022-23, 2023-24 and 2024-25, i.e., upto 30/06/2025"
"JCT COLLEGE OF ENGINEERING AND TECHNOLOGY (Coimbotore)","Mechanical Engineering","Under Graduate","ACCREDITED","Academic Years 2018-19, 2019-20, 2020-21 and 2021-22, i.e., upto 30-06-2022; Further Accredited for Academic Year 2022-23, 2023-24 and 2024-25, i.e., upto 30/06/2025"
"JCT COLLEGE OF ENGINEERING AND TECHNOLOGY (Coimbotore)","Petrochemical Engineering","Under Graduate","ACCREDITED","Academic Years 2018-19, 2019-20, 2020-21 and 2021-22, i.e., upto 30-06-2022; Further Accredited for Academic Year 2022-23, 2023-24 and 2024-25, i.e., upto 30/06/2025"
"JCT COLLEGE OF ENGINEERING AND TECHNOLOGY (Coimbotore)","Electronics & Communication Engineering","Under Graduate","ACCREDITED","Academic Year 2024-25, 2025-26 and 2026-27, i.e., upto 30/06/2027"
"JCT COLLEGE OF ENGINEERING AND TECHNOLOGY (Coimbotore)","Petroleum Engineering","Under Graduate","ACCREDITED","Academic Year 2024-25, 2025-26 and 2026-27, i.e., upto 30/06/2027"
"JEPPIAAR ENGINEERING COLLEGE (CHENNAI)","BIOTECHNOLOGY","UG","ACCREDITED","3 YEARS W.E.F.19-7-2008"
"JEPPIAAR ENGINEERING COLLEGE (CHENNAI)","MECHANICAL ENGINEERING","UG","ACCREDITED","3 YEARS W.E.F.19-7-2008"
"JEPPIAAR ENGINEERING COLLEGE (CHENNAI)","ELECTRONICS AND COMMUNICATION ENGINEERING","UG","ACCREDITED","3 YEARS W.E.F.19-7-2008"
"JEPPIAAR ENGINEERING COLLEGE (CHENNAI)","ELECTRICAL AND ELECTRONICS ENGINEERING","UG","ACCREDITED","3 YEARS W.E.F.19-7-2008"
"JEPPIAAR ENGINEERING COLLEGE (CHENNAI)","COMPUTER SCIENCE AND ENGINEERING","UG","ACCREDITED","3 YEARS W.E.F.19-7-2008"
"JEPPIAAR ENGINEERING COLLEGE (Chennai)","Biotechnology","Under Graduate","ACCREDITED","Academic Year 2018-19, 2019-20 and 2020-21, i.e., upto 30-06-2021"
"Jeppiaar Institute of Technology (Kancheepuram)","Information Technology","Under Graduate","ACCREDITED","Academic year 2023-24, 2024-25 and 2025-26, i.e. upto 30-06-2026"
"Jeppiaar Institute of Technology (Kancheepuram)","Computer Science and Engineering","Under Graduate","ACCREDITED","Academic year 2023-24, 2024-25 and 2025-26, i.e. upto 30-06-2026"
"Jerusalem College of Engineering (Chennai)","Electronics & Communication Engineering","Under Graduate","ACCREDITED","Academic Year 2019-20, 2020-21 and 2021-22, i.e., upto 30-06-2022"
"Jerusalem College of Engineering (Chennai)","Biomedical Engineering","Under Graduate","ACCREDITED","Academic Year 2019-20, 2020-21 and 2021-22, i.e., upto 30-06-2022; Further Accredited for Academic Year 2022-23, 2023-24 and 2024-25, i.e., upto 30/06/2025"
"Jerusalem College of Engineering (Chennai)","Computer Science and Engineering","Under Graduate","ACCREDITED","Academic Year 2019-20, 2020-21 and 2021-22, i.e., upto 30-06-2022; Further Accredited for Academic Year 2022-23, 2023-24 and 2024-25, i.e., upto 30/06/2025"
"JERUSALEM COLLEGE OF ENGINEERING (CHENNAI)","COMPUTER SCIENCE AND ENGINEERING","UG","ACCREDITED","3 YEARS W.E.F.7-5-2003"
"JERUSALEM COLLEGE OF ENGINEERING (CHENNAI)","ELECTRONICS AND COMMUNICATION ENGINEERING","UG","ACCREDITED","3 YEARS W.E.F.7-5-2003"
"JERUSALEM COLLEGE OF ENGINEERING (CHENNAI)","ELECTRICAL AND ELECTRONICS ENGINEERING","UG","ACCREDITED","3 YEARS W.E.F.7-5-2003"
"JERUSALEM COLLEGE OF ENGINEERING (CHENNAI)","COMPUTER SCIENCE AND ENGINEERING","UG","ACCREDITED","3 YEARS W.E.F.29-5-2009"
"JERUSALEM COLLEGE OF ENGINEERING (CHENNAI)","ELECTRONICS AND COMMUNICATION ENGINEERING","UG","ACCREDITED","3 YEARS W.E.F.29-5-2009"
"JERUSALEM COLLEGE OF ENGINEERING (CHENNAI)","ELECTRICAL AND ELECTRONICS ENGINEERING","UG","ACCREDITED","3 YEARS W.E.F.29-5-2009"
"JERUSALEM COLLEGE OF ENGINEERING (CHENNAI)","CIVIL ENGINEERING","UG","ACCREDITED","3 YEARS W.E.F.29-5-2009"
"JERUSALEM COLLEGE OF ENGINEERING (CHENNAI)","INFORMATION TECHNOLOGY","UG","ACCREDITED","3 YEARS W.E.F.29-5-2009"
"JNN Institute of Engineering (Tiruvallur)","Computer Science and Engineering","Under Graduate","ACCREDITED","Academic year 2023-24,2024-25 and 2025-26 i.e. 30-06-2026"
"K RAMAKRISHNAN COLLEGE OF ENGINEERING (Tiruchirappalli)","Computer Science and Engineering","Under Graduate","ACCREDITED","Academic year 2023-24, 2024-25 and 2025-26, i.e. upto 30-06-2026"
"K RAMAKRISHNAN COLLEGE OF ENGINEERING (Tiruchirappalli)","Electrical & Electronics Engineering","Under Graduate","ACCREDITED","Academic Year 2019-20, 2020-21 and 2021-22, i.e., upto 30-06-2022; Further Accredited for Academic Year 2022-23, 2023-24 and 2024-25, i.e., upto 30/06/2025"
"K RAMAKRISHNAN COLLEGE OF ENGINEERING (Tiruchirappalli)","Electronics & Communication Engineering","Under Graduate","ACCREDITED","Academic Year 2019-20, 2020-21 and 2021-22, i.e., upto 30-06-2022; Further Accredited for Academic Year 2022-23, 2023-24 and 2024-25, i.e., upto 30/06/2025"
"K RAMAKRISHNAN COLLEGE OF ENGINEERING (Tiruchirappalli)","Mechanical Engineering","Under Graduate","ACCREDITED","Academic Year 2019-20, 2020-21 and 2021-22, i.e., upto 30-06-2022; Further Accredited for Academic Year 2022-23, 2023-24 and 2024-25, i.e., upto 30/06/2025"
"K RAMAKRISHNAN COLLEGE OF TECHNOLOGY (Tiruchirappalli)","Mechanical Engineering","Under Graduate","ACCREDITED","Academic Year 2021-22, 2022-23 and 2023-24, i.e., upto 30-06-2024; Further Accredited for Academic Year 2024-25, 2025-26 and 2026-27, i.e., upto 30/06/2027"
"K RAMAKRISHNAN COLLEGE OF TECHNOLOGY (Tiruchirappalli)","Civil Engineering","Under Graduate","ACCREDITED","Academic Year 2022-23, 2023-24 and 2024-25, i.e., upto 30-06-2025"
"K RAMAKRISHNAN COLLEGE OF TECHNOLOGY (Tiruchirappalli)","Computer Science and Engineering","Under Graduate","ACCREDITED","Academic Year 2022-23, 2023-24 and 2024-25, i.e., upto 30-06-2025"
"K RAMAKRISHNAN COLLEGE OF TECHNOLOGY (Tiruchirappalli)","Electronics & Communication Engineering","Under Graduate","ACCREDITED","Academic Year 2019-20, 2020-21 and 2021-22, i.e., upto 30-06-2022 ; Further Accredited for Academic Year 2022-23, 2023-24 and 2024-25, i.e., upto 30/06/2025"
"K S R INSTITUTE FOR ENGINEERING AND TECHNOLOGY (Namakkal)","Computer Science and Engineering","Under Graduate","ACCREDITED","Academic Year 2019-20, 2020-21 and 2021-22, i.e., upto 30-06-2022; Further Accredited for Academic Year 2022-23, 2023-24 and 2024-25, i.e., upto 30/06/2025"
"K S R INSTITUTE FOR ENGINEERING AND TECHNOLOGY (Namakkal)","Electrical & Electronics Engineering","Under Graduate","ACCREDITED","Academic Year 2019-20, 2020-21 and 2021-22, i.e., upto 30-06-2022; Further Accredited for Academic Year 2022-23, 2023-24 and 2024-25, i.e., upto 30/06/2025"
"K S R INSTITUTE FOR ENGINEERING AND TECHNOLOGY (Namakkal)","Electronics & Communication Engineering","Under Graduate","ACCREDITED","Academic Year 2019-20, 2020-21 and 2021-22, i.e., upto 30-06-2022; Further Accredited for Academic Year 2022-23, 2023-24 and 2024-25, i.e., upto 30/06/2025"
"K S R INSTITUTE FOR ENGINEERING AND TECHNOLOGY (Namakkal)","Information Technology","Under Graduate","ACCREDITED","Academic Year 2019-20, 2020-21 and 2021-22, i.e., upto 30-06-2022; Further Accredited for Academic Year 2022-23, 2023-24 and 2024-25, i.e., upto 30/06/2025"
"K S R INSTITUTE FOR ENGINEERING AND TECHNOLOGY (Namakkal)","Mechanical Engineering","Under Graduate","ACCREDITED","Academic Year 2019-20, 2020-21 and 2021-22, i.e., upto 30-06-2022"
"K.L.N. COLLEGE OF INFORMATION TECHNOLOGY (SIVAGANGAI)","COMPUTER SCIENCE AND ENGINEERING","UG","ACCREDITED","3 YEARS W.E.F. 15-03-2012"
"K.L.N. COLLEGE OF INFORMATION TECHNOLOGY (SIVAGANGAI)","ELECTRONICS AND COMMUNICATION ENGINEERING","UG","ACCREDITED","3 YEARS W.E.F. 15-03-2012"
"K.L.N. COLLEGE OF INFORMATION TECHNOLOGY (SIVAGANGAI)","INFORMATION TECHNOLOGY","UG","ACCREDITED","3 YEARS W.E.F. 15-03-2012"
"K.L.N.COLLEGE OF ENGINEERING (Sivaganga)","Computer Science and Engineering","Under Graduate","ACCREDITED","Academic year 2022-23, 2023-24 and 2024-25, i.e., upto 30-06-2025"
"K.L.N.COLLEGE OF ENGINEERING (Sivaganga)","Electronics & Communication Engineering","Under Graduate","ACCREDITED","Academic year 2022-23, 2023-24 and 2024-25, i.e., upto 30-06-2025"
"K.L.N.COLLEGE OF ENGINEERING (Sivaganga)","Information Technology","Under Graduate","ACCREDITED","Academic year 2022-23, 2023-24 and 2024-25, i.e., upto 30-06-2025"
"K.L.N.COLLEGE OF ENGINEERING (Sivaganga)","Mechanical Engineering","Under Graduate","ACCREDITED","Academic year 2022-23, 2023-24 and 2024-25, i.e., upto 30-06-2025"
"K.L.N.COLLEGE OF ENGINEERING (Sivaganga)","Computer Science and Engineering","Under Graduate","ACCREDITED","Academic Year 2016-17, 2017-18 and 2018-19, i.e., upto 30-06-2019; Further accredited from Academic Year 2019-20, 2020-21 and 2021-22, i.e., upto 30-06-2022"
"K.L.N.COLLEGE OF ENGINEERING (Sivaganga)","Electrical & Electronics Engineering","Under Graduate","ACCREDITED","Academic Year 2016-17, 2017-18 and 2018-19, i.e., upto 30-06-2019; Further accredited from Academic Year 2019-20, 2020-21 and 2021-22, i.e., upto 30-06-2022"
"K.L.N.COLLEGE OF ENGINEERING (Sivaganga)","Electronics & Communication Engineering","Under Graduate","ACCREDITED","Academic Year 2016-17, 2017-18 and 2018-19, i.e., upto 30-06-2019; Further accredited from Academic Year 2019-20, 2020-21 and 2021-22, i.e., upto 30-06-2022"
"K.L.N.COLLEGE OF ENGINEERING (Sivaganga)","Information Technology","Under Graduate","ACCREDITED","Academic Year 2016-17, 2017-18 and 2018-19, i.e., upto 30-06-2019; Further accredited from Academic Year 2019-20, 2020-21 and 2021-22, i.e., upto 30-06-2022"
"K.L.N.COLLEGE OF ENGINEERING (Sivaganga)","Mechanical Engineering","Under Graduate","ACCREDITED","Academic Year 2016-17, 2017-18 and 2018-19, i.e., upto 30-06-2019; Further accredited from Academic Year 2019-20, 2020-21 and 2021-22, i.e., upto 30-06-2022"
"K.S.R.COLLEGE OF ENGINEERING (TIRUCHENGODE)","ELECTRONICS AND COMMUNICATION ENGINEERING","UG","ACCREDITED","3 YEARS W.E.F. 19-07-2008"
"K.S.R.COLLEGE OF ENGINEERING (TIRUCHENGODE)","COMPUTER SCIENCE AND ENGINEERING","UG","ACCREDITED","3 YEARS W.E.F. 19-07-2008"
"K.S.R.COLLEGE OF ENGINEERING (TIRUCHENGODE)","INFORMATION TECHNOLOGY","UG","ACCREDITED","3 YEARS W.E.F. 19-07-2008"
"K.S.R.COLLEGE OF ENGINEERING (TIRUCHENGODE)","CIVIL ENGINEERING","UG","ACCREDITED","3 YEARS W.E.F. 19-07-2008"
"K.S.R.COLLEGE OF ENGINEERING (TIRUCHENGODE)","ELECTRICAL AND ELECTRONICS ENGINEERING","UG","ACCREDITED","3 YEARS W.E.F. 19-07-2008"
"K.S.R.COLLEGE OF ENGINEERING (TIRUCHENGODE)","ELECTRONICS AND COMMUNICATION ENGINEERING","UG","ACCREDITED","2 YEARS W.E.F. 18-09-2013"
"K.S.R.COLLEGE OF ENGINEERING (TIRUCHENGODE)","ELECTRICAL AND ELECTRONICS ENGINEERING","UG","ACCREDITED","2 YEARS W.E.F. 18-09-2013"
"K.S.R.COLLEGE OF ENGINEERING (TIRUCHENGODE)","MECHANICAL ENGINEERING","UG","ACCREDITED","2 YEARS W.E.F. 18-09-2013"
"K.S.R.COLLEGE OF ENGINEERING (TIRUCHENGODE)","CIVIL ENGINEERING","UG","ACCREDITED","2 YEARS W.E.F. 18-09-2013"
"K.S.RANGASAMY COLLEGE OF TECHNOLOGY (TIRUCHENGODE)","MECHANICAL ENGINEERING","UG","ACCREDITED","3 YEARS W.E.F. 15-02-2005"
"K.S.RANGASAMY COLLEGE OF TECHNOLOGY (TIRUCHENGODE)","ELECTRICAL AND ELECTRONICS ENGINEERING","UG","ACCREDITED","3 YEARS W.E.F. 15-02-2005"
"K.S.RANGASAMY COLLEGE OF TECHNOLOGY (TIRUCHENGODE)","ELECTRONICS AND COMMUNICATION ENGINEERING","UG","ACCREDITED","3 YEARS W.E.F. 15-02-2005"
"K.S.RANGASAMY COLLEGE OF TECHNOLOGY (TIRUCHENGODE)","COMPUTER SCIENCE AND ENGINEERING","UG","ACCREDITED","3 YEARS W.E.F. 15-02-2005"
"K.S.RANGASAMY COLLEGE OF TECHNOLOGY (TIRUCHENGODE)","INFORMATION TECHNOLOGY","UG","ACCREDITED","3 YEARS W.E.F. 16-03-2007"
"K.S.RANGASAMY COLLEGE OF TECHNOLOGY (TIRUCHENGODE)","TEXTILE TECHNOLOGY","UG","ACCREDITED","3 YEARS W.E.F. 16-03-2007"
"K.S.RANGASAMY COLLEGE OF TECHNOLOGY (TIRUCHENGODE)","MECHATRONICS ENGINEERING","UG","ACCREDITED","3 YEARS W.E.F. 16-03-2007"
"K.S.RANGASAMY COLLEGE OF TECHNOLOGY (TIRUCHENGODE)","MECHANICAL ENGINEERING","UG","ACCREDITED","5 YEARS W.E.F. 19-07-2008"
"K.S.RANGASAMY COLLEGE OF TECHNOLOGY (TIRUCHENGODE)","ELECTRICAL AND ELECTRONICS ENGINEERING","UG","ACCREDITED","3 YEARS W.E.F. 19-07-2008"
"K.S.RANGASAMY COLLEGE OF TECHNOLOGY (TIRUCHENGODE)","ELECTRONICS AND COMMUNICATION ENGINEERING","UG","ACCREDITED","3 YEARS W.E.F. 19-07-2008"
"K.S.RANGASAMY COLLEGE OF TECHNOLOGY (TIRUCHENGODE)","COMPUTER SCIENCE AND ENGINEERING","UG","ACCREDITED","3 YEARS W.E.F. 19-07-2008"
"K.S.RANGASAMY COLLEGE OF TECHNOLOGY (TIRUCHENGODE)","CIVIL ENGINEERING","UG","ACCREDITED","3 YEARS W.E.F. 19-07-2008"
"K.S.RANGASAMY COLLEGE OF TECHNOLOGY (TIRUCHENGODE)","BIOTECHNOLOGY","UG","ACCREDITED","3 YEARS W.E.F. 19-07-2008"
"K.S.RANGASAMY COLLEGE OF TECHNOLOGY (TIRUCHENGODE)","INFORMATION TECHNOLOGY","UG","ACCREDITED","2 YEARS W.E.F. 04-01-2013"
"K.S.RANGASAMY COLLEGE OF TECHNOLOGY (TIRUCHENGODE)","TEXTILE TECHNOLOGY","UG","ACCREDITED","2 YEARS W.E.F. 04-01-2013"
"K.S.RANGASAMY COLLEGE OF TECHNOLOGY (TIRUCHENGODE)","MECHATRONICS ENGINEERING","UG","ACCREDITED","2 YEARS W.E.F. 04-01-2013"
"K.S.RANGASAMY COLLEGE OF TECHNOLOGY (TIRUCHENGODE)","BIOTECHNOLOGY","UG","ACCREDITED","2 YEARS W.E.F. 01-07-2014"
"K.S.RANGASAMY COLLEGE OF TECHNOLOGY (TIRUCHENGODE)","CIVIL ENGINEERING","UG","ACCREDITED","2 YEARS W.E.F. 01-07-2014"
"K.S.RANGASAMY COLLEGE OF TECHNOLOGY (TIRUCHENGODE)","ELECTRICAL AND ELECTRONICS ENGINEERING","UG","ACCREDITED","2 YEARS W.E.F. 01-07-2014"
"K.S.RANGASAMY COLLEGE OF TECHNOLOGY (TIRUCHENGODE)","ELECTRONICS AND COMMUNICATION ENGINEERING","UG","ACCREDITED","2 YEARS W.E.F. 01-07-2014"
"K.S.RANGASAMY COLLEGE OF TECHNOLOGY (TIRUCHENGODE)","COMPUTER SCIENCE AND ENGINEERING","UG","ACCREDITED","2 YEARS W.E.F. 01-07-2014"
"K.S.RANGASAMY COLLEGE OF TECHNOLOGY (TIRUCHENGODE)","INFORMATION TECHNOLOGY","UG","ACCREDITED","3YEARS.W.E.F.16-3-2007"
"K.S.RANGASAMY COLLEGE OF TECHNOLOGY (TIRUCHENGODE)","TEXTILE TECHNOLOGY","UG","ACCREDITED","3YEARS.W.E.F.16-3-2007"
"K.S.RANGASAMY COLLEGE OF TECHNOLOGY (TIRUCHENGODE)","MECHATRONICS ENGINEERING","UG","ACCREDITED","3YEARS.W.E.F.16-3-2007"
"KAMARAJ COLLEGE OF ENGINEERING AND TECHNOLOGY (VIRUDHUNAGAR)","POLYMER TECHNOLOGY","UG","ACCREDITED","3 YEARS W.E.F.19-7-2008"
"KAMARAJ COLLEGE OF ENGINEERING AND TECHNOLOGY (VIRUDHUNAGAR)","ELECTRICAL AND ELECTRONICS ENGINEERING","UG","ACCREDITED","3 YEARS W.E.F.10-2-2009"
"KAMARAJ COLLEGE OF ENGINEERING AND TECHNOLOGY (VIRUDHUNAGAR)","INFORMATION TECHNOLOGY","UG","ACCREDITED","3 YEARS W.E.F.10-2-2009"
"KAMARAJ COLLEGE OF ENGINEERING AND TECHNOLOGY (VIRUDHUNAGAR)","ELECTRONICS AND COMMUNICATION ENGINEERING","UG","ACCREDITED","3 YEARS W.E.F.10-2-2009"
"KAMARAJ COLLEGE OF ENGINEERING AND TECHNOLOGY (VIRUDHUNAGAR)","COMPUTER SCIENCE AND ENGINEERING","UG","ACCREDITED","3 YEARS W.E.F.10-2-2009"
"KAMARAJ COLLEGE OF ENGINEERING AND TECHNOLOGY (VIRUDHUNAGAR)","ELECTRONICS AND INSTRUMENTATION ENGINEERING","UG","ACCREDITED","3 YEARS W.E.F.10-2-2009"
"KAMARAJ COLLEGE OF ENGINEERING AND TECHNOLOGY (VIRUDHUNAGAR)","BIOTECHNOLOGY","UG","ACCREDITED","3 YEARS W.E.F.10-2-2009"
"KAMARAJ COLLEGE OF ENGINEERING AND TECHNOLOGY (VIRUDHUNAGAR)","BIOTECHNOLOGY","UG","ACCREDITED","2 YEARS W.E.F. 18-09-2013"
"KAMARAJ COLLEGE OF ENGINEERING AND TECHNOLOGY (VIRUDHUNAGAR)","ELECTRICAL AND ELECTRONICS ENGINEERING","UG","ACCREDITED","2 YEARS W.E.F. 18-09-2013"
"KAMARAJ COLLEGE OF ENGINEERING AND TECHNOLOGY (VIRUDHUNAGAR)","POLYMER TECHNOLOGY","UG","ACCREDITED","2 YEARS W.E.F. 06-05-2014"
"KAMARAJ COLLEGE OF ENGINEERING AND TECHNOLOGY (VIRUDHUNAGAR)","Electrical & Electronics Engineering","Under Graduate","ACCREDITED","Academic Year 2017-18, 2018-19 and 2019-20, i.e., upto 30-06-2020"
"KAMARAJ COLLEGE OF ENGINEERING AND TECHNOLOGY (VIRUDHUNAGAR)","Polymer Technology","Under Graduate","ACCREDITED","Academic Years 2020-2021, 2021-2022 and 2022-2023 i.e. up to 30.06.2023"
"KAMARAJ COLLEGE OF ENGINEERING AND TECHNOLOGY (VIRUDHUNAGAR)","Biotechnology","Under Graduate","ACCREDITED","Academic Year 2017-18, 2018-19 and 2019-20, i.e., upto 30-06-2020; Further Accredited for Academic Year 2020-21, 2021-22 and 2022-23, i.e., upto 30-06-2023"
"KAMARAJ COLLEGE OF ENGINEERING AND TECHNOLOGY (VIRUDHUNAGAR)","Mechanical Engineering","Under Graduate","ACCREDITED","Academic Year 2017-18, 2018-19 and 2019-20, i.e., upto 30-06-2020; Further Accredited for Academic Year 2020-21, 2021-22 and 2022-23, i.e., upto 30-06-2023"
"KAMARAJ COLLEGE OF ENGINEERING AND TECHNOLOGY (VIRUDHUNAGAR)","Electronics & Communication Engineering","Under Graduate","ACCREDITED","Academic Year 2020-21, 2021-22 and 2022-23, i.e., upto 30-06-2023; Further Accredited for Academic Year 2023-24, 2024-25 and 2025-26, i.e., upto 30/06/2026"
"KAMARAJ COLLEGE OF ENGINEERING AND TECHNOLOGY (VIRUDHUNAGAR)","Computer Science and Engineering","Under Graduate","ACCREDITED","Academic Year 2020-21, 2021-22 and 2022-23, i.e., upto 30-06-2023; Further Accredited for Academic Year 2023-24, 2024-25 and 2025-26, i.e., upto 30/06/2026"
"KAMARAJ COLLEGE OF ENGINEERING AND TECHNOLOGY (VIRUDHUNAGAR)","Biotechnology","Under Graduate","ACCREDITED","Academic year 2023-24, 2024-25 and 2025-26, i.e. upto 30-06-2026"
"KAMARAJ COLLEGE OF ENGINEERING AND TECHNOLOGY (VIRUDHUNAGAR)","Mechanical Engineering","Under Graduate","ACCREDITED","Academic Years 2023-24, 2024-25 and 2025-26, i.e., upto 30/06/2026"
"KAMARAJ COLLEGE OF ENGINEERING AND TECHNOLOGY (VIRUDHUNAGAR)","Electrical and Electronics Engineering","Under Graduate","ACCREDITED","Academic year 2023-24, 2024-25 and 2025-26, i.e. upto 30-06-2026"
"KAMARAJ COLLEGE OF ENGINEERING AND TECHNOLOGY (VIRUDHUNAGAR)","Information Technology","Under Graduate","ACCREDITED","Academic Year 2021-22, 2022-23 and 2023-24, i.e., upto 30-06-2024; Further Accredited for Academic Year 2024-25, 2025-26 and 2026-27, i.e., upto 30/06/2027"
"KAMARAJ COLLEGE OF ENGINEERING AND TECHNOLOGY (VIRUDHUNAGAR)","Mechatronics Engineering","Under Graduate","ACCREDITED","Academic Year 2021-22, 2022-23 and 2023-24, i.e., upto 30-06-2024; Further Accredited for Academic Year 2024-25, 2025-26 and 2026-27, i.e., upto 30/06/2027"
"KARPAGA VINAYAGA COLLEGE OF ENGINEERING AND TECHNOLOGY (KANCHIPURAM)","BIOTECHNOLOGY","UG","ACCREDITED","3 YEARS W.E.F. 16-04-2009"
"KARPAGA VINAYAGA COLLEGE OF ENGINEERING AND TECHNOLOGY (KANCHIPURAM)","COMPUTER SCIENCE AND ENGINEERING","UG","ACCREDITED","3 YEARS W.E.F. 05-05-2009"
"KARPAGA VINAYAGA COLLEGE OF ENGINEERING AND TECHNOLOGY (KANCHIPURAM)","ELECTRONICS AND COMMUNICATION ENGINEERING","UG","ACCREDITED","3 YEARS W.E.F. 16-04-2009"
"KARPAGA VINAYAGA COLLEGE OF ENGINEERING AND TECHNOLOGY (KANCHIPURAM)","ELECTRONICS AND COMMUNICATION ENGINEERING","UG","ACCREDITED","2 YEARS W.E.F. 18-09-2013"
"KARPAGA VINAYAGA COLLEGE OF ENGINEERING AND TECHNOLOGY (KANCHIPURAM)","ELECTRICAL AND ELECTRONICS ENGINEERING","UG","ACCREDITED","2 YEARS W.E.F. 18-09-2013"
"KARPAGA VINAYAGA COLLEGE OF ENGINEERING AND TECHNOLOGY (KANCHIPURAM)","MECHANICAL ENGINEERING","UG","ACCREDITED","2 YEARS W.E.F. 18-09-2013"
"KARPAGA VINAYAGA COLLEGE OF ENGINEERING AND TECHNOLOGY (KANCHIPURAM)","BIOTECHNOLOGY","UG","ACCREDITED","2 YEARS W.E.F. 18-09-2013"
"KARPAGA VINAYAGA COLLEGE OF ENGINEERING AND TECHNOLOGY (KANCHIPURAM)","COMPUTER SCIENCE AND ENGINEERING","UG","ACCREDITED","2 YEARS W.E.F. 04-02-2014"
"KARPAGA VINAYAGA COLLEGE OF ENGINEERING AND TECHNOLOGY (KANCHIPURAM)","Mechanical Engineering","Under Graduate","ACCREDITED","Academic Year 2022-23, 2023-24 and 2024-25, i.e., upto 30-06-2025"
"KARPAGA VINAYAGA COLLEGE OF ENGINEERING AND TECHNOLOGY (KANCHIPURAM)","Biotechnology","Under Graduate","ACCREDITED","Academic Year 2022-23, 2023-24 and 2024-25, i.e., upto 30-06-2025"
"KARPAGAM COLLEGE OF ENGINEERING (COIMBATORE)","MECHANICAL ENGINEERING","UG","ACCREDITED","3 YEARS W.E.F.16-3-2007"
"KARPAGAM COLLEGE OF ENGINEERING (COIMBATORE)","ELECTRONICS AND COMMUNICATION ENGINEERING","UG","ACCREDITED","3 YEARS W.E.F.16-3-2007"
"KARPAGAM COLLEGE OF ENGINEERING (COIMBATORE)","COMPUTER SCIENCE AND ENGINEERING","UG","ACCREDITED","3 YEARS W.E.F.16-3-2007"
"KARPAGAM COLLEGE OF ENGINEERING (COIMBATORE)","ELECTRICAL AND ELECTRONICS ENGINEERING","UG","ACCREDITED","3 YEARS W.E.F.29-5-2009"
"KARPAGAM COLLEGE OF ENGINEERING (COIMBATORE)","INFORMATION TECHNOLOGY","UG","ACCREDITED","3 YEARS W.E.F.29-5-2009"
"KARPAGAM COLLEGE OF ENGINEERING (COIMBATORE)","ELECTRONICS AND COMMUNICATION ENGINEERING","UG","ACCREDITED","2 YEARS W.E.F. 05-08-2013"
"Karpagam Institute of Technology (Coimbotore)","Computer Science and Engineering","Under Graduate","ACCREDITED","Academic Year 2022-23, 2023-24 and 2024-25, i.e., upto 30-06-2025"
"Karpagam Institute of Technology (Coimbotore)","Electronics & Communication Engineering","Under Graduate","ACCREDITED","Academic Year 2022-23, 2023-24 and 2024-25, i.e., upto 30-06-2025"
"Karpagam Institute of Technology (Coimbotore)","Information Technology","Under Graduate","ACCREDITED","Academic Year 2022-23, 2023-24 and 2024-25, i.e., upto 30-06-2025"
"KARUNYA INSTITUTE OF TECHNOLOGY (COIMBATORE)","ELECTRONICS AND INSTRUMENTATION ENGINEERING","UG","ACCREDITED","3 YEARS W.E.F.9-11-2001"
"KARUNYA INSTITUTE OF TECHNOLOGY (COIMBATORE)","COMPUTER SCIENCE AND ENGINEERING","UG","ACCREDITED","3 YEARS W.E.F.9-11-2001"
"KARUNYA INSTITUTE OF TECHNOLOGY (COIMBATORE)","CIVIL ENGINEERING","UG","ACCREDITED","3 YEARS W.E.F.11-6-2004"
"KARUNYA INSTITUTE OF TECHNOLOGY, COIMBATORE (COIMBATORE)","MECHANICAL ENGINEERING","UG","ACCREDITED","5 YEARS w.e.f. 12-05-1999"
"KARUNYA INSTITUTE OF TECHNOLOGY, COIMBATORE (COIMBATORE)","CIVIL ENGINEERING","UG","ACCREDITED","3 YEARS w.e.f. 12-05-1999"
"KARUNYA INSTITUTE OF TECHNOLOGY, COIMBATORE (COIMBATORE)","ELECTRONICS AND COMMUNICATION ENGINEERING","UG","ACCREDITED","5 YEARS w.e.f. 12-05-1999"
"KARUNYA INSTITUTE OF TECHNOLOGY, COIMBATORE (COIMBATORE)","ELECTRICAL AND ELECTRONICS ENGINEERING","UG","ACCREDITED","5 YEARS w.e.f. 12-05-1999"
"KCG COLLEGE OF TECHNOLOGY (CHENNAI)","MECHANICAL ENGINEERING","UG","ACCREDITED","3 YEARS W.E.F.27-7-2006"
"KCG COLLEGE OF TECHNOLOGY (CHENNAI)","ELECTRICAL AND ELECTRONICS ENGINEERING","UG","ACCREDITED","3 YEARS W.E.F.27-7-2006"
"KCG COLLEGE OF TECHNOLOGY (CHENNAI)","COMPUTER SCIENCE AND ENGINEERING","UG","ACCREDITED","3 YEARS W.E.F.27-7-2006"
"KCG COLLEGE OF TECHNOLOGY (CHENNAI)","COMPUTER SCIENCE AND ENGINEERING","UG","ACCREDITED","3 YEARS W.E.F. 15/3/2012"
"KCG COLLEGE OF TECHNOLOGY (CHENNAI)","ELECTRONICS AND COMMUNICATION ENGINEERING","UG","ACCREDITED","3 YEARS W.E.F. 15/3/2012"
"KCG COLLEGE OF TECHNOLOGY (CHENNAI)","ELECTRICAL AND ELECTRONICS ENGINEERING","UG","ACCREDITED","3 YEARS W.E.F. 15/3/2012"
"KCG COLLEGE OF TECHNOLOGY (CHENNAI)","MECHANICAL ENGINEERING","UG","ACCREDITED","3 YEARS W.E.F. 15/3/2012"
"KCG COLLEGE OF TECHNOLOGY (CHENNAI)","Aeronautical Engineering","Under Graduate","ACCREDITED","Academic Year 2022-23, 2023-24 and 2024-25, i.e., upto 30-06-2025"
"KCG COLLEGE OF TECHNOLOGY (CHENNAI)","Computer Science and Engineering","Under Graduate","ACCREDITED","Academic year 2023-24, 2024-25 and 2025-26, i.e. upto 30-06-2026"
"KCG COLLEGE OF TECHNOLOGY (CHENNAI)","Electronics & Communication Engineering","Under Graduate","ACCREDITED","Academic Years 2023-24, 2024-25 and 2025-26, i.e., upto 30/06/2026"
"KCG COLLEGE OF TECHNOLOGY (CHENNAI)","Information Technology","Under Graduate","ACCREDITED","Academic year 2023-24, 2024-25 and 2025-26, i.e. upto 30-06-2026"
"KCG COLLEGE OF TECHNOLOGY (CHENNAI)","Electrical & Electronics Engineering","Under Graduate","ACCREDITED","Academic Year 2017-18, 2018-19 and 2019-20, i.e. up to 30-06-2020"
"KCG COLLEGE OF TECHNOLOGY (CHENNAI)","Computer Science and Engineering","Under Graduate","ACCREDITED","Academic Year 2017-18, 2018-19 and 2019-20, i.e. up to 30-06-2020; Further accredited for Academic Year 2020-21, 2021-22 and 2022-23, i.e. up to 30-06-2023"
"KCG COLLEGE OF TECHNOLOGY (CHENNAI)","Information Technology","Under Graduate","ACCREDITED","Academic Year 2017-18, 2018-19 and 2019-20, i.e. up to 30-06-2020; Further accredited for Academic Year 2020-21, 2021-22 and 2022-23, i.e. up to 30-06-2023"
"KCG COLLEGE OF TECHNOLOGY (CHENNAI)","Electronics & Communication Engineering","Under Graduate","ACCREDITED","Academic Year 2017-18, 2018-19 and 2019-20, i.e. up to 30-06-2020; Further accredited for Academic Year 2020-21, 2021-22 and 2022-23, i.e. up to 30-06-2023"
"KCG COLLEGE OF TECHNOLOGY (CHENNAI)","Mechanical Engineering","Under Graduate","ACCREDITED","Academic Year 2017-18, 2018-19 and 2019-20, i.e. up to 30-06-2020; Further accredited for Academic Year 2020-21, 2021-22 and 2022-23, i.e. up to 30-06-2023"
"KGISL INSTITUTE OF TECHNOLOGY (Coimbotore)","Computer Science and Engineering","Under Graduate","ACCREDITED","Academic Year 2024-25, 2025-26 and 2026-27, i.e., upto 30/06/2027"
"KGISL INSTITUTE OF TECHNOLOGY (Coimbotore)","Electronics & Communication Engineering","Under Graduate","ACCREDITED","Academic Year 2024-25, 2025-26 and 2026-27, i.e., upto 30/06/2027"
"KGISL INSTITUTE OF TECHNOLOGY (Coimbotore)","Information Technology","Under Graduate","ACCREDITED","Academic Year 2019-20, 2020-21 and 2021-22, i.e. up to 30-06-2022 ; Further Accredited for Academic Year 2022-23, 2023-24 and 2024-25, i.e., upto 30/06/2025"
"KINGS COLLEGE OF ENGINEERING (PUDUKKOTTAI)","INFORMATION TECHNOLOGY","UG","ACCREDITED","3 YEARS W.E.F.13-3-2009"
"KINGS COLLEGE OF ENGINEERING (PUDUKKOTTAI)","COMPUTER SCIENCE AND ENGINEERING","UG","ACCREDITED","3 YEARS W.E.F.13-3-2009"
"KINGS ENGINEERING COLLEGE (Kancheepuram)","Mechanical Engineering","Under Graduate","ACCREDITED","Academic Year 2016-17 and 2017-18, i.e., upto 30-06-2018"
"KINGS ENGINEERING COLLEGE (Kancheepuram)","Electronics & Communication Engineering","Under Graduate","ACCREDITED","Academic Year 2018-19, 2019-20 and 2020-21, i.e., upto 30-06-2021"
"KINGS ENGINEERING COLLEGE (Kancheepuram)","Computer Science and Engineering","Under Graduate","ACCREDITED","Academic Year 2018-19, 2019-20, 2020-21 and 2021-22, i.e., upto 30-06-2022"
"Kingston Engineering College (Vellore)","Electrical & Electronics Engineering","Under Graduate","ACCREDITED","Academic Year 2016-17, 2017-18 and 2018-19, i.e., upto 30-06-2019"
"Kingston Engineering College (Vellore)","Electronics & Communication Engineering","Under Graduate","ACCREDITED","Academic Year 2016-17, 2017-18 and 2018-19, i.e. up to 30-06-2019; Further accredited for Academic Year 2019-20, 2020-21 and 2021-22, i.e. up to 30-06-2022"
"Kingston Engineering College (Vellore)","Computer Science and Engineering","Under Graduate","ACCREDITED","Academic Year 2016-17, 2017-18 and 2018-19, i.e. up to 30-06-2019; Further accredited for Academic Year 2019-20, 2020-21 and 2021-22, i.e. up to 30-06-2022"
"Kingston Engineering College (Vellore)","Information Technology","Under Graduate","ACCREDITED","Academic Year 2016-17, 2017-18 and 2018-19, i.e. up to 30-06-2019; Further accredited for Academic Year 2019-20, 2020-21 and 2021-22, i.e. up to 30-06-2022"
"Kingston Engineering College (Vellore)","Mechanical Engineering","Under Graduate","ACCREDITED","Academic Year 2016-17, 2017-18 and 2018-19, i.e. up to 30-06-2019; Further accredited for Academic Year 2019-20, 2020-21 and 2021-22, i.e. up to 30-06-2022"
"KIT-KALAIGNAR KARUNANIDHI INSTITUTE OF TECHNOLOGY (Coimbotore)","Electronics & Communication Engineering","Under Graduate","ACCREDITED","Academic Year 2017-18, 2018-19 and 2019-20, i.e. up to 30-06-2020; Further accredited for Academic Year 2020-21, 2021-22 and 2022-23, i.e. up to 30-06-2023"
"KIT-KALAIGNAR KARUNANIDHI INSTITUTE OF TECHNOLOGY (Coimbotore)","Computer Science and Engineering","Under Graduate","ACCREDITED","Academic Year 2017-18, 2018-19 and 2019-20, i.e. up to 30-06-2020; Further accredited for Academic Year 2020-21, 2021-22 and 2022-23, i.e. up to 30-06-2023"
"KIT-KALAIGNAR KARUNANIDHI INSTITUTE OF TECHNOLOGY (Coimbotore)","Electrical & Electronics Engineering","Under Graduate","ACCREDITED","Academic Year 2017-18, 2018-19 and 2019-20, i.e. up to 30-06-2020; Further accredited for Academic Year 2020-21, 2021-22 and 2022-23, i.e. up to 30-06-2023"
"KIT-KALAIGNAR KARUNANIDHI INSTITUTE OF TECHNOLOGY (Coimbotore)","Aeronautical Engineering","Under Graduate","ACCREDITED","Academic Year  2022-23, 2023-24 and 2024-25, i.e. upto 30-06-2025"
"KIT-KALAIGNAR KARUNANIDHI INSTITUTE OF TECHNOLOGY (Coimbotore)","Mechanical Engineering","Under Graduate","ACCREDITED","Academic Year 2018-19, 2019-20, 2020-21 and 2021-22, i.e., upto 30-06-2022; Further Accredited for Academic Year 2022-23, 2023-24 and 2024-25, i.e., upto 30/06/2025"
"KNOWLEDGE INSTITUTE OF TECHNOLOGY (Salem)","Computer Science and Engineering","Under Graduate","ACCREDITED","Academic Year 2019-20, 2020-21 and 2021-22, i.e., upto 30-06-2022; Further Accredited for Academic Year 2022-23, 2023-24 and 2024-25, i.e., upto 30/06/2025"
"KNOWLEDGE INSTITUTE OF TECHNOLOGY (Salem)","Electrical & Electronics Engineering","Under Graduate","ACCREDITED","Academic Year 2019-20, 2020-21 and 2021-22, i.e., upto 30-06-2022; Further Accredited for Academic Year 2022-23, 2023-24 and 2024-25, i.e., upto 30/06/2025"
"KNOWLEDGE INSTITUTE OF TECHNOLOGY (Salem)","Electronics & Communication Engineering","Under Graduate","ACCREDITED","Academic Year 2019-20, 2020-21 and 2021-22, i.e., upto 30-06-2022; Further Accredited for Academic Year 2022-23, 2023-24 and 2024-25, i.e., upto 30/06/2025"
"KNOWLEDGE INSTITUTE OF TECHNOLOGY (Salem)","Mechanical Engineering","Under Graduate","ACCREDITED","Academic Year 2019-20, 2020-21 and 2021-22, i.e., upto 30-06-2022; Further Accredited for Academic Year 2022-23, 2023-24 and 2024-25, i.e., upto 30/06/2025"
"KONGU ENGINEERING COLLEGE (PERUNDURAI)","CIVIL ENGINEERING","UG","ACCREDITED","5 YEARS W.E.F. 09-11-2001"
"KONGU ENGINEERING COLLEGE (PERUNDURAI)","MECHANICAL ENGINEERING","UG","ACCREDITED","5 YEARS W.E.F. 09-11-2001"
"KONGU ENGINEERING COLLEGE (PERUNDURAI)","ELECTRONICS AND COMMUNICATION ENGINEERING","UG","ACCREDITED","5 YEARS W.E.F. 09-11-2001"
"KONGU ENGINEERING COLLEGE (PERUNDURAI)","COMPUTER SCIENCE AND ENGINEERING","UG","ACCREDITED","3 YEARS W.E.F. 24-04-2002"
"KONGU ENGINEERING COLLEGE (PERUNDURAI)","ELECTRICAL AND ELECTRONICS ENGINEERING","UG","ACCREDITED","3 YEARS W.E.F. 09-11-2001"
"KONGU ENGINEERING COLLEGE (PERUNDURAI)","CHEMICAL ENGINEERING","UG","ACCREDITED","5 YEARS W.E.F. 09-11-2001"
"KONGU ENGINEERING COLLEGE (PERUNDURAI)","ELECTRONICS AND INSTRUMENTATION ENGINEERING","UG","ACCREDITED","3 YEARS W.E.F. 10-09-2004"
"KONGU ENGINEERING COLLEGE (PERUNDURAI)","MECHATRONICS ENGINEERING","UG","ACCREDITED","3 YEARS W.E.F. 10-09-2004"
"KONGU ENGINEERING COLLEGE (PERUNDURAI)","INFORMATION TECHNOLOGY","UG","ACCREDITED","3 YEARS W.E.F. 10-09-2004"
"KONGU ENGINEERING COLLEGE (PERUNDURAI)","ELECTRICAL AND ELECTRONICS ENGINEERING","UG","ACCREDITED","3 YEARS W.E.F. 27-07-2006"
"KONGU ENGINEERING COLLEGE (PERUNDURAI)","COMPUTER SCIENCE AND ENGINEERING","UG","ACCREDITED","3 YEARS W.E.F. 27-07-2006"
"KONGU ENGINEERING COLLEGE (PERUNDURAI)","CIVIL ENGINEERING","UG","ACCREDITED","5 YEARS W.E.F. 22-01-2008"
"KONGU ENGINEERING COLLEGE (PERUNDURAI)","MECHANICAL ENGINEERING","UG","ACCREDITED","5 YEARS W.E.F. 22-01-2008"
"KONGU ENGINEERING COLLEGE (PERUNDURAI)","ELECTRONICS AND COMMUNICATION ENGINEERING","UG","ACCREDITED","5 YEARS W.E.F. 22-01-2008"
"KONGU ENGINEERING COLLEGE (PERUNDURAI)","CHEMICAL ENGINEERING","UG","ACCREDITED","5 YEARS W.E.F. 22-01-2008"
"KONGU ENGINEERING COLLEGE (PERUNDURAI)","INFORMATION TECHNOLOGY","UG","ACCREDITED","3 YEARS W.E.F. 29-05-2009"
"KONGU ENGINEERING COLLEGE (PERUNDURAI)","ELECTRONICS AND INSTRUMENTATION ENGINEERING","UG","ACCREDITED","3 YEARS W.E.F. 29-05-2009"
"KONGU ENGINEERING COLLEGE (PERUNDURAI)","MECHATRONICS ENGINEERING","UG","ACCREDITED","5 YEARS W.E.F. 29-05-2009"
"KONGU ENGINEERING COLLEGE (PERUNDURAI)","COMPUTER SCIENCE AND ENGINEERING","UG","ACCREDITED","2 YEARS W.E.F. 28-08-2012"
"KONGU ENGINEERING COLLEGE (PERUNDURAI)","ELECTRICAL AND ELECTRONICS ENGINEERING","UG","ACCREDITED","2 YEARS W.E.F. 28-08-2012"
"KONGUNADU COLLEGE OF ENGINEERING AND TECHNOLOGY (Tiruchirappalli)","Computer Science and Engineering","Under Graduate","ACCREDITED","Academic Year 2019-20, 2020-21 and 2021-22, i.e., upto 30-06-2022; Further Accredited for Academic Year 2022-23, 2023-24 and 2024-25, i.e., upto 30/06/2025"
"KONGUNADU COLLEGE OF ENGINEERING AND TECHNOLOGY (Tiruchirappalli)","Electrical & Electronics Engineering","Under Graduate","ACCREDITED","Academic Year 2019-20, 2020-21 and 2021-22, i.e., upto 30-06-2022; Further Accredited for Academic Year 2022-23, 2023-24 and 2024-25, i.e., upto 30/06/2025"
"KONGUNADU COLLEGE OF ENGINEERING AND TECHNOLOGY (Tiruchirappalli)","Electronics & Communication Engineering","Under Graduate","ACCREDITED","Academic Year 2019-20, 2020-21 and 2021-22, i.e., upto 30-06-2022; Further Accredited for Academic Year 2022-23, 2023-24 and 2024-25, i.e., upto 30/06/2025"
"KONGUNADU COLLEGE OF ENGINEERING AND TECHNOLOGY (Tiruchirappalli)","Mechanical Engineering","Under Graduate","ACCREDITED","Academic Year 2022-23, 2023-24 and 2024-25, i.e., upto 30-06-2025"
"KPR INSTITUTE OF ENGINEERING AND TECHNOLOGY (Coimbotore)","Civil Engineering","Under Graduate","ACCREDITED","Academic Year 2018-19, 2019-20, 2020-21 and 2021-22, i.e., upto 30-06-2022; Further Accredited for Academic Year 2022-23, 2023-24 and 2024-25, i.e., upto 30/06/2025"
"KPR INSTITUTE OF ENGINEERING AND TECHNOLOGY (Coimbotore)","Computer Science and Engineering","Under Graduate","ACCREDITED","Academic Year 2017-18, 2018-19 and 2019-20, i.e. up to 30-06-2020; Further accredited for Academic Year 2020-21, 2021-22 and 2022-23, i.e. up to 30-06-2023"
"KPR INSTITUTE OF ENGINEERING AND TECHNOLOGY (Coimbotore)","Electrical & Electronics Engineering","Under Graduate","ACCREDITED","Academic Year 2017-18, 2018-19 and 2019-20, i.e. up to 30-06-2020; Further accredited for Academic Year 2020-21, 2021-22 and 2022-23, i.e. up to 30-06-2023"
"KPR INSTITUTE OF ENGINEERING AND TECHNOLOGY (Coimbotore)","Electronics & Communication Engineering","Under Graduate","ACCREDITED","Academic Year 2017-18, 2018-19 and 2019-20, i.e. up to 30-06-2020; Further accredited for Academic Year 2020-21, 2021-22 and 2022-23, i.e. up to 30-06-2023"
"KPR INSTITUTE OF ENGINEERING AND TECHNOLOGY (Coimbotore)","Mechanical Engineering","Under Graduate","ACCREDITED","Academic Year 2017-18, 2018-19 and 2019-20, i.e. up to 30-06-2020; Further accredited for Academic Year 2020-21, 2021-22 and 2022-23, i.e. up to 30-06-2023"
"KUMARAGURU COLLEGE OF TECHNOLOGY (COIMBATORE)","INFORMATION TECHNOLOGY","UG","ACCREDITED","3 YEARS W.E.F.4-5-2007"
"KUMARAGURU COLLEGE OF TECHNOLOGY (COIMBATORE)","TEXTILE TECHNOLOGY","UG","ACCREDITED","3 YEARS W.E.F.4-5-2007"
"KUMARAGURU COLLEGE OF TECHNOLOGY (COIMBATORE)","COMPUTER SCIENCE AND ENGINEERING","UG","ACCREDITED","3 YEARS W.E.F.4-5-2007"
"KUMARAGURU COLLEGE OF TECHNOLOGY (COIMBATORE)","ELECTRICAL ENGINEERING","UG","ACCREDITED","3 YEARS W.E.F.4-5-2007"
"KUMARAGURU COLLEGE OF TECHNOLOGY (COIMBATORE)","ELECTRONICS AND COMMUNICATION ENGINEERING","UG","ACCREDITED","3 YEARS W.E.F.4-5-2007"
"KUMARAGURU COLLEGE OF TECHNOLOGY (COIMBATORE)","MECHANICAL ENGINEERING","UG","ACCREDITED","3 YEARS W.E.F.4-5-2007"
"KUMARAGURU COLLEGE OF TECHNOLOGY (COIMBATORE)","CIVIL ENGINEERING","UG","ACCREDITED","3 YEARS W.E.F.4-5-2007"
"KUMARAGURU COLLEGE OF TECHNOLOGY (COIMBATORE)","MECHATRONICS ENGINEERING","UG","ACCREDITED","3 YEARS W.E.F.4-5-2007"
"KUMARAGURU COLLEGE OF TECHNOLOGY (COIMBATORE)","INFORMATION TECHNOLOGY","UG","ACCREDITED","3 YEARS W.E.F.12-12-2003"
"KUMARAGURU COLLEGE OF TECHNOLOGY (COIMBATORE)","TEXTILE TECHNOLOGY","UG","ACCREDITED","3 YEARS W.E.F.12-12-2003"
"KUMARAGURU COLLEGE OF TECHNOLOGY (COIMBATORE)","COMPUTER SCIENCE AND ENGINEERING","UG","ACCREDITED","3 YEARS W.E.F.12-12-2003"
"KUMARAGURU COLLEGE OF TECHNOLOGY (COIMBATORE)","ELECTRONICS AND COMMUNICATION ENGINEERING","UG","ACCREDITED","3 YEARS W.E.F.12-12-2003"
"KUMARAGURU COLLEGE OF TECHNOLOGY (COIMBATORE)","ELECTRICAL AND ELECTRONICS ENGINEERING","UG","ACCREDITED","3 YEARS W.E.F.12-12-2003"
"KUMARAGURU COLLEGE OF TECHNOLOGY (COIMBATORE)","MECHANICAL ENGINEERING","UG","ACCREDITED","3 YEARS W.E.F.12-12-2003"
"KUMARAGURU COLLEGE OF TECHNOLOGY (COIMBATORE)","CIVIL ENGINEERING","UG","ACCREDITED","3 YEARS W.E.F.12-12-2003"
"KUMARAGURU COLLEGE OF TECHNOLOGY (COIMBATORE)","COMPUTER SCIENCE AND ENGINEERING","UG","ACCREDITED","3 YEARS W.E.F.15-12-2000"
"KUMARAGURU COLLEGE OF TECHNOLOGY (COIMBATORE)","ELECTRONICS AND COMMUNICATION ENGINEERING","UG","ACCREDITED","3 YEARS W.E.F.15-12-2000"
"KUMARAGURU COLLEGE OF TECHNOLOGY (COIMBATORE)","CIVIL ENGINEERING","UG","ACCREDITED","3 YEARS W.E.F.15-12-2000"
"KUMARAGURU COLLEGE OF TECHNOLOGY (COIMBATORE)","ELECTRICAL AND ELECTRONICS ENGINEERING","UG","ACCREDITED","3 YEARS W.E.F.15-12-2000"
"KUMARAGURU COLLEGE OF TECHNOLOGY (COIMBATORE)","MECHANICAL ENGINEERING","UG","ACCREDITED","3 YEARS W.E.F.15-12-2000"
"KUMARAGURU COLLEGE OF TECHNOLOGY (COIMBATORE)","BIOTECHNOLOGY","UG","ACCREDITED","3 YEARS W.E.F. 29-5-2009"
"KUMARAGURU COLLEGE OF TECHNOLOGY (COIMBATORE)","FASHION TECHNOLOGY","UG","ACCREDITED","3 YEARS W.E.F. 29-5-2009"
"KUMARAGURU COLLEGE OF TECHNOLOGY (COIMBATORE)","CIVIL ENGINEERING","UG","ACCREDITED","2 YEARS W.E.F. 28-08-2012"
"KUMARAGURU COLLEGE OF TECHNOLOGY (COIMBATORE)","ELECTRICAL AND ELECTRONICS ENGINEERING","UG","ACCREDITED","2 YEARS W.E.F. 28-08-2012"
"KUMARAGURU COLLEGE OF TECHNOLOGY (COIMBATORE)","ELECTRONICS AND COMMUNICATION ENGINEERING","UG","ACCREDITED","2 YEARS W.E.F. 28-08-2012"
"KUMARAGURU COLLEGE OF TECHNOLOGY (COIMBATORE)","COMPUTER SCIENCE AND ENGINEERING","UG","ACCREDITED","2 YEARS W.E.F. 28-08-2012"
"KUMARAGURU COLLEGE OF TECHNOLOGY (COIMBATORE)","INFORMATION TECHNOLOGY","UG","ACCREDITED","2 YEARS W.E.F. 28-08-2012"
"KUMARAGURU COLLEGE OF TECHNOLOGY (COIMBATORE)","TEXTILE TECHNOLOGY","UG","ACCREDITED","5 YEARS W.E.F. 18-09-2013"
"KUMARAGURU COLLEGE OF TECHNOLOGY (COIMBATORE)","BIOTECHNOLOGY","UG","ACCREDITED","2 YEARS W.E.F. 01-07-2014"
"KUMARAGURU COLLEGE OF TECHNOLOGY (COIMBATORE)","FASHION TECHNOLOGY","UG","ACCREDITED","5 YEARS W.E.F. 01-07-2014"
"Loyola-ICAM College of Engineering and Technology (LICET) (Chennai)","Computer Science and Engineering","Under Graduate","ACCREDITED","Academic Year 2019-20, 2020-21 and 2021-22, i.e., upto 30-06-2022; Further Accredited for Academic Year 2022-23, 2023-24 and 2024-25, i.e., upto 30/06/2025"
"Loyola-ICAM College of Engineering and Technology (LICET) (Chennai)","Electrical & Electronics Engineering","Under Graduate","ACCREDITED","Academic Year 2019-20, 2020-21 and 2021-22, i.e., upto 30-06-2022; Further Accredited for Academic Year 2022-23, 2023-24 and 2024-25, i.e., upto 30/06/2025"
"Loyola-ICAM College of Engineering and Technology (LICET) (Chennai)","Electronics & Communication Engineering","Under Graduate","ACCREDITED","Academic Year 2019-20, 2020-21 and 2021-22, i.e., upto 30-06-2022; Further Accredited for Academic Year 2022-23, 2023-24 and 2024-25, i.e., upto 30/06/2025"
"Loyola-ICAM College of Engineering and Technology (LICET) (Chennai)","Information Technology","Under Graduate","ACCREDITED","Academic Year 2019-20, 2020-21 and 2021-22, i.e., upto 30-06-2022; Further Accredited for Academic Year 2022-23, 2023-24 and 2024-25, i.e., upto 30/06/2025"
"Loyola-ICAM College of Engineering and Technology (LICET) (Chennai)","Mechanical Engineering","Under Graduate","ACCREDITED","Academic Year 2019-20, 2020-21 and 2021-22, i.e., upto 30-06-2022; Further Accredited for Academic Year 2022-23, 2023-24 and 2024-25, i.e., upto 30/06/2025"
"M.A.M. COLLEGE OF ENGINEERING (TIRUCHIRAPPALLI)","COMPUTER SCIENCE AND ENGINEERING","UG","ACCREDITED","3 YEARS W.E.F. 19-07-2008"
"M.A.M. COLLEGE OF ENGINEERING (TIRUCHIRAPPALLI)","ELECTRICAL AND ELECTRONICS ENGINEERING","UG","ACCREDITED","3 YEARS W.E.F. 19-07-2008"
"M.A.M. COLLEGE OF ENGINEERING (TIRUCHIRAPPALLI)","ELECTRONICS AND COMMUNICATION ENGINEERING","UG","ACCREDITED","3 YEARS W.E.F. 19-07-2008"
"M.A.M. COLLEGE OF ENGINEERING (TIRUCHIRAPPALLI)","ELECTRONICS AND INSTRUMENTATION ENGINEERING","UG","ACCREDITED","2 YEARS W.E.F. 18-09-2013"
"M.A.M. COLLEGE OF ENGINEERING (TIRUCHIRAPPALLI)","MECHANICAL ENGINEERING","UG","ACCREDITED","2 YEARS W.E.F. 18-09-2013"
"M.A.M. COLLEGE OF ENGINEERING (TIRUCHIRAPPALLI)","INFORMATION TECHNOLOGY","UG","ACCREDITED","2 YEARS W.E.F. 18-09-2013"
"M.A.M. COLLEGE OF ENGINEERING (TIRUCHIRAPPALLI)","COMPUTER SCIENCE AND ENGINEERING","UG","ACCREDITED","2 YEARS W.E.F. 01-07-2014"
"M.A.M. COLLEGE OF ENGINEERING (TIRUCHIRAPPALLI)","ELECTRONICS AND COMMUNICATION ENGINEERING","UG","ACCREDITED","2 YEARS W.E.F. 01-07-2014"
"M.A.M. COLLEGE OF ENGINEERING (TIRUCHIRAPPALLI)","ELECTRICAL AND ELECTRONICS ENGINEERING","UG","ACCREDITED","2 YEARS W.E.F. 01-07-2014"
"M.A.M. College of Engineering and Technology (Tiruchirappalli)","Electrical & Electronics Engineering","Under Graduate","ACCREDITED","Academic Year 2024-25, 2025-26 and 2026-27, i.e., upto 30/06/2027"
"M.A.M. College of Engineering and Technology (Tiruchirappalli)","Information Technology","Under Graduate","ACCREDITED","Academic Year 2024-25, 2025-26 and 2026-27, i.e., upto 30/06/2027"
"M.A.M. College of Engineering and Technology (Tiruchirappalli)","Electronics & Communication Engineering","Under Graduate","ACCREDITED","Academic Year 2024-25, 2025-26 and 2026-27, i.e., upto 30/06/2027"
"M.I.E.T ENGINEERING COLLEGE (Tiruchirappalli)","Civil Engineering","Under Graduate","ACCREDITED","Academic Year 2024-25, 2025-26 and 2026-27, i.e., upto 30/06/2027"
"M.I.E.T ENGINEERING COLLEGE (Tiruchirappalli)","Electronics & Communication Engineering","Under Graduate","ACCREDITED","Academic Year 2023-24, 2024-25 and 2025-26, i.e., upto 30/06/2026"
"M.I.E.T ENGINEERING COLLEGE (Tiruchirappalli)","Computer Science and Engineering","Under Graduate","ACCREDITED","Academic Year 2019-20, 2020-21 and 2021-22, i.e., upto 30-06-2022; Further Accredited for Academic Year 2022-23, 2023-24 and 2024-25, i.e., upto 30/06/2025"
"M.I.E.T ENGINEERING COLLEGE (Tiruchirappalli)","Electrical & Electronics Engineering","Under Graduate","ACCREDITED","Academic Year 2019-20, 2020-21 and 2021-22, i.e., upto 30-06-2022; Further Accredited for Academic Year 2022-23, 2023-24 and 2024-25, i.e., upto 30/06/2025"
"M.I.E.T ENGINEERING COLLEGE (Tiruchirappalli)","Mechanical Engineering","Under Graduate","ACCREDITED","Academic Year 2019-20, 2020-21 and 2021-22, i.e., upto 30-06-2022; Further Accredited for Academic Year 2022-23, 2023-24 and 2024-25, i.e., upto 30/06/2025"
"M.KUMARASAMY COLLEGE OF ENGINEERING (KARUR)","COMPUTER SCIENCE AND ENGINEERING","UG","ACCREDITED","3 YEARS W.E.F.19-7-2008"
"M.KUMARASAMY COLLEGE OF ENGINEERING (KARUR)","ELECTRONICS AND COMMUNICATION ENGINEERING","UG","ACCREDITED","3 YEARS W.E.F.19-7-2008"
"M.KUMARASAMY COLLEGE OF ENGINEERING (KARUR)","MECHANICAL ENGINEERING","UG","ACCREDITED","3 YEARS W.E.F.19-7-2008"
"M.KUMARASAMY COLLEGE OF ENGINEERING (KARUR)","ELECTRICAL AND ELECTRONICS ENGINEERING","UG","ACCREDITED","3 YEARS W.E.F.10-7-2009"
"M.KUMARASAMY COLLEGE OF ENGINEERING (KARUR)","INFORMATION TECHNOLOGY","UG","ACCREDITED","3 YEARS W.E.F.10-7-2009"
"MADHA ENGINEERING COLLEGE (CHENNAI)","INFORMATION TECHNOLOGY","UG","ACCREDITED","3 YEARS W.E.F.19-7-2008"
"MADHA ENGINEERING COLLEGE (CHENNAI)","ELECTRICAL AND ELECTRONICS ENGINEERING","UG","ACCREDITED","3 YEARS W.E.F.19-7-2008"
"MADHA ENGINEERING COLLEGE (CHENNAI)","BIOTECHNOLOGY","UG","ACCREDITED","3 YEARS W.E.F.19-7-2008"
"MADHA ENGINEERING COLLEGE (CHENNAI)","COMPUTER SCIENCE AND ENGINEERING","UG","ACCREDITED","3 YEARS W.E.F.19-7-2008"
"MADHA ENGINEERING COLLEGE (CHENNAI)","BIOTECHNOLOGY","UG","ACCREDITED","2 YEARS W.E.F 18-09-2013"
"MADHA ENGINEERING COLLEGE (CHENNAI)","MECHANICAL ENGINEERING","UG","ACCREDITED","2 YEARS W.E.F. 04-02-2014"
"MADHA ENGINEERING COLLEGE (CHENNAI)","ELECTRICAL AND ELECTRONICS ENGINEERING","UG","ACCREDITED","2 YEARS W.E.F. 04-02-2014"
"MADHA ENGINEERING COLLEGE (CHENNAI)","INFORMATION TECHNOLOGY","UG","ACCREDITED","2 YEARS W.E.F. 04-02-2014"
"MADHA ENGINEERING COLLEGE (CHENNAI)","MECHANICAL ENGINEERING","UG","ACCREDITED","3 YEARS W.E.F.11-6-2004"
"MADHA ENGINEERING COLLEGE (CHENNAI)","ELECTRICAL AND ELECTRONICS ENGINEERING","UG","ACCREDITED","3 YEARS W.E.F.11-6-2004"
"MADHA ENGINEERING COLLEGE (CHENNAI)","CIVIL ENGINEERING","UG","ACCREDITED","3 YEARS W.E.F.19-7-2008"
"MADHA ENGINEERING COLLEGE (CHENNAI)","MECHANICAL ENGINEERING","UG","ACCREDITED","3 YEARS W.E.F.19-7-2008"
"MADHA ENGINEERING COLLEGE (CHENNAI)","ELECTRONICS AND COMMUNICATION ENGINEERING","UG","ACCREDITED","3 YEARS W.E.F.19-7-2008"
"MADRAS INSTITUTE OF TECHNOLOGY (CHENNAI)","RUBBER AND PLASTIC TECHNOLOGY","UG","ACCREDITED","3 YEARS W.E.F.19-7-2008"
"MADRAS INSTITUTE OF TECHNOLOGY (CHENNAI)","PRODUCTION ENGINEERING","UG","ACCREDITED","3 YEARS W.E.F.19-7-2008"
"MADRAS INSTITUTE OF TECHNOLOGY (CHENNAI)","AUTOMOBILE ENGINEERING","UG","ACCREDITED","5 YEARS W.E.F.19-7-2008"
"MADRAS INSTITUTE OF TECHNOLOGY (CHENNAI)","ELECTRONICS AND COMMUNICATION ENGINEERING","UG","ACCREDITED","5 YEARS W.E.F.19-7-2008"
"MADRAS INSTITUTE OF TECHNOLOGY (CHENNAI)","INFORMATION TECHNOLOGY","UG","ACCREDITED","3 YEARS W.E.F.19-7-2008"
"MADRAS INSTITUTE OF TECHNOLOGY (CHENNAI)","AERONAUTICAL ENGINEERING","UG","ACCREDITED","5 YEARS W.E.F.19-7-2008"
"MADRAS INSTITUTE OF TECHNOLOGY (CHENNAI)","ELECTRONICS AND INSTRUMENTATION ENGINEERING","UG","ACCREDITED","5 YEARS W.E.F.19-7-2008"
"MADRAS INSTITUTE OF TECHNOLOGY (CHENNAI)","COMPUTER SCIENCE AND ENGINEERING","UG","ACCREDITED","3 YEARS W.E.F.19-7-2008"
"MADRAS INSTITUTE OF TECHNOLOGY (CHENNAI)","Automobile Engineering","UG","ACCREDITED","3 YEARS W.E.F. 07-07-1998"
"MADRAS INSTITUTE OF TECHNOLOGY (CHENNAI)","Instrumentation Engineering","UG","ACCREDITED","3 YEARS W.E.F. 07-07-1998"
"MADRAS INSTITUTE OF TECHNOLOGY (CHENNAI)","Electronics Engineering","UG","ACCREDITED","5 YEARS W.E.F. 07-07-1998"
"MAHARAJA ENGG. COLLEGE (TIRUPPUR)","INFORMATION TECHNOLOGY","UG","ACCREDITED","3 YEARS W.E.F. 19-07-2008"
"MAHARAJA ENGG. COLLEGE (TIRUPPUR)","MECHATRONICS ENGINEERING","UG","ACCREDITED","3 YEARS W.E.F. 19-07-2008"
"MAHARAJA ENGG. COLLEGE (TIRUPPUR)","ELECTRONICS AND INSTRUMENTATION ENGINEERING","UG","ACCREDITED","3 YEARS W.E.F. 19-07-2008"
"MAHARAJA ENGG. COLLEGE (TIRUPPUR)","COMPUTER SCIENCE AND ENGINEERING","UG","ACCREDITED","3 YEARS W.E.F. 19-07-2008"
"MAHARAJA ENGG. COLLEGE (TIRUPPUR)","ELECTRONICS AND COMMUNICATION ENGINEERING","UG","ACCREDITED","3 YEARS W.E.F. 19-07-2008"
"MAHARAJA ENGG. COLLEGE (TIRUPPUR)","MECHANICAL ENGINEERING","UG","ACCREDITED","3 YEARS W.E.F. 19-07-2008"
"MAHENDRA ENGINEERING COLLEGE (NAMAKKAL)","COMPUTER SCIENCE AND ENGINEERING","UG","ACCREDITED","3 YEAR W.E.F. 05-05-2009"
"MAHENDRA ENGINEERING COLLEGE (NAMAKKAL)","ELECTRICAL AND ELECTRONICS ENGINEERING","UG","ACCREDITED","3 YEAR W.E.F. 05-05-2009"
"MAHENDRA ENGINEERING COLLEGE (NAMAKKAL)","MECHANICAL ENGINEERING","UG","ACCREDITED","3 YEAR W.E.F. 27-07-2006"
"MAHENDRA ENGINEERING COLLEGE (NAMAKKAL)","ELECTRONICS AND COMMUNICATION ENGINEERING","UG","ACCREDITED","3 YEAR W.E.F. 27-07-2006"
"MAHENDRA ENGINEERING COLLEGE (NAMAKKAL)","INFORMATION TECHNOLOGY","UG","ACCREDITED","3 YEAR W.E.F. 05-05-2009"
"MAHENDRA ENGINEERING COLLEGE (NAMAKKAL)","COMPUTER SCIENCE AND ENGINEERING","UG","ACCREDITED","3 YEAR W.E.F. 27-07-2006"
"MAHENDRA ENGINEERING COLLEGE (NAMAKKAL)","ELECTRICAL AND ELECTRONICS ENGINEERING","UG","ACCREDITED","3 YEAR W.E.F. 27-07-2006"
"MAILAM ENGINEERING COLLEGE (VILLUPURAM)","MECHANICAL ENGINEERING","UG","ACCREDITED","3 YEARS W.E.F. 19-7-2008"
"MAILAM ENGINEERING COLLEGE (VILLUPURAM)","ELECTRICAL AND ELECTRONICS ENGINEERING","UG","ACCREDITED","3 YEARS W.E.F. 19-7-2008"
"MAILAM ENGINEERING COLLEGE (VILLUPURAM)","ELECTRONICS AND COMMUNICATION ENGINEERING","UG","ACCREDITED","3 YEARS W.E.F. 19-7-2008"
"MAILAM ENGINEERING COLLEGE (VILLUPURAM)","COMPUTER SCIENCE AND ENGINEERING","UG","ACCREDITED","3 YEARS W.E.F. 19-7-2008"
"MAILAM ENGINEERING COLLEGE (VILLUPURAM)","INFORMATION TECHNOLOGY","UG","ACCREDITED","3 YEARS W.E.F. 19-7-2008"
"MAILAM ENGINEERING COLLEGE (VILLUPURAM)","Electronics & Communication Engineering","Under Graduate","ACCREDITED","Academic Year 2019-20, 2020-21 and 2021-22, i.e., upto 30-06-2022"
"MAILAM ENGINEERING COLLEGE (VILLUPURAM)","Civil Engineering","Under Graduate","ACCREDITED","Academic Year 2018-19, 2019-20 and 2020-21, i.e., upto 30-06-2021"
"MAILAM ENGINEERING COLLEGE (VILLUPURAM)","Electrical & Electronics Engineering","Under Graduate","ACCREDITED","Academic Year 2018-19, 2019-20 and 2020-21, i.e., upto 30-06-2021"
"MAILAM ENGINEERING COLLEGE (VILLUPURAM)","Mechanical Engineering","Under Graduate","ACCREDITED","Academic Year 2018-19, 2019-20 and 2020-21, i.e., upto 30-06-2021"
"MAILAM ENGINEERING COLLEGE (VILLUPURAM)","Computer Science and Engineering","Under Graduate","ACCREDITED","Academic Year 2018-19, 2019-20, 2020-21 and 2021-22, i.e., upto 30-06-2022; Further accredited for Academic Year 2022-23, 2023-24 and 2024-25, i.e., upto 30/06/2025"
"Mar Ephraem College of Engineering and Technology (Kanniyakumari (HQ : Nagercoil))","Mechanical Engineering","Under Graduate","ACCREDITED","Academic Year 2022-23, 2023-24 and 2024-25, i.e., upto 30-06-2025"
"Mar Ephraem College of Engineering and Technology (Kanniyakumari (HQ : Nagercoil))","Civil Engineering","Under Graduate","ACCREDITED","Academic Year 2022-23, 2023-24 and 2024-25, i.e., upto 30-06-2025"
"Mar Ephraem College of Engineering and Technology (Kanniyakumari (HQ : Nagercoil))","Computer Science and Engineering","Under Graduate","ACCREDITED","Academic Year 2022-23, 2023-24 and 2024-25, i.e., upto 30-06-2025"
"MEENAKSHI SUNDARARAJAN ENGINEERING COLLEGE (Chennai)","Computer Science and Engineering","Under Graduate","ACCREDITED","Academic Year 2020-21, 2021-22 and 2022-23, i.e., upto 30-06-2023. Further Accredited for Academic Year 2023-24, 2024-25 and 2025-26, i.e., upto 30-06-2026"
"MEENAKSHI SUNDARARAJAN ENGINEERING COLLEGE (Chennai)","Electronics & Communication Engineering","Under Graduate","ACCREDITED","Academic Year 2020-21, 2021-22 and 2022-23, i.e., upto 30-06-2023. Further Accredited for Academic Year 2023-24, 2024-25 and 2025-26, i.e., upto 30-06-2026"
"MEENAKSHI SUNDARARAJAN ENGINEERING COLLEGE (Chennai)","Civil Engineering","Under Graduate","ACCREDITED","Academic Year 2020-21, 2021-22 and 2022-23, i.e., upto 30-06-2023. Further Accredited for Academic Year 2023-24, 2024-25 and 2025-26, i.e., upto 30-06-2026"
"MEENAKSHI SUNDARARAJAN ENGINEERING COLLEGE (Chennai)","Mechanical Engineering","Under Graduate","ACCREDITED","Academic Year 2020-21, 2021-22 and 2022-23, i.e., upto 30-06-2023. Further Accredited for Academic Year 2023-24, 2024-25 and 2025-26, i.e., upto 30-06-2026"
"MEENAKSHI SUNDARARAJAN ENGINEERING COLLEGE (Chennai)","Information Technology","Under Graduate","ACCREDITED","Accredited for Academic Year 2024-25, 2025-26 and 2026-27, i.e., upto 30/06/2027"
"MEENAKSHI SUNDARARAJAN ENGINEERING COLLEGE (Chennai)","Electrical and Electronics Engineering","Under Graduate","ACCREDITED","Accredited for Academic Year 2024-25, 2025-26 and 2026-27, i.e., upto 30/06/2027"
"MEENAKSHI SUNDARARAJAN ENGINEERING COLLEGE (Chennai)","Electrical & Electronics Engineering","Under Graduate","ACCREDITED","Academic Year 2020-21, 2021-22 and 2022-23, i.e., upto 30-06-2023"
"MEPCO SCHLENK ENGINEERING COLLEGE (Chennai)","CIVIL ENGINEERING","UG","ACCREDITED","3 YEARS w.e.f. 21-02-1998"
"MEPCO SCHLENK ENGINEERING COLLEGE (Chennai)","ELECTRICAL AND ELECTRONICS ENGINEERING","UG","ACCREDITED","3 YEARS w.e.f. 11-12-1998"
"MEPCO SCHLENK ENGINEERING COLLEGE (Chennai)","ELECTRONICS AND COMMUNICATION ENGINEERING","UG","ACCREDITED","3 YEARS w.e.f. 11-12-1998"
"MEPCO SCHLENK ENGINEERING COLLEGE (Chennai)","COMPUTER SCIENCE AND ENGINEERING","UG","ACCREDITED","5 YEARS w.e.f. 07-07-1998"
"MEPCO SCHLENK ENGINEERING COLLEGE (Chennai)","MECHANICAL ENGINEERING","UG","ACCREDITED","5 Years w.e.f. 01-05-2000"
"MEPCO SCHLENK ENGINEERING COLLEGE (SIVAKASI)","CIVIL ENGINEERING","UG","ACCREDITED","5 YEARS W.E.F. 30-11-2002"
"MEPCO SCHLENK ENGINEERING COLLEGE (SIVAKASI)","ELECTRICAL AND ELECTRONICS ENGINEERING","UG","ACCREDITED","5 YEARS W.E.F. 30-11-2002"
"MEPCO SCHLENK ENGINEERING COLLEGE (SIVAKASI)","ELECTRONICS AND COMMUNICATION ENGINEERING","UG","ACCREDITED","5 YEARS W.E.F. 30-11-2002"
"MEPCO SCHLENK ENGINEERING COLLEGE (SIVAKASI)","COMPUTER SCIENCE AND ENGINEERING","UG","ACCREDITED","3 YEARS W.E.F. 04-05-2007"
"MEPCO SCHLENK ENGINEERING COLLEGE (SIVAKASI)","CIVIL ENGINEERING","UG","ACCREDITED","3 YEARS W.E.F. 29-05-2009"
"MEPCO SCHLENK ENGINEERING COLLEGE (SIVAKASI)","ELECTRICAL AND ELECTRONICS ENGINEERING","UG","ACCREDITED","3 YEARS W.E.F. 29-05-2009"
"MEPCO SCHLENK ENGINEERING COLLEGE (SIVAKASI)","ELECTRONICS AND COMMUNICATION ENGINEERING","UG","ACCREDITED","3 YEARS W.E.F. 29-05-2009"
"MEPCO SCHLENK ENGINEERING COLLEGE (SIVAKASI)","INFORMATION TECHNOLOGY","UG","ACCREDITED","3 YEARS W.E.F. 29-05-2009"
"MEPCO SCHLENK ENGINEERING COLLEGE (SIVAKASI)","BIOTECHNOLOGY","UG","ACCREDITED","3 YEARS W.E.F. 29-05-2009"
"MEPCO SCHLENK ENGINEERING COLLEGE (SIVAKASI)","MECHANICAL ENGINEERING","UG","ACCREDITED","3 YEARS W.E.F. 04-05-2007"
"MISRIMAL NAVAJEE MOUOTH JAIN ENGINEERING COLLEGE (CHENNAI)","MECHANICAL ENGINEERING","UG","ACCREDITED","3 YEARS W.E.F.22-1-2008"
"MISRIMAL NAVAJEE MOUOTH JAIN ENGINEERING COLLEGE (CHENNAI)","ELECTRONICS AND COMMUNICATION ENGINEERING","UG","ACCREDITED","3 YEARS W.E.F.22-1-2008"
"MISRIMAL NAVAJEE MOUOTH JAIN ENGINEERING COLLEGE (CHENNAI)","ELECTRICAL AND ELECTRONICS ENGINEERING","UG","ACCREDITED","3 YEARS W.E.F.22-1-2008"
"MISRIMAL NAVAJEE MOUOTH JAIN ENGINEERING COLLEGE (CHENNAI)","INFORMATION TECHNOLOGY","UG","ACCREDITED","3 YEARS W.E.F.22-1-2008"
"MISRIMAL NAVAJEE MOUOTH JAIN ENGINEERING COLLEGE (CHENNAI)","COMPUTER SCIENCE AND ENGINEERING","UG","ACCREDITED","3 YEARS W.E.F.15-03-2012"
"MISRIMAL NAVAJEE MOUOTH JAIN ENGINEERING COLLEGE (CHENNAI)","ELECTRICAL AND ELECTRONICS ENGINEERING","UG","ACCREDITED","2 YEARS W.E.F. 18-09-2013"
"MISRIMAL NAVAJEE MOUOTH JAIN ENGINEERING COLLEGE (CHENNAI)","ELECTRONICS AND COMMUNICATION ENGINEERING","UG","ACCREDITED","2 YEARS W.E.F. 18-09-2013"
"MISRIMAL NAVAJEE MOUOTH JAIN ENGINEERING COLLEGE (CHENNAI)","MECHANICAL ENGINEERING","UG","ACCREDITED","2 YEARS W.E.F. 18-09-2013"
"MISRIMAL NAVAJEE MOUOTH JAIN ENGINEERING COLLEGE (CHENNAI)","INFORMATION TECHNOLOGY","UG","ACCREDITED","2 YEARS W.E.F. 18-09-2013"
"MISRIMAL NAVAJEE MOUOTH JAIN ENGINEERING COLLEGE (CHENNAI)","CIVIL ENGINEERING","UG","ACCREDITED","2 YEARS W.E.F. 18-09-2013"
"MISRIMAL NAVAJEE MUNOTH JAIN ENGINEERING COLLEGE (CHENNAI)","Computer Science and Engineering","Under Graduate","ACCREDITED","Academic Year 2018-19, 2019-20 and 2020-21, i.e., upto 30-06-2021"
"MISRIMAL NAVAJEE MUNOTH JAIN ENGINEERING COLLEGE (CHENNAI)","Electrical & Electronics Engineering","Under Graduate","ACCREDITED","Academic Year 2018-19, 2019-20 and 2020-21, i.e., upto 30-06-2021"
"MISRIMAL NAVAJEE MUNOTH JAIN ENGINEERING COLLEGE (CHENNAI)","Electronics & Communication Engineering","Under Graduate","ACCREDITED","Academic Year 2018-19, 2019-20 and 2020-21, i.e., upto 30-06-2021"
"MISRIMAL NAVAJEE MUNOTH JAIN ENGINEERING COLLEGE (CHENNAI)","Information Technology","Under Graduate","ACCREDITED","Academic Year 2018-19, 2019-20 and 2020-21, i.e., upto 30-06-2021"
"MISRIMAL NAVAJEE MUNOTH JAIN ENGINEERING COLLEGE (CHENNAI)","Mechanical Engineering","Under Graduate","ACCREDITED","Academic Year 2018-19, 2019-20 and 2020-21, i.e., upto 30-06-2021"
"Mohamed Sathak A. J. College of Engineering (Kancheepuram)","Mechanical Engineering","Under Graduate","ACCREDITED","Academic Years 2023-24, 2024-25 and 2025-26, i.e., upto 30/06/2026"
"MOHAMED SATHAK ENGINEERING COLLEGE (RAMANATHAPURAM)","Chemical Engineering","Under Graduate","ACCREDITED","Academic Year 2020-21, 2021-22 and 2022-23, i.e., upto 30-06-2023"
"MOHAMED SATHAK ENGINEERING COLLEGE (RAMANATHAPURAM)","Civil Engineering","Under Graduate","ACCREDITED","Academic Year 2020-21, 2021-22 and 2022-23, i.e., upto 30-06-2023"
"MOHAMED SATHAK ENGINEERING COLLEGE (RAMANATHAPURAM)","Electrical & Electronics Engineering","Under Graduate","ACCREDITED","Academic Year 2020-21, 2021-22 and 2022-23, i.e., upto 30-06-2023"
"MOHAMED SATHAK ENGINEERING COLLEGE (RAMANATHAPURAM)","Mechanical Engineering","Under Graduate","ACCREDITED","Academic Year 2020-21, 2021-22 and 2022-23, i.e., upto 30-06-2023"
"MOHAMED SATHAK ENGINEERING COLLEGE (RAMANATHAPURAM)","MECHANICAL ENGINEERING","UG","ACCREDITED","3 YEARS W.E.F.4-5-2007"
"MOHAMED SATHAK ENGINEERING COLLEGE (RAMANATHAPURAM)","ELECTRONICS AND COMMUNICATION ENGINEERING","UG","ACCREDITED","3 YEARS W.E.F.4-5-2007"
"MOHAMED SATHAK ENGINEERING COLLEGE (RAMANATHAPURAM)","CIVIL ENGINEERING","UG","ACCREDITED","3 YEARS W.E.F.4-5-2007"
"MOHAMED SATHAK ENGINEERING COLLEGE (RAMANATHAPURAM)","COMPUTER SCIENCE AND ENGINEERING","UG","ACCREDITED","3 YEARS W.E.F.4-5-2007"
"MOHAMED SATHAK ENGINEERING COLLEGE (RAMANATHAPURAM)","Computer Science and Engineering","Under Graduate","ACCREDITED","Accredited for Academic Year 2024-25, 2025-26 and 2026-27, i.e., upto 30/06/2027"
"MOHAMED SATHAK ENGINEERING COLLEGE (RAMANATHAPURAM)","Information Technology","Under Graduate","ACCREDITED","Accredited for Academic Year 2024-25, 2025-26 and 2026-27, i.e., upto 30/06/2027"
"MOHAMED SATHAK POLYTECHNIC COLLEGE (RAMANATHAPURAM)","CIVIL ENGINEERING","UG","ACCREDITED","3 YEARS W.E.F.4-5-2007"
"MOHAMED SATHAK POLYTECHNIC COLLEGE (RAMANATHAPURAM)","MECHANICAL ENGINEERING","UG","ACCREDITED","3 YEARS W.E.F.4-5-2007"
"MOHAMED SATHAK POLYTECHNIC COLLEGE (RAMANATHAPURAM)","ELECTRONICS AND COMMUNICATION ENGINEERING","UG","ACCREDITED","3 YEARS W.E.F.4-5-2007"
"MOHAMED SATHAK POLYTECHNIC COLLEGE (RAMANATHAPURAM)","ELECTRICAL AND ELECTRONICS ENGINEERING","UG","ACCREDITED","3 YEARS W.E.F.4-5-2007"
"MOHAMED SATHAK POLYTECHNIC COLLEGE (RAMANATHAPURAM)","MARINE ENGINEERING","UG","ACCREDITED","3 YEARS W.E.F.4-5-2007"
"MOOKAMBAIGHI COLLEGE OF ENGINEERING (KEERANUR)","MECHANICAL ENGINEERING","UG","ACCREDITED","3 YEARS W.E.F.19-7-2008"
"MOOKAMBAIGHI COLLEGE OF ENGINEERING (KEERANUR)","ELECTRICAL AND ELECTRONICS ENGINEERING","UG","ACCREDITED","3 YEARS W.E.F.19-7-2008"
"MOOKAMBAIGHI COLLEGE OF ENGINEERING (KEERANUR)","COMPUTER SCIENCE AND ENGINEERING","UG","ACCREDITED","3 YEARS W.E.F.19-7-2008"
"MOOKAMBAIGHI COLLEGE OF ENGINEERING (KEERANUR)","ELECTRONICS AND COMMUNICATION ENGINEERING","UG","ACCREDITED","3 YEARS W.E.F.19-7-2008"
"MOOKAMBAIGHI COLLEGE OF ENGINEERING (KEERANUR)","ELECTRONICS AND INSTRUMENTATION ENGINEERING","UG","ACCREDITED","3 YEARS W.E.F.10-2-2009"
"Muthayammal Engineering College (Namakkal)","COMPUTER SCIENCE & ENGINEERING","UG","ACCREDITED","3 YEARS W.E.F. 15-03-2012"
"Muthayammal Engineering College (Namakkal)","ELECTRONICS & COMMUNICATION ENGINEERING","UG","ACCREDITED","3 YEARS W.E.F. 15-03-2012"
"Muthayammal Engineering College (Namakkal)","ELECTRICAL & ELECTRONICS ENGINEERING","UG","ACCREDITED","3 YEARS W.E.F. 15-03-2012"
"Muthayammal Engineering College (Namakkal)","MECHANICAL ENGINEERING","UG","ACCREDITED","3 YEARS W.E.F. 15-03-2012"
"Muthayammal Engineering College (Namakkal)","Computer Science and Engineering","Under Graduate","ACCREDITED","Academic Year 2017-18, 2018-19 and 2019-20, i.e., upto 30-06-2020"
"Muthayammal Engineering College (Namakkal)","Electrical & Electronics Engineering","Under Graduate","ACCREDITED","Academic Year 2017-18, 2018-19 and 2019-20, i.e., upto 30-06-2020"
"Muthayammal Engineering College (Namakkal)","Electronics & Communication Engineering","Under Graduate","ACCREDITED","Academic Year 2017-18, 2018-19 and 2019-20, i.e., upto 30-06-2020"
"Muthayammal Engineering College (Namakkal)","Mechanical Engineering","Under Graduate","ACCREDITED","Academic Year 2017-18, 2018-19 and 2019-20, i.e., upto 30-06-2020"
"Nandha College of Technology (Erode)","Information Technology","Under Graduate","ACCREDITED","Academic year 2023-24, 2024-25 and 2025-26, i.e. upto 30-06-2026"
"Nandha College of Technology (Erode)","Computer Science and Engineering","Under Graduate","ACCREDITED","Academic Year 2024-25, 2025-26 and 2026-27, i.e., upto 30/06/2027"
"Nandha College of Technology (Erode)","Electronics & Communication Engineering","Under Graduate","ACCREDITED","Academic Year 2024-25, 2025-26 and 2026-27, i.e., upto 30/06/2027"
"Nandha College of Technology (Erode)","Electrical and Electronics Engineering","Under Graduate","ACCREDITED","Academic Year 2024-25, 2025-26 and 2026-27, i.e., upto 30/06/2027"
"NANDHA ENGINEERING COLLEGE (ERODE)","ELECTRONICS AND COMMUNICATION ENGINEERING","UG","ACCREDITED","3 YEARS W.E.F.19-7-2008"
"NANDHA ENGINEERING COLLEGE (ERODE)","COMPUTER SCIENCE AND ENGINEERING","UG","ACCREDITED","3 YEARS W.E.F.19-7-2008"
"NANDHA ENGINEERING COLLEGE (ERODE)","ELECTRICAL AND ELECTRONICS ENGINEERING","UG","ACCREDITED","3 YEARS W.E.F.19-7-2008"
"NANDHA ENGINEERING COLLEGE (ERODE)","INFORMATION TECHNOLOGY","UG","ACCREDITED","3 YEARS W.E.F.19-7-2008"
"NANDHA ENGINEERING COLLEGE (ERODE)","ELECTRONICS AND COMMUNICATION ENGINEERING","UG","ACCREDITED","2 YEARS W.E.F. 18-09-2013"
"NANDHA ENGINEERING COLLEGE (ERODE)","COMPUTER SCIENCE AND ENGINEERING","UG","ACCREDITED","2 YEARS W.E.F. 18-09-2013"
"NANDHA ENGINEERING COLLEGE (ERODE)","ELECTRICAL AND ELECTRONICS ENGINEERING","UG","ACCREDITED","2 YEARS W.E.F. 18-09-2013"
"NANDHA ENGINEERING COLLEGE (ERODE)","MECHANICAL ENGINEERING","UG","ACCREDITED","2 YEARS W.E.F. 18-09-2013"
"NANDHA ENGINEERING COLLEGE (ERODE)","INFORMATION TECHNOLOGY","UG","ACCREDITED","2 YEARS W.E.F. 18-09-2013"
"NANDHA ENGINEERING COLLEGE (ERODE)","Civil Engineering","Under Graduate","ACCREDITED","Academic Year 2016-17, 2017-18 and 2018-19, i.e., upto 30-06-2019"
"NANDHA ENGINEERING COLLEGE (ERODE)","Computer Science and Engineering","Under Graduate","ACCREDITED","Academic Year 2016-17, 2017-18 and 2018-19, i.e., upto 30-06-2019"
"NANDHA ENGINEERING COLLEGE (ERODE)","Electronics & Communication Engineering","Under Graduate","ACCREDITED","Academic Year 2016-17, 2017-18 and 2018-19, i.e., upto 30-06-2019"
"NATIONAL ENGINEERING COLLEGE (THOOTHUKUDI DISTRICT)","MECHANICAL ENGINEERING","UG","ACCREDITED","3 YEARS W.E.F. 01-10-2000"
"NATIONAL ENGINEERING COLLEGE (THOOTHUKUDI DISTRICT)","MECHANICAL ENGINEERING","UG","ACCREDITED","5 YEARS W.E.F. 27-07-2006"
"NATIONAL ENGINEERING COLLEGE (THOOTHUKUDI DISTRICT)","ELECTRONICS AND COMMUNICATION ENGINEERING","UG","ACCREDITED","3 YEARS W.E.F. 27-07-2006"
"NATIONAL ENGINEERING COLLEGE (THOOTHUKUDI DISTRICT)","COMPUTER SCIENCE AND ENGINEERING","UG","ACCREDITED","3 YEARS W.E.F. 27-07-2006"
"NATIONAL ENGINEERING COLLEGE (THOOTHUKUDI DISTRICT)","ELECTRICAL AND ELECTRONICS ENGINEERING","UG","ACCREDITED","3 YEARS W.E.F. 27-07-2006"
"NATIONAL ENGINEERING COLLEGE (THOOTHUKUDI DISTRICT)","ELECTRONICS AND INSTRUMENTATION ENGINEERING","UG","ACCREDITED","3 YEARS W.E.F. 04-05-2007"
"NATIONAL ENGINEERING COLLEGE (THOOTHUKUDI DISTRICT)","INFORMATION TECHNOLOGY","UG","ACCREDITED","3 YEARS W.E.F. 04-05-2007"
"NATIONAL ENGINEERING COLLEGE (THOOTHUKUDI DISTRICT)","COMPUTER SCIENCE AND ENGINEERING","UG","ACCREDITED","3 YEARS W.E.F. 16-09-2011"
"NATIONAL ENGINEERING COLLEGE (THOOTHUKUDI DISTRICT)","ELECTRONICS AND COMMUNICATION ENGINEERING","UG","ACCREDITED","3 YEARS W.E.F. 16-09-2011"
"NATIONAL ENGINEERING COLLEGE (THOOTHUKUDI DISTRICT)","ELECTRICAL AND ELECTRONICS ENGINEERING","UG","ACCREDITED","3 YEARS W.E.F. 16-09-2011"
"NATIONAL ENGINEERING COLLEGE (THOOTHUKUDI DISTRICT)","MECHANICAL ENGINEERING","UG","ACCREDITED","2 YEARS W.E.F. 08-11-2013"
"NATIONAL ENGINEERING COLLEGE (THOOTHUKUDI DISTRICT)","ELECTRONICS AND INSTRUMENTATION ENGINEERING","UG","ACCREDITED","2 YEARS W.E.F. 08-11-2013"
"NATIONAL ENGINEERING COLLEGE (THOOTHUKUDI DISTRICT)","ELECTRONICS AND COMMUNICATION ENGINEERING","UG","ACCREDITED","2 YEARS W.E.F. 01-07-2014"
"National Institute of Technology (Formerly Regional Engineering College, Tiruchirappalli) (Tiruchirappalli)","CIVIL ENGINEERING","UG","ACCREDITED","3 YEARS W.E.F. 12-01-2005"
"National Institute of Technology (Formerly Regional Engineering College, Tiruchirappalli) (Tiruchirappalli)","COMPUTER SCIENCE AND ENGINEERING","UG","ACCREDITED","3 YEARS W.E.F. 12-01-2005"
"National Institute of Technology (Formerly Regional Engineering College, Tiruchirappalli) (Tiruchirappalli)","ELECTRICAL AND ELECTRONICS ENGINEERING","UG","ACCREDITED","3 YEARS W.E.F. 12-01-2005"
"National Institute of Technology (Formerly Regional Engineering College, Tiruchirappalli) (Tiruchirappalli)","ELECTRONICS AND COMMUNICATION ENGINEERING","UG","ACCREDITED","3 YEARS W.E.F. 12-01-2005"
"National Institute of Technology (Formerly Regional Engineering College, Tiruchirappalli) (Tiruchirappalli)","CHEMICAL ENGINEERING","UG","ACCREDITED","3 YEARS W.E.F. 12-01-2005"
"National Institute of Technology (Formerly Regional Engineering College, Tiruchirappalli) (Tiruchirappalli)","METALLURGICAL ENGINEERING","UG","ACCREDITED","3 YEARS W.E.F. 12-01-2005"
"National Institute of Technology (Formerly Regional Engineering College, Tiruchirappalli) (Tiruchirappalli)","PRODUCTION ENGINEERING","UG","ACCREDITED","3 YEARS W.E.F. 12-01-2005"
"National Institute of Technology (Formerly Regional Engineering College, Tiruchirappalli) (Tiruchirappalli)","INSTRUMENTATION AND CONTROL ENGINEERING","UG","ACCREDITED","5 YEARS W.E.F. 19-07-2008"
"National Institute of Technology (Formerly Regional Engineering College, Tiruchirappalli) (Tiruchirappalli)","MECHANICAL ENGINEERING","UG","ACCREDITED","5 YEARS W.E.F. 19-07-2008"
"NEHRU INSTITUTE OF ENGINEERING AND TECHNOLOGY (Coimbotore)","Mechanical Engineering","Under Graduate","ACCREDITED","Academic Year 2019-20, 2020-21 and 2021-22, i.e., upto 30-06-2022"
"NEHRU INSTITUTE OF ENGINEERING AND TECHNOLOGY (Coimbotore)","Aeronautical Engineering","Under Graduate","ACCREDITED","Academic Year 2019-20, 2020-21 and 2021-22, i.e., upto 30-06-2022; Further Accredited for Academic Year 2022-23, 2023-24 and 2024-25, i.e., upto 30/06/2025"
"NEHRU INSTITUTE OF ENGINEERING AND TECHNOLOGY (Coimbotore)","Computer Science and Engineering","Under Graduate","ACCREDITED","Academic Year 2019-20, 2020-21 and 2021-22, i.e., upto 30-06-2022; Further Accredited for Academic Year 2022-23, 2023-24 and 2024-25, i.e., upto 30/06/2025"
"NEHRU INSTITUTE OF ENGINEERING AND TECHNOLOGY (Coimbotore)","Mechanical Engineering","Under Graduate","ACCREDITED","Academic Year 2024-25, 2025-26 and 2026-27, i.e., upto 30/06/2027"
"NEHRU INSTITUTE OF ENGINEERING AND TECHNOLOGY (Coimbotore)","Mechatronics Engineering","Under Graduate","ACCREDITED","Academic Year 2024-25, 2025-26 and 2026-27, i.e., upto 30/06/2027"
"NEHRU INSTITUTE OF ENGINEERING AND TECHNOLOGY (Coimbotore)","Electrical and Electronics Engineering","Under Graduate","ACCREDITED","Academic Year 2024-25, 2025-26 and 2026-27, i.e., upto 30/06/2027"
"NEHRU INSTITUTE OF ENGINEERING AND TECHNOLOGY (Coimbotore)","Electronics & Communication Engineering","Under Graduate","ACCREDITED","Academic Year 2024-25, 2025-26 and 2026-27, i.e., upto 30/06/2027"
"Nehru Institute of Technology (Coimbotore)","Aeronautical Engineering","Under Graduate","ACCREDITED","Academic year 2023-24,2024-25 and 2025-26 i.e. 30-06-2026"
"Nehru Institute of Technology (Coimbotore)","Computer Science and Engineering","Under Graduate","ACCREDITED","Academic year 2023-24,2024-25 and 2025-26 i.e. 30-06-2026"
"New Prince Shri Bhavani College of Engineering and Technology (Kancheepuram)","Computer Science and Engineering","Under Graduate","ACCREDITED","Academic Year 2024-25, 2025-26 and 2026-27, i.e., upto 30/06/2027"
"New Prince Shri Bhavani College of Engineering and Technology (Kancheepuram)","Electronics & Communication Engineering","Under Graduate","ACCREDITED","Academic Year 2024-25, 2025-26 and 2026-27, i.e., upto 30/06/2027"
"New Prince Shri Bhavani College of Engineering and Technology (Kancheepuram)","Information Technology","Under Graduate","ACCREDITED","Academic Year 2024-25, 2025-26 and 2026-27, i.e., upto 30/06/2027"
"New Prince Shri Bhavani College of Engineering and Technology (Kancheepuram)","Electrical and Electronics Engineering","Under Graduate","ACCREDITED","Academic Year 2024-25, 2025-26 and 2026-27, i.e., upto 30/06/2027"
"NOORUL ISLAM COLLEGE OF ENGINEERING (KANYAKUMARI)","ELECTRONICS AND INSTRUMENTATION ENGINEERING","UG","ACCREDITED","3 YEARS W.E.F.12-9-2003"
"NOORUL ISLAM COLLEGE OF ENGINEERING (KANYAKUMARI)","COMPUTER SCIENCE AND ENGINEERING","UG","ACCREDITED","3 YEARS W.E.F.12-9-2003"
"NOORUL ISLAM COLLEGE OF ENGINEERING (KANYAKUMARI)","ELECTRICAL AND ELECTRONICS ENGINEERING","UG","ACCREDITED","3 YEARS W.E.F.12-9-2003"
"NOORUL ISLAM COLLEGE OF ENGINEERING (KANYAKUMARI)","MECHANICAL ENGINEERING","UG","ACCREDITED","3 YEARS W.E.F.12-9-2003"
"NOORUL ISLAM COLLEGE OF ENGINEERING (KANYAKUMARI)","ELECTRONICS AND COMMUNICATION ENGINEERING","UG","ACCREDITED","3 YEARS W.E.F.12-9-2003"
"NOORUL ISLAM COLLEGE OF ENGINEERING (KANYAKUMARI)","INFORMATION TECHNOLOGY","UG","ACCREDITED","3 YEARS W.E.F.16-3-2007"
"NOORUL ISLAM COLLEGE OF ENGINEERING (KANYAKUMARI)","ELECTRONICS AND INSTRUMENTATION ENGINEERING","UG","ACCREDITED","3 YEARS W.E.F.16-3-2007"
"NOORUL ISLAM COLLEGE OF ENGINEERING (KANYAKUMARI)","COMPUTER SCIENCE AND ENGINEERING","UG","ACCREDITED","3 YEARS W.E.F.16-3-2007"
"NOORUL ISLAM COLLEGE OF ENGINEERING (KANYAKUMARI)","ELECTRICAL AND ELECTRONICS ENGINEERING","UG","ACCREDITED","3 YEARS W.E.F.16-3-2007"
"NOORUL ISLAM COLLEGE OF ENGINEERING (KANYAKUMARI)","MECHANICAL ENGINEERING","UG","ACCREDITED","3 YEARS W.E.F.16-3-2007"
"NOORUL ISLAM COLLEGE OF ENGINEERING (KANYAKUMARI)","ELECTRONICS AND COMMUNICATION ENGINEERING","UG","ACCREDITED","3 YEARS W.E.F.16-3-2007"
"NPR COLLEGE OF ENGINEERING AND TECHNOLOGY (Dindigul)","Computer Science and Engineering","Under Graduate","ACCREDITED","Academic Years 2024-25, 2025-26 and 2026-27, i.e., upto 30/06/2027"
"NPR COLLEGE OF ENGINEERING AND TECHNOLOGY (Dindigul)","Electronics & Communication Engineering","Under Graduate","ACCREDITED","Academic Years 2024-25, 2025-26 and 2026-27, i.e., upto 30/06/2027"
"NPR COLLEGE OF ENGINEERING AND TECHNOLOGY (Dindigul)","Mechanical Engineering","Under Graduate","ACCREDITED","Academic Years 2024-25, 2025-26 and 2026-27, i.e., upto 30/06/2027"
"NPR COLLEGE OF ENGINEERING AND TECHNOLOGY (Dindigul)","Electrical and Electronics Engineering","Under Graduate","ACCREDITED","Academic Years 2024-25, 2025-26 and 2026-27, i.e., upto 30/06/2027"
"OXFORD ENGG. COLLEGE (TRICHY)","ELECTRONICS AND COMMUNICATION ENGINEERING","UG","ACCREDITED","3 YEARS W.E.F. 16-04-2009"
"OXFORD ENGG. COLLEGE (TRICHY)","MECHANICAL ENGINEERING","UG","ACCREDITED","3 YEARS W.E.F. 18-01-2011"
"P. A. COLLEGE OF ENGINEERING AND TECHNOLOGY (Coimbotore)","Computer Science and Engineering","Under Graduate","ACCREDITED","Academic year 2023-24,2024-25 and 2025-26 i.e. 30-06-2026"
"P. A. COLLEGE OF ENGINEERING AND TECHNOLOGY (Coimbotore)","Electronics & Communication Engineering","Under Graduate","ACCREDITED","Academic year 2023-24,2024-25 and 2025-26 i.e. 30-06-2026"
"P. A. COLLEGE OF ENGINEERING AND TECHNOLOGY (Coimbotore)","Mechanical Engineering","Under Graduate","ACCREDITED","Academic year 2023-24,2024-25 and 2025-26 i.e. 30-06-2026"
"P. A. COLLEGE OF ENGINEERING AND TECHNOLOGY (Coimbotore)","Electrical and Electronics Engineering","Under Graduate","ACCREDITED","Academic year 2023-24,2024-25 and 2025-26 i.e. 30-06-2026"
"P. A. COLLEGE OF ENGINEERING AND TECHNOLOGY (Coimbotore)","Computer Science and Engineering","Under Graduate","ACCREDITED","Academic Year 2017-18, 2018-19 and 2019-20, i.e., upto 30-06-2020; Further Accredited for Academic Year 2020-21, 2021-22 and 2022-23, i.e., upto 30-06-2023"
"P. A. COLLEGE OF ENGINEERING AND TECHNOLOGY (Coimbotore)","Electrical & Electronics Engineering","Under Graduate","ACCREDITED","Academic Year 2017-18, 2018-19 and 2019-20, i.e., upto 30-06-2020; Further Accredited for Academic Year 2020-21, 2021-22 and 2022-23, i.e., upto 30-06-2023"
"P. A. COLLEGE OF ENGINEERING AND TECHNOLOGY (Coimbotore)","Electronics & Communication Engineering","Under Graduate","ACCREDITED","Academic Year 2017-18, 2018-19 and 2019-20, i.e., upto 30-06-2020; Further Accredited for Academic Year 2020-21, 2021-22 and 2022-23, i.e., upto 30-06-2023"
"P. A. COLLEGE OF ENGINEERING AND TECHNOLOGY (Coimbotore)","Mechanical Engineering","Under Graduate","ACCREDITED","Academic Year 2017-18, 2018-19 and 2019-20, i.e., upto 30-06-2020; Further Accredited for Academic Year 2020-21, 2021-22 and 2022-23, i.e., upto 30-06-2023"
"P.S.R.ENGINEERING COLLEGE (SIVAKASI)","ELECTRONICS AND COMMUNICATION ENGINEERING","UG","ACCREDITED","3 YEARS W.E.F.5-5-2009"
"P.S.R.ENGINEERING COLLEGE (SIVAKASI)","ELECTRICAL AND ELECTRONICS ENGINEERING","UG","ACCREDITED","3 YEARS W.E.F.5-5-2009"
"P.S.R.ENGINEERING COLLEGE (SIVAKASI)","COMPUTER SCIENCE AND ENGINEERING","UG","ACCREDITED","3 YEARS W.E.F.5-5-2009"
"P.S.R.ENGINEERING COLLEGE (SIVAKASI)","INFORMATION TECHNOLOGY","UG","ACCREDITED","3 YEARS W.E.F.5-5-2009"
"PAAVAI ENGINEERING COLLEGE (NAMAKKAL)","ELECTRONICS AND COMMUNICATION ENGINEERING","UG","ACCREDITED","3 YEARS W.E.F.10-2-2009"
"PAAVAI ENGINEERING COLLEGE (NAMAKKAL)","COMPUTER SCIENCE AND ENGINEERING","UG","ACCREDITED","3 YEARS W.E.F.10-2-2009"
"PAAVAI ENGINEERING COLLEGE (NAMAKKAL)","ELECTRICAL AND ELECTRONICS ENGINEERING","UG","ACCREDITED","3 YEARS W.E.F.10-2-2009"
"PAAVAI ENGINEERING COLLEGE (NAMAKKAL)","INFORMATION TECHNOLOGY","UG","ACCREDITED","3 YEARS W.E.F.10-2-2009"
"PAAVAI ENGINEERING COLLEGE (NAMAKKAL)","COMPUTER SCIENCE AND ENGINEERING","UG","ACCREDITED","2 YEARS W.E.F. 18-09-2013"
"PAAVAI ENGINEERING COLLEGE (NAMAKKAL)","ELECTRONICS AND COMMUNICATION ENGINEERING","UG","ACCREDITED","2 YEARS W.E.F. 18-09-2013"
"PAAVAI ENGINEERING COLLEGE (NAMAKKAL)","ELECTRICAL AND ELECTRONICS ENGINEERING","UG","ACCREDITED","2 YEARS W.E.F. 18-09-2013"
"PAAVAI ENGINEERING COLLEGE (NAMAKKAL)","INFORMATION TECHNOLOGY","UG","ACCREDITED","2 YEARS W.E.F. 18-09-2013"
"PAAVAI ENGINEERING COLLEGE (NAMAKKAL)","MECHANICAL ENGINEERING","UG","ACCREDITED","2 YEARS W.E.F. 04-02-2014"
"PAAVAI ENGINEERING COLLEGE (NAMAKKAL)","Computer Science and Engineering","Under Graduate","ACCREDITED","Academic years 2017-18, 2018-19 and 2019-20; i.e., upto 30-06-2020"
"PAAVAI ENGINEERING COLLEGE (NAMAKKAL)","Civil Engineering","Under Graduate","ACCREDITED","Academic Year 2017-18, 2018-19 and 2019-20, i.e., upto 30-06-2020"
"PAAVAI ENGINEERING COLLEGE (NAMAKKAL)","Electrical & Electronics Engineering","Under Graduate","ACCREDITED","Academic Year 2017-18, 2018-19 and 2019-20, i.e., upto 30-06-2020"
"PAAVAI ENGINEERING COLLEGE (NAMAKKAL)","Electronics & Communication Engineering","Under Graduate","ACCREDITED","Academic Year 2017-18, 2018-19 and 2019-20, i.e., upto 30-06-2020"
"PANIMALAR ENGINEERING COLLEGE (CHENNAI)","ELECTRONICS AND COMMUNICATION ENGINEERING","UG","ACCREDITED","3 YEARS W.E.F. 27-07-2006"
"PANIMALAR ENGINEERING COLLEGE (CHENNAI)","COMPUTER SCIENCE AND ENGINEERING","UG","ACCREDITED","3 YEARS W.E.F. 27-07-2006"
"PANIMALAR ENGINEERING COLLEGE (CHENNAI)","INFORMATION TECHNOLOGY","UG","ACCREDITED","3 YEARS W.E.F. 27-07-2006"
"PANIMALAR ENGINEERING COLLEGE (CHENNAI)","ELECTRICAL AND ELECTRONICS ENGINEERING","UG","ACCREDITED","3 YEARS W.E.F. 22-01-2008"
"PANIMALAR ENGINEERING COLLEGE (CHENNAI)","MECHANICAL ENGINEERING","UG","ACCREDITED","5 YEARS W.E.F. 22-01-2008"
"PANIMALAR ENGINEERING COLLEGE (CHENNAI)","COMPUTER SCIENCE AND ENGINEERING","UG","ACCREDITED","3 YEARS W.E.F. 13-12-2011"
"PANIMALAR ENGINEERING COLLEGE (CHENNAI)","INFORMATION TECHNOLOGY","UG","ACCREDITED","3 YEARS W.E.F. 13-12-2011"
"PANIMALAR ENGINEERING COLLEGE (CHENNAI)","ELECTRONICS AND COMMUNICATION ENGINEERING","UG","ACCREDITED","3 YEARS W.E.F. 13-12-2011"
"PANIMALAR ENGINEERING COLLEGE (CHENNAI)","ELECTRICAL AND ELECTRONICS ENGINEERING","UG","ACCREDITED","5 YEARS W.E.F. 01-07-2014"
"PANIMALAR ENGINEERING COLLEGE (CHENNAI)","Mechanical Engineering","Under Graduate","ACCREDITED","Academic Year 2015-16, 2016-17 and 2017-18, i.e., upto 30-06-2018; Further accredited for Academic Year 2018-19, 2019-20 and 2020-21, i.e., upto 30-06-2021"
"PANIMALAR ENGINEERING COLLEGE (CHENNAI)","Electronics & Instrumentation Engineering","Under Graduate","ACCREDITED","Academic Year 2016-17, 2017-18 and 2018-19, i.e., upto 30-06-2019; Further accredited from Academic Year 2019-20, 2020-21 and 2021-22, i.e., upto 30-06-2022"
"PANIMALAR ENGINEERING COLLEGE (CHENNAI)","Civil Engineering","Under Graduate","ACCREDITED","Academic Year 2018-19, 2019-20, 2020-21 and 2021-22, i.e., upto 30-06-2022"
"PANIMALAR ENGINEERING COLLEGE (CHENNAI)","Computer Science and Engineering","Under Graduate","ACCREDITED","Academic Year 2018-19, 2019-20, 2020-21 and 2021-22, i.e., upto 30-06-2022"
"PANIMALAR ENGINEERING COLLEGE (CHENNAI)","Electronics & Communication Engineering","Under Graduate","ACCREDITED","Academic Year 2015-16, 2016-17 and 2017-18, i.e., upto 30-06-2018; Further accredited for Academic Year 2018-19, 2019-20, 2020-21 and 2021-22, i.e., upto 30-26-2021"
"PANIMALAR ENGINEERING COLLEGE (CHENNAI)","Information Technology","Under Graduate","ACCREDITED","Academic Year 2015-16, 2016-17 and 2017-18, i.e., upto 30-06-2018; Further accredited for Academic Year 2018-19, 2019-20, 2020-21 and 2021-22, i.e., upto 30-26-2021"
"PANIMALAR ENGINEERING COLLEGE (CHENNAI)","Electrical & Electronics Engineering","Under Graduate","ACCREDITED","Academic Year 2019-20, 2020-21 and 2021-22, i.e., upto 30-06-2022; Further Accredited for Academic Year 2022-23, 2023-24 and 2024-25, i.e., upto 30/06/2025"
"PANIMALAR ENGINEERING COLLEGE (CHENNAI)","Civil Engineering","Under Graduate","ACCREDITED","Academic Year 2022-23, 2023-24 and 2024-25, i.e., upto 30-06-2025"
"PANIMALAR ENGINEERING COLLEGE (CHENNAI)","Computer Science and Engineering","Under Graduate","ACCREDITED","Academic Year 2022-23, 2023-24 and 2024-25, i.e., upto 30-06-2025"
"PANIMALAR ENGINEERING COLLEGE (CHENNAI)","Electronics & Communication Engineering","Under Graduate","ACCREDITED","Academic Year 2022-23, 2023-24 and 2024-25, i.e., upto 30-06-2025"
"PANIMALAR ENGINEERING COLLEGE (CHENNAI)","Information Technology","Under Graduate","ACCREDITED","Academic Year 2022-23, 2023-24 and 2024-25, i.e., upto 30-06-2025"
"PANIMALAR ENGINEERING COLLEGE (CHENNAI)","Mechanical Engineering","Under Graduate","ACCREDITED","Academic Year 2022-23, 2023-24 and 2024-25, i.e., upto 30-06-2025"
"PANIMALAR INSTITUTE OF TECHNOLOGY (Tiruvallur)","Electrical & Electronics Engineering","Under Graduate","ACCREDITED","Academic Year 2017-18, 2018-19 and 2019-20, i.e., upto 30-06-2020; Further Accredited for Academic Year 2020-21, 2021-22 and 2022-23, i.e., upto 30-06-2023"
"PANIMALAR INSTITUTE OF TECHNOLOGY (Tiruvallur)","Electronics & Communication Engineering","Under Graduate","ACCREDITED","Academic Year 2017-18, 2018-19 and 2019-20, i.e., upto 30-06-2020; Further Accredited for Academic Year 2020-21, 2021-22 and 2022-23, i.e., upto 30-06-2023"
"PANIMALAR INSTITUTE OF TECHNOLOGY (Tiruvallur)","Information Technology","Under Graduate","ACCREDITED","Academic Year 2017-18, 2018-19 and 2019-20, i.e., upto 30-06-2020; Further Accredited for Academic Year 2020-21, 2021-22 and 2022-23, i.e., upto 30-06-2023"
"PANIMALAR INSTITUTE OF TECHNOLOGY (Tiruvallur)","Computer Science and Engineering","Under Graduate","ACCREDITED","Academic Year 2021-22, 2022-23 and 2023-24, i.e., upto 30-06-2024"
"PANIMALAR INSTITUTE OF TECHNOLOGY (Tiruvallur)","Computer Science and Engineering","Under Graduate","ACCREDITED","Academic Year 2017-18, 2018-19, 2019-20 and 2020-21, i.e., upto 30-06-2021"
"PARK COLLEGE OF ENGINEERING AND TECHNOLOGY (COIMBATORE)","Aeronautical Engineering","Under Graduate","ACCREDITED","Academic Year 2016-17, 2017-18 and 2018-19, i.e., upto 30-06-2019"
"PARK COLLEGE OF ENGINEERING AND TECHNOLOGY (COIMBATORE)","Computer Science and Engineering","Under Graduate","ACCREDITED","Academic Year 2016-17, 2017-18 and 2018-19, i.e., upto 30-06-2019; Further accredited from Academic Year 2019-20, 2020-21 and 2021-22, i.e., upto 30-06-2022"
"PARK COLLEGE OF ENGINEERING AND TECHNOLOGY (COIMBATORE)","Mechanical Engineering","Under Graduate","ACCREDITED","Academic Year 2016-17, 2017-18 and 2018-19, i.e., upto 30-06-2019; Further accredited from Academic Year 2019-20, 2020-21 and 2021-22, i.e., upto 30-06-2022"
"PARK COLLEGE OF ENGINEERING AND TECHNOLOGY (COIMBATORE)","MECHANICAL ENGINEERING","UG","ACCREDITED","3 YEARS W.E.F.12-12-2003"
"PARK COLLEGE OF ENGINEERING AND TECHNOLOGY (COIMBATORE)","ELECTRICAL AND ELECTRONICS ENGINEERING","UG","ACCREDITED","3 YEARS W.E.F.12-12-2003"
"PARK COLLEGE OF ENGINEERING AND TECHNOLOGY (COIMBATORE)","AERONAUTICAL ENGINEERING","UG","ACCREDITED","3 YEARS W.E.F.12-12-2003"
"PARK COLLEGE OF ENGINEERING AND TECHNOLOGY (COIMBATORE)","AERONAUTICAL ENGINEERING","UG","ACCREDITED","3 YEARS W.E.F.19-7-2008"
"PERIYAR MANIAMMAI COLLEGE OF TECHNOLOGY FOR WOMEN (THANJAVUR)","CIVIL ENGINEERING","UG","ACCREDITED","3 YEARS W.E.F. 21-02-1998"
"PERIYAR MANIAMMAI COLLEGE OF TECHNOLOGY FOR WOMEN (THANJAVUR)","COMPUTER SCIENCE AND ENGINEERING","UG","ACCREDITED","3 YEARS W.E.F. 21-02-1998"
"PERIYAR MANIAMMAI COLLEGE OF TECHNOLOGY FOR WOMEN (THANJAVUR)","CIVIL ENGINEERING","UG","ACCREDITED","3 YEARS W.E.F.15-6-2001"
"PERIYAR MANIAMMAI COLLEGE OF TECHNOLOGY FOR WOMEN (THANJAVUR)","COMPUTER SCIENCE AND ENGINEERING","UG","ACCREDITED","3 YEARS W.E.F.15-6-2001"
"PERIYAR MANIAMMAI COLLEGE OF TECHNOLOGY FOR WOMEN (THANJAVUR)","ELECTRONICS AND COMMUNICATION ENGINEERING","UG","ACCREDITED","3 YEARS W.E.F.15-6-2001"
"PERIYAR MANIAMMAI COLLEGE OF TECHNOLOGY FOR WOMEN (THANJAVUR)","ELECTRONICS AND COMMUNICATION ENGINEERING","UG","ACCREDITED","3 YEARS W.E.F.10-9-2004"
"PERIYAR MANIAMMAI COLLEGE OF TECHNOLOGY FOR WOMEN (THANJAVUR)","CIVIL ENGINEERING","UG","ACCREDITED","3 YEARS W.E.F.16-4-2009"
"PERIYAR MANIAMMAI COLLEGE OF TECHNOLOGY FOR WOMEN (THANJAVUR)","ELECTRONICS AND COMMUNICATION ENGINEERING","UG","ACCREDITED","3 YEARS W.E.F.16-4-2009"
"PERIYAR MANIAMMAI COLLEGE OF TECHNOLOGY FOR WOMEN (THANJAVUR)","ELECTRICAL AND ELECTRONICS ENGINEERING","UG","ACCREDITED","3 YEARS W.E.F.16-4-2009"
"PERIYAR MANIAMMAI COLLEGE OF TECHNOLOGY FOR WOMEN (THANJAVUR)","INFORMATION TECHNOLOGY","UG","ACCREDITED","3 YEARS W.E.F.16-4-2009"
"PERIYAR MANIAMMAI COLLEGE OF TECHNOLOGY FOR WOMEN (THANJAVUR)","BIOTECHNOLOGY","UG","ACCREDITED","3 YEARS W.E.F.16-4-2009"
"PET Engineering College (Tirunelveli)","Computer Science and Engineering","Under Graduate","ACCREDITED","Academic Year 2024-25, 2025-26 and 2026-27, i.e., upto 30/06/2027"
"PET Engineering College (Tirunelveli)","Electronics & Communication Engineering","Under Graduate","ACCREDITED","Academic Year 2024-25, 2025-26 and 2026-27, i.e., upto 30/06/2027"
"PGP COLLEGE OF ENGINEERING AND TECHNOLOGY (NAMAKKAL)","COMPUTER SCIENCE AND ENGINEERING","UG","ACCREDITED","3 YEARS W.E.F.4-5-2009"
"PGP COLLEGE OF ENGINEERING AND TECHNOLOGY (NAMAKKAL)","ELECTRONICS AND COMMUNICATION ENGINEERING","UG","ACCREDITED","3 YEARS W.E.F.4-5-2009"
"PGP COLLEGE OF ENGINEERING AND TECHNOLOGY (NAMAKKAL)","ELECTRICAL AND ELECTRONICS ENGINEERING","UG","ACCREDITED","3 YEARS W.E.F.4-5-2009"
"PGP COLLEGE OF ENGINEERING AND TECHNOLOGY (NAMAKKAL)","MECHANICAL ENGINEERING","UG","ACCREDITED","3 YEARS W.E.F.4-5-2009"
"PRATHYUSHA ENGINEERING COLLEGE (Tiruvallur)","Computer Science and Engineering","Under Graduate","ACCREDITED","Academic Year 2017-18, 2018-19 and 2019-20, i.e. up to 30-06-2020; Further accredited for Academic Year 2020-21, 2021-22 and 2022-23, i.e. up to 30-06-2023"
"PRATHYUSHA ENGINEERING COLLEGE (Tiruvallur)","Electronics & Communication Engineering","Under Graduate","ACCREDITED","Academic Year 2017-18, 2018-19 and 2019-20, i.e. up to 30-06-2020; Further accredited for Academic Year 2020-21, 2021-22 and 2022-23, i.e. up to 30-06-2023"
"PRATHYUSHA ENGINEERING COLLEGE (Tiruvallur)","Electrical & Electronics Engineering","Under Graduate","ACCREDITED","Academic Year 2017-18, 2018-19 and 2019-20, i.e. up to 30-06-2020; Further accredited for Academic Year 2020-21, 2021-22 and 2022-23, i.e. up to 30-06-2023"
"PRATHYUSHA ENGINEERING COLLEGE (Tiruvallur)","Biotechnology","Under Graduate","ACCREDITED","Academic Year 2017-18, 2018-19 and 2019-20, i.e. up to 30-06-2020; Further accredited for Academic Year 2020-21, 2021-22 and 2022-23, i.e. up to 30-06-2023"
"PRATHYUSHA ENGINEERING COLLEGE (Tiruvallur)","Biotechnology","Under Graduate","ACCREDITED","Academic year 2023-24, 2024-25 and 2025-26, i.e. upto 30-06-2026"
"PRATHYUSHA ENGINEERING COLLEGE (Tiruvallur)","Computer Science and Engineering","Under Graduate","ACCREDITED","Academic Years 2023-24, 2024-25 and 2025-26, i.e., upto 30/06/2026"
"PRATHYUSHA ENGINEERING COLLEGE (Tiruvallur)","Electronics & Communication Engineering","Under Graduate","ACCREDITED","Academic year 2023-24, 2024-25 and 2025-26, i.e. upto 30-06-2026"
"PRATHYUSHA INSTITUTE OF TECHNOLOGY AND MANAGEMENT (TIRUVALLUR)","ELECTRONICS AND COMMUNICATION ENGINEERING","UG","ACCREDITED","3 YEARS W.E.F.5-5-2009"
"PRATHYUSHA INSTITUTE OF TECHNOLOGY AND MANAGEMENT (TIRUVALLUR)","ELECTRICAL AND ELECTRONICS ENGINEERING","UG","ACCREDITED","3 YEARS W.E.F.5-5-2009"
"PRATHYUSHA INSTITUTE OF TECHNOLOGY AND MANAGEMENT (TIRUVALLUR)","BIOTECHNOLOGY","UG","ACCREDITED","3 YEARS W.E.F.5-5-2009"
"PSG COLLEGE OF TECHNOLOGY (COIMBATORE)","MECHANICAL ENGINEERING","UG","ACCREDITED","3 YEARS W.E.F.15-6-2001"
"PSG COLLEGE OF TECHNOLOGY (COIMBATORE)","CIVIL ENGINEERING","UG","ACCREDITED","3 YEARS W.E.F.15-6-2001"
"PSG COLLEGE OF TECHNOLOGY (COIMBATORE)","METALLURGICAL ENGINEERING","UG","ACCREDITED","3 YEARS W.E.F.15-6-2001"
"PSG COLLEGE OF TECHNOLOGY (COIMBATORE)","ELECTRICAL AND ELECTRONICS ENGINEERING","UG","ACCREDITED","3 YEARS W.E.F.15-6-2001"
"PSG COLLEGE OF TECHNOLOGY (COIMBATORE)","ELECTRONICS AND COMMUNICATION ENGINEERING","UG","ACCREDITED","3 YEARS W.E.F.15-6-2001"
"PSG COLLEGE OF TECHNOLOGY (COIMBATORE)","COMPUTER SCIENCE AND ENGINEERING","UG","ACCREDITED","3 YEARS W.E.F.15-6-2001"
"PSG COLLEGE OF TECHNOLOGY (COIMBATORE)","ELECTRICAL AND ELECTRONICS ENGINEERING","UG","ACCREDITED","3 YEARS W.E.F.15-2-2005"
"PSG COLLEGE OF TECHNOLOGY (COIMBATORE)","ELECTRONICS AND COMMUNICATION ENGINEERING","UG","ACCREDITED","3 YEARS W.E.F.15-2-2005"
"PSG COLLEGE OF TECHNOLOGY (COIMBATORE)","COMPUTER SCIENCE AND ENGINEERING","UG","ACCREDITED","3 YEARS W.E.F.15-2-2005"
"PSG COLLEGE OF TECHNOLOGY (COIMBATORE)","TEXTILE TECHNOLOGY","UG","ACCREDITED","5 YEARS W.E.F.15-2-2005"
"PSG COLLEGE OF TECHNOLOGY (COIMBATORE)","MECHANICAL ENGINEERING","UG","ACCREDITED","5 YEARS W.E.F.27-7-2006"
"PSG COLLEGE OF TECHNOLOGY (COIMBATORE)","CIVIL ENGINEERING","UG","ACCREDITED","5 YEARS W.E.F.27-7-2006"
"PSG COLLEGE OF TECHNOLOGY (COIMBATORE)","METALLURGICAL ENGINEERING","UG","ACCREDITED","3 YEARS W.E.F.27-7-2006"
"PSG COLLEGE OF TECHNOLOGY (COIMBATORE)","PRODUCTION ENGINEERING","UG","ACCREDITED","3 YEARS W.E.F.27-7-2006"
"PSG COLLEGE OF TECHNOLOGY (COIMBATORE)","INFORMATION TECHNOLOGY","UG","ACCREDITED","3 YEARS W.E.F.13-3-2009"
"PSG COLLEGE OF TECHNOLOGY (COIMBATORE)","BIOTECHNOLOGY","UG","ACCREDITED","3 YEARS W.E.F.13-3-2009"
"PSG Institute of Technology and Applied Research (Coimbotore)","Civil Engineering","Under Graduate","ACCREDITED","Academic Year 2021-22, 2022-23 and 2023-24, i.e. upto 30-06-2024; Further Accredited for 2024-25, 2025-26 and 2026-27, i.e., upto 30/06/2027"
"PSG Institute of Technology and Applied Research (Coimbotore)","Computer Science and Engineering","Under Graduate","ACCREDITED","Academic Year 2021-22, 2022-23 and 2023-24, i.e. upto 30-06-2024; Further Accredited for 2024-25, 2025-26 and 2026-27, i.e., upto 30/06/2027"
"PSG Institute of Technology and Applied Research (Coimbotore)","Electrical & Electronics Engineering","Under Graduate","ACCREDITED","Academic Year 2021-22, 2022-23 and 2023-24, i.e. upto 30-06-2024; Further Accredited for 2024-25, 2025-26 and 2026-27, i.e., upto 30/06/2027"
"PSG Institute of Technology and Applied Research (Coimbotore)","Electronics & Communication Engineering","Under Graduate","ACCREDITED","Academic Year 2021-22, 2022-23 and 2023-24, i.e. upto 30-06-2024; Further Accredited for 2024-25, 2025-26 and 2026-27, i.e., upto 30/06/2027"
"PSG Institute of Technology and Applied Research (Coimbotore)","Mechanical Engineering","Under Graduate","ACCREDITED","Academic Year 2021-22, 2022-23 and 2023-24, i.e. upto 30-06-2024; Further Accredited for 2024-25, 2025-26 and 2026-27, i.e., upto 30/06/2027"
"PSN COLLEGE OF ENGINEERING AND TECHNOLOGY (TIRUNELVELI)","COMPUTER SCIENCE AND ENGINEERING","UG","ACCREDITED","3 YEARS W.E.F. 10-02-2009"
"PSN COLLEGE OF ENGINEERING AND TECHNOLOGY (TIRUNELVELI)","MARINE ENGINEERING","UG","ACCREDITED","3 YEARS W.E.F. 10-02-2009"
"PSN COLLEGE OF ENGINEERING AND TECHNOLOGY (TIRUNELVELI)","INFORMATION TECHNOLOGY","UG","ACCREDITED","3 YEARS W.E.F. 10-02-2009"
"PSN COLLEGE OF ENGINEERING AND TECHNOLOGY (TIRUNELVELI)","ELECTRONICS AND COMMUNICATION ENGINEERING","UG","ACCREDITED","3 YEARS W.E.F. 07-06-2010"
"PSN COLLEGE OF ENGINEERING AND TECHNOLOGY (TIRUNELVELI)","MARINE ENGINEERING","UG","ACCREDITED","2 YEARS W.E.F 04-02-2014"
"PSNA COLLEGE OF ENGINEERING AND TECHNOLOGY (DINDIGUL)","CIVIL ENGINEERING","UG","ACCREDITED","3 YEARS W.E.F.24-4-2002"
"PSNA COLLEGE OF ENGINEERING AND TECHNOLOGY (DINDIGUL)","COMPUTER SCIENCE AND ENGINEERING","UG","ACCREDITED","3 YEARS W.E.F.24-4-2002"
"PSNA COLLEGE OF ENGINEERING AND TECHNOLOGY (DINDIGUL)","ELECTRICAL AND ELECTRONICS ENGINEERING","UG","ACCREDITED","3 YEARS W.E.F.24-4-2002"
"PSNA COLLEGE OF ENGINEERING AND TECHNOLOGY (DINDIGUL)","ELECTRONICS AND COMMUNICATION ENGINEERING","UG","ACCREDITED","3 YEARS W.E.F.24-4-2002"
"PSNA COLLEGE OF ENGINEERING AND TECHNOLOGY (DINDIGUL)","MECHANICAL ENGINEERING","UG","ACCREDITED","3 YEARS W.E.F.24-4-2002"
"PSNA COLLEGE OF ENGINEERING AND TECHNOLOGY (DINDIGUL)","CIVIL ENGINEERING","UG","ACCREDITED","5 YEARS W.E.F.27-7-2006"
"PSNA COLLEGE OF ENGINEERING AND TECHNOLOGY (DINDIGUL)","MECHANICAL ENGINEERING","UG","ACCREDITED","5 YEARS W.E.F.27-7-2006"
"PSNA COLLEGE OF ENGINEERING AND TECHNOLOGY (DINDIGUL)","ELECTRONICS AND COMMUNICATION ENGINEERING","UG","ACCREDITED","5 YEARS W.E.F.27-7-2006"
"PSNA COLLEGE OF ENGINEERING AND TECHNOLOGY (DINDIGUL)","ELECTRICAL AND ELECTRONICS ENGINEERING","UG","ACCREDITED","5 YEARS W.E.F.27-7-2006"
"PSNA COLLEGE OF ENGINEERING AND TECHNOLOGY (DINDIGUL)","COMPUTER SCIENCE AND ENGINEERING","UG","ACCREDITED","5 YEARS W.E.F.27-7-2006"
"PSNA COLLEGE OF ENGINEERING AND TECHNOLOGY (DINDIGUL)","INFORMATION TECHNOLOGY","UG","ACCREDITED","5 YEARS W.E.F.27-7-2006"
"PSNA COLLEGE OF ENGINEERING AND TECHNOLOGY (DINDIGUL)","CIVIL ENGINEERING","UG","ACCREDITED","2 YEARS W.E.F. 18-09-2013"
"PSNA COLLEGE OF ENGINEERING AND TECHNOLOGY (DINDIGUL)","MECHANICAL ENGINEERING","UG","ACCREDITED","2 YEARS W.E.F. 18-09-2013"
"PSNA COLLEGE OF ENGINEERING AND TECHNOLOGY (DINDIGUL)","ELECTRONICS AND COMMUNICATION ENGINEERING","UG","ACCREDITED","5 YEARS W.E.F. 18-09-2013"
"PSNA COLLEGE OF ENGINEERING AND TECHNOLOGY (DINDIGUL)","ELECTRICAL AND ELECTRONICS ENGINEERING","UG","ACCREDITED","2 YEARS W.E.F. 18-09-2013"
"PSNA COLLEGE OF ENGINEERING AND TECHNOLOGY (DINDIGUL)","COMPUTER SCIENCE AND ENGINEERING","UG","ACCREDITED","5 YEARS W.E.F. 18-09-2013"
"PSNA COLLEGE OF ENGINEERING AND TECHNOLOGY (DINDIGUL)","INFORMATION TECHNOLOGY","UG","ACCREDITED","5 YEARS W.E.F. 18-09-2013"
"PSNA COLLEGE OF ENGINEERING AND TECHNOLOGY (DINDIGUL)","BIOMEDICAL ENGINEERING","UG","ACCREDITED","2 YEARS W.E.F. 18-09-2013"
"PSNA COLLEGE OF ENGINEERING AND TECHNOLOGY (DINDIGUL)","ELECTRICAL AND ELECTRONICS ENGINEERING","UG","ACCREDITED","5 YEARS W.E.F. 04-02-2014"
"PSNA COLLEGE OF ENGINEERING AND TECHNOLOGY (DINDIGUL)","BIOMEDICAL ENGINEERING","UG","ACCREDITED","5 YEARS W.E.F. 04-02-2014"
"PSNA COLLEGE OF ENGINEERING AND TECHNOLOGY (DINDIGUL)","Electrical & Electronics Engineering","Under Graduate","ACCREDITED","Academic Year 2021-22, 2022-23 and 2023-24, i.e. upto 30-06-2024; Further Accredited for 2024-25, 2025-26 and 2026-27, i.e., upto 30/06/2027"
"PSNA COLLEGE OF ENGINEERING AND TECHNOLOGY (DINDIGUL)","Civil Engineering","Under Graduate","ACCREDITED","Academic year 2022-23, 2023-24 and 2024-25, i.e., upto 30-06-2025"
"PSNA COLLEGE OF ENGINEERING AND TECHNOLOGY (DINDIGUL)","Mechanical Engineering","Under Graduate","ACCREDITED","Academic year 2022-23, 2023-24 and 2024-25, i.e., upto 30-06-2025"
"PSNA COLLEGE OF ENGINEERING AND TECHNOLOGY (DINDIGUL)","Computer Science and Engineering","Under Graduate","ACCREDITED","Academic Year 2019-20, 2020-21 and 2021-22, i.e., upto 30-06-2022; Further Accredited for Academic Year 2022-23, 2023-24 and 2024-25, i.e., upto 30/06/2025"
"PSNA COLLEGE OF ENGINEERING AND TECHNOLOGY (DINDIGUL)","Electronics & Communication Engineering","Under Graduate","ACCREDITED","Academic Year 2019-20, 2020-21 and 2021-22, i.e., upto 30-06-2022; Further Accredited for Academic Year 2022-23, 2023-24 and 2024-25, i.e., upto 30/06/2025"
"PSNA COLLEGE OF ENGINEERING AND TECHNOLOGY (DINDIGUL)","Information Technology","Under Graduate","ACCREDITED","Academic Year 2019-20, 2020-21 and 2021-22, i.e., upto 30-06-2022; Further Accredited for Academic Year 2022-23, 2023-24 and 2024-25, i.e., upto 30/06/2025"
"PSNA COLLEGE OF ENGINEERING AND TECHNOLOGY (DINDIGUL)","Biomedical Engineering","Under Graduate","ACCREDITED","Academic Year 2019-20, 2020-21 and 2021-22, i.e., upto 30-06-2022; Further Accredited for Academic Year 2022-23, 2023-24 and 2024-25, i.e., upto 30/06/2025"
"PSNA COLLEGE OF ENGINEERING AND TECHNOLOGY (DINDIGUL)","Civil Engineering","Under Graduate","ACCREDITED","Academic Year 2016-17, 2017-18 and 2018-19, i.e., upto 30-06-2019; Further accredited from Academic Year 2019-20, 2020-21 and 2021-22, i.e., upto 30-06-2022"
"PSNA COLLEGE OF ENGINEERING AND TECHNOLOGY (DINDIGUL)","Mechanical Engineering","Under Graduate","ACCREDITED","Academic Year 2016-17, 2017-18 and 2018-19, i.e., upto 30-06-2019; Further accredited from Academic Year 2019-20, 2020-21 and 2021-22, i.e., upto 30-06-2022"
"R.M.D.ENGINEERING COLLEGE (KAVARAIPETTAI)","COMPUTER SCIENCE AND ENGINEERING","UG","ACCREDITED","5 YEARS W.E.F. 19-07-2008"
"R.M.D.ENGINEERING COLLEGE (KAVARAIPETTAI)","ELECTRICAL AND ELECTRONICS ENGINEERING","UG","ACCREDITED","5 YEARS W.E.F. 19-07-2008"
"R.M.D.ENGINEERING COLLEGE (KAVARAIPETTAI)","ELECTRONICS AND COMMUNICATION ENGINEERING","UG","ACCREDITED","5 YEARS W.E.F. 19-07-2008"
"R.M.D.ENGINEERING COLLEGE (KAVARAIPETTAI)","INFORMATION TECHNOLOGY","UG","ACCREDITED","5 YEARS W.E.F. 19-07-2008"
"R.M.D.ENGINEERING COLLEGE (Tiruvallur)","Computer Science and Engineering","Under Graduate","ACCREDITED","Academic Year 2017-18, 2018-19 and 2019-20, i.e. up to 30-06-2020; Further accredited for Academic Year 2020-21, 2021-22 and 2022-23, i.e. up to 30-06-2023"
"R.M.D.ENGINEERING COLLEGE (Tiruvallur)","Electrical & Electronics Engineering","Under Graduate","ACCREDITED","Academic Year 2017-18, 2018-19 and 2019-20, i.e. up to 30-06-2020; Further accredited for Academic Year 2020-21, 2021-22 and 2022-23, i.e. up to 30-06-2023"
"R.M.D.ENGINEERING COLLEGE (Tiruvallur)","Electronics & Communication Engineering","Under Graduate","ACCREDITED","Academic Year 2017-18, 2018-19 and 2019-20, i.e. up to 30-06-2020; Further accredited for Academic Year 2020-21, 2021-22 and 2022-23, i.e. up to 30-06-2023"
"R.M.D.ENGINEERING COLLEGE (Tiruvallur)","Information Technology","Under Graduate","ACCREDITED","Academic Year 2017-18, 2018-19 and 2019-20, i.e. up to 30-06-2020; Further accredited for Academic Year 2020-21, 2021-22 and 2022-23, i.e. up to 30-06-2023"
"R.M.D.ENGINEERING COLLEGE (Tiruvallur)","Electronics & Instrumentation Engineering","Under Graduate","ACCREDITED","Academic Year 2017-18, 2018-19 and 2019-20, i.e. up to 30-06-2020; Further accredited for Academic Year 2020-21, 2021-22 and 2022-23, i.e. up to 30-06-2023"
"R.M.D.ENGINEERING COLLEGE (Tiruvallur)","Computer Science and Engineering","Under Graduate","ACCREDITED","Academic year 2023-24,2024-25 and 2025-26 i.e. 30-06-2026"
"R.M.D.ENGINEERING COLLEGE (Tiruvallur)","Electronics & Communication Engineering","Under Graduate","ACCREDITED","Academic year 2023-24,2024-25 and 2025-26 i.e. 30-06-2026"
"R.M.D.ENGINEERING COLLEGE (Tiruvallur)","Information Technology","Under Graduate","ACCREDITED","Academic year 2023-24,2024-25 and 2025-26 i.e. 30-06-2026"
"R.M.K. COLLEGE OF ENGINEERING AND TECHNOLOGY (Tiruvallur)","Computer Science and Engineering","Under Graduate","ACCREDITED","Academic Year 2018-19, 2019-20, 2020-21 and 2021-22, i.e., upto 30-06-2022; Further Accredited for Academic Year 2022-23, 2023-24 and 2024-25, i.e., upto 30/06/2025"
"R.M.K. COLLEGE OF ENGINEERING AND TECHNOLOGY (Tiruvallur)","Electronics & Communication Engineering","Under Graduate","ACCREDITED","Academic Year 2018-19, 2019-20, 2020-21 and 2021-22, i.e., upto 30-06-2022; Further Accredited for Academic Year 2022-23, 2023-24 and 2024-25, i.e., upto 30/06/2025"
"R.M.K. COLLEGE OF ENGINEERING AND TECHNOLOGY (Tiruvallur)","Mechanical Engineering","Under Graduate","ACCREDITED","Academic Year 2018-19, 2019-20, 2020-21 and 2021-22, i.e., upto 30-06-2022; Further Accredited for Academic Year 2022-23, 2023-24 and 2024-25, i.e., upto 30/06/2025"
"R.M.K. COLLEGE OF ENGINEERING AND TECHNOLOGY (Tiruvallur)","Electrical & Electronics Engineering","Under Graduate","ACCREDITED","Academic Year 2018-19, 2019-20 and 2020-21, i.e., upto 30-06-2021"
"R.M.K. ENGINEERING COLLEGE (Chennai)","ELECTRICAL AND ELECTRONICS ENGINEERING","UG","ACCREDITED","5 Years w.e.f. 06-02-2003"
"R.M.K.ENGINEERING COLLEGE (KAVARAIPETTAI)","MECHANICAL ENGINEERING","UG","ACCREDITED","3 YEARS W.E.F.6-2-2003"
"R.M.K.ENGINEERING COLLEGE (KAVARAIPETTAI)","ELECTRONICS AND COMMUNICATION ENGINEERING","UG","ACCREDITED","3 YEARS W.E.F.6-2-2003"
"R.M.K.ENGINEERING COLLEGE (KAVARAIPETTAI)","ELECTRONICS AND INSTRUMENTATION ENGINEERING","UG","ACCREDITED","3 YEARS W.E.F.27-7-2006"
"R.M.K.ENGINEERING COLLEGE (KAVARAIPETTAI)","COMPUTER SCIENCE AND ENGINEERING","UG","ACCREDITED","3 YEARS W.E.F.27-7-2006"
"R.M.K.ENGINEERING COLLEGE (KAVARAIPETTAI)","INFORMATION TECHNOLOGY","UG","ACCREDITED","3 YEARS W.E.F.4/5/2007"
"R.M.K.ENGINEERING COLLEGE (KAVARAIPETTAI)","ELECTRONICS AND COMMUNICATION ENGINEERING","UG","ACCREDITED","3 YEARS W.E.F.4/5/2007"
"R.M.K.ENGINEERING COLLEGE (KAVARAIPETTAI)","MECHANICAL ENGINEERING","UG","ACCREDITED","5 YEARS W.E.F.4/5/2007"
"R.M.K.ENGINEERING COLLEGE (KAVARAIPETTAI)","ELECTRICAL AND ELECTRONICS ENGINEERING","UG","ACCREDITED","5 YEARS W.E.F.16-4-2009"
"R.M.K.ENGINEERING COLLEGE (KAVARAIPETTAI)","COMPUTER SCIENCE AND ENGINEERING","UG","ACCREDITED","2 YEARS W.E.F. 05-08-2013"
"R.M.K.ENGINEERING COLLEGE (KAVARAIPETTAI)","ELECTRONICS AND INSTRUMENTATION ENGINEERING","UG","ACCREDITED","2 YEARS W.E.F. 05-08-2013"
"R.M.K.ENGINEERING COLLEGE (KAVARAIPETTAI)","ELECTRONICS AND COMMUNICATION ENGINEERING","UG","ACCREDITED","2 YEARS W.E.F. 05-08-2013"
"R.M.K.ENGINEERING COLLEGE (KAVARAIPETTAI)","INFORMATION TECHNOLOGY","UG","ACCREDITED","2 YEARS W.E.F. 05-08-2013"
"R.M.K.ENGINEERING COLLEGE (KAVARAIPETTAI)","INFORMATION TECHNOLOGY","UG","ACCREDITED","5 YEARS W.E.F. 04-02-2014"
"R.M.K.ENGINEERING COLLEGE (Tiruvallur)","Computer Science and Engineering","Under Graduate","ACCREDITED","Academic Year 2018-19, 2019-20, 2020-21 and 2021-22, i.e., upto 30-06-2022; Further Accredited for Academic Year 2022-23, 2023-24 and 2024-25, i.e., upto 30/06/2025"
"R.M.K.ENGINEERING COLLEGE (Tiruvallur)","Electronics & Communication Engineering","Under Graduate","ACCREDITED","Academic Year 2018-19, 2019-20, 2020-21 and 2021-22, i.e., upto 30-06-2022; Further Accredited for Academic Year 2022-23, 2023-24 and 2024-25, i.e., upto 30/06/2025"
"R.M.K.ENGINEERING COLLEGE (Tiruvallur)","Electronics & Instrumentation Engineering","Under Graduate","ACCREDITED","Academic Year 2018-19, 2019-20, 2020-21 and 2021-22, i.e., upto 30-06-2022; Further Accredited for Academic Year 2022-23, 2023-24 and 2024-25, i.e., upto 30/06/2025"
"R.M.K.ENGINEERING COLLEGE (Tiruvallur)","Information Technology","Under Graduate","ACCREDITED","Academic Year 2019-20, 2020-21 and 2021-22, i.e., upto 30-06-2022; Further Accredited for Academic Year 2022-23, 2023-24 and 2024-25, i.e., upto 30/06/2025"
"R.M.K.ENGINEERING COLLEGE (Tiruvallur)","Civil Engineering","Under Graduate","ACCREDITED","Academic Year 2017-18, 2018-19 and 2019-20, i.e. up to 30-06-2020; Further accredited for Academic Year 2020-21, 2021-22 and 2022-23, i.e. up to 30-06-2023"
"R.M.K.ENGINEERING COLLEGE (Tiruvallur)","Electrical & Electronics Engineering","Under Graduate","ACCREDITED","Academic Year 2017-18, 2018-19 and 2019-20, i.e. up to 30-06-2020; Further accredited for Academic Year 2020-21, 2021-22 and 2022-23, i.e. up to 30-06-2023"
"R.M.K.ENGINEERING COLLEGE (Tiruvallur)","Mechanical Engineering","Under Graduate","ACCREDITED","Academic Year 2017-18, 2018-19 and 2019-20, i.e. up to 30-06-2020; Further accredited for Academic Year 2020-21, 2021-22 and 2022-23, i.e. up to 30-06-2023"
"R.M.K.ENGINEERING COLLEGE (Tiruvallur)","Civil Engineering","Under Graduate","ACCREDITED","Academic year 2023-24,2024-25 and 2025-26 i.e. 30-06-2026"
"R.M.K.ENGINEERING COLLEGE (Tiruvallur)","Mechanical Engineering","Under Graduate","ACCREDITED","Academic year 2023-24,2024-25 and 2025-26 i.e. 30-06-2026"
"R.M.K.ENGINEERING COLLEGE (Tiruvallur)","Electrical and Electronics Engineering","Under Graduate","ACCREDITED","Academic year 2023-24,2024-25 and 2025-26 i.e. 30-06-2026"
"R.V.S COLLEGE OF ENGINEERING AND TECHNOLOGY (DINDIGUL)","CIVIL ENGINEERING","UG","ACCREDITED","5 YEARS W.E.F.24-4-2002"
"R.V.S COLLEGE OF ENGINEERING AND TECHNOLOGY (DINDIGUL)","MECHANICAL ENGINEERING","UG","ACCREDITED","5 YEARS W.E.F.24-4-2002"
"R.V.S COLLEGE OF ENGINEERING AND TECHNOLOGY (DINDIGUL)","COMPUTER SCIENCE AND ENGINEERING","UG","ACCREDITED","3 YEARS W.E.F.24-4-2002"
"R.V.S COLLEGE OF ENGINEERING AND TECHNOLOGY (DINDIGUL)","ELECTRONICS AND COMMUNICATION ENGINEERING","UG","ACCREDITED","3 YEARS W.E.F.24-4-2002"
"R.V.S COLLEGE OF ENGINEERING AND TECHNOLOGY (DINDIGUL)","ELECTRICAL AND ELECTRONICS ENGINEERING","UG","ACCREDITED","3 YEARS W.E.F.24-4-2002"
"R.V.S COLLEGE OF ENGINEERING AND TECHNOLOGY (DINDIGUL)","TEXTILE TECHNOLOGY","UG","ACCREDITED","3 YEARS W.E.F.19-3-2004"
"R.V.S COLLEGE OF ENGINEERING AND TECHNOLOGY (DINDIGUL)","ELECTRONICS AND INSTRUMENTATION ENGINEERING","UG","ACCREDITED","3 YEARS W.E.F.19-3-2004"
"R.V.S COLLEGE OF ENGINEERING AND TECHNOLOGY (DINDIGUL)","ELECTRICAL AND ELECTRONICS ENGINEERING","UG","ACCREDITED","3 YEARS W.E.F.16-4-2009"
"R.V.S COLLEGE OF ENGINEERING AND TECHNOLOGY (DINDIGUL)","ELECTRONICS AND COMMUNICATION ENGINEERING","UG","ACCREDITED","3 YEARS W.E.F.16-4-2009"
"R.V.S COLLEGE OF ENGINEERING AND TECHNOLOGY (DINDIGUL)","CIVIL ENGINEERING","UG","ACCREDITED","3 YEARS W.E.F.16-4-2009"
"R.V.S COLLEGE OF ENGINEERING AND TECHNOLOGY (DINDIGUL)","COMPUTER SCIENCE AND ENGINEERING","UG","ACCREDITED","3 YEARS W.E.F.16-4-2009"
"R.V.S COLLEGE OF ENGINEERING AND TECHNOLOGY (DINDIGUL)","MECHANICAL ENGINEERING","UG","ACCREDITED","3 YEARS W.E.F.16-4-2009"
"R.V.S COLLEGE OF ENGINEERING AND TECHNOLOGY (DINDIGUL)","ELECTRONICS AND INSTRUMENTATION ENGINEERING","UG","ACCREDITED","3 YEARS W.E.F.16-4-2009"
"R.V.S COLLEGE OF ENGINEERING AND TECHNOLOGY (DINDIGUL)","TEXTILE TECHNOLOGY","UG","ACCREDITED","3 YEARS W.E.F.16-4-2009"
"R.V.S COLLEGE OF ENGINEERING AND TECHNOLOGY (DINDIGUL)","INFORMATION TECHNOLOGY","UG","ACCREDITED","3 YEARS W.E.F.16-4-2009"
"RAJA COLLEGE OF ENGINEERING AND TECHNOLOGY (MADURAI)","ELECTRICAL AND ELECTRONICS ENGINEERING","UG","ACCREDITED","3 YEARS W.E.F. 15-3-2012"
"RAJA COLLEGE OF ENGINEERING AND TECHNOLOGY (MADURAI)","MECHANICAL ENGINEERING","UG","ACCREDITED","3 YEARS W.E.F. 15-3-2012"
"RAJALAKSHMI ENGINEERING COLLEGE (CHENNAI)","COMPUTER SCIENCE AND ENGINEERING","UG","ACCREDITED","3 YEARS W.E.F.19-3-2004"
"RAJALAKSHMI ENGINEERING COLLEGE (CHENNAI)","MECHANICAL ENGINEERING","UG","ACCREDITED","3 YEARS W.E.F.19-3-2004"
"RAJALAKSHMI ENGINEERING COLLEGE (CHENNAI)","ELECTRONICS AND COMMUNICATION ENGINEERING","UG","ACCREDITED","3 YEARS W.E.F.19-3-2004"
"RAJALAKSHMI ENGINEERING COLLEGE (CHENNAI)","ELECTRICAL AND ELECTRONICS ENGINEERING","UG","ACCREDITED","3 YEARS W.E.F.27-7-2006"
"RAJALAKSHMI ENGINEERING COLLEGE (CHENNAI)","INFORMATION TECHNOLOGY","UG","ACCREDITED","3 YEARS W.E.F.27-7-2006"
"RAJALAKSHMI ENGINEERING COLLEGE (CHENNAI)","ELECTRONICS AND COMMUNICATION ENGINEERING","UG","ACCREDITED","3 YEARS W.E.F.19-7-2008"
"RAJALAKSHMI ENGINEERING COLLEGE (CHENNAI)","MECHANICAL ENGINEERING","UG","ACCREDITED","3 YEARS W.E.F.19-7-2008"
"RAJALAKSHMI ENGINEERING COLLEGE (CHENNAI)","ELECTRICAL AND ELECTRONICS ENGINEERING","UG","ACCREDITED","3 YEARS W.E.F.16-9-2011"
"RAJALAKSHMI ENGINEERING COLLEGE (CHENNAI)","Civil Engineering","Under Graduate","ACCREDITED","Academic Year 2019-20, 2020-21 and 2021-22, i.e., upto 30-06-2022; Further Accredited for Academic Year 2022-23, 2023-24 and 2024-25, i.e., upto 30/06/2025"
"RAJALAKSHMI ENGINEERING COLLEGE (CHENNAI)","Electronics & Communication Engineering","Under Graduate","ACCREDITED","Academic Year 2019-20, 2020-21 and 2021-22, i.e., upto 30-06-2022; Further Accredited for Academic Year 2022-23, 2023-24 and 2024-25, i.e., upto 30/06/2025"
"RAJALAKSHMI ENGINEERING COLLEGE (CHENNAI)","Electronics & Communication Engineering","Under Graduate","ACCREDITED","Academic Year 2014-15 and 2015-16, i.e., upto 30-06-2016"
"RAJALAKSHMI ENGINEERING COLLEGE (CHENNAI)","Electrical & Electronics Engineering","Under Graduate","ACCREDITED","Academic Year 2016-17, 2017-18 and 2018-19, i.e., upto 30-06-2019; Further accredited from Academic Year 2019-20, 2020-21 and 2021-22, i.e., upto 30-06-2022"
"RAJALAKSHMI ENGINEERING COLLEGE (CHENNAI)","Information Technology","Under Graduate","ACCREDITED","Academic Year 2016-17, 2017-18 and 2018-19, i.e., upto 30-06-2019; Further accredited from Academic Year 2019-20, 2020-21 and 2021-22, i.e., upto 30-06-2022"
"RAJALAKSHMI ENGINEERING COLLEGE (CHENNAI)","Automobile Engineering","Under Graduate","ACCREDITED","Academic Year 2014-15, 2015-16 and 2016-17, i.e., upto 30-06-2017; Further Accredited for Academic Years 2017-18, 2018-19, 2019-20, 2020-21 and 2020-22, i.e., upto 30-06-2022"
"RAJALAKSHMI ENGINEERING COLLEGE (CHENNAI)","Biomedical Engineering","Under Graduate","ACCREDITED","Academic Year 2014-15, 2015-16 and 2016-17, i.e., upto 30-06-2017; Further Accredited for Academic Years 2017-18, 2018-19, 2019-20, 2020-21 and 2020-22, i.e., upto 30-06-2022"
"RAJALAKSHMI ENGINEERING COLLEGE (CHENNAI)","Biotechnology","Under Graduate","ACCREDITED","Academic Year 2014-15, 2015-16 and 2016-17, i.e., upto 30-06-2017; Further Accredited for Academic Years 2017-18, 2018-19, 2019-20, 2020-21 and 2020-22, i.e., upto 30-06-2022"
"RAJALAKSHMI ENGINEERING COLLEGE (CHENNAI)","Aeronautical Engineering","Under Graduate","ACCREDITED","Academic Year 2014-15, 2015-16 and 2016-17, i.e., upto 30-06-2017; Further Accredited for Academic Years 2017-18, 2018-19, 2019-20, 2020-21 and 2020-22, i.e., upto 30-06-2022"
"RAJALAKSHMI ENGINEERING COLLEGE (CHENNAI)","Computer Science and Engineering","Under Graduate","ACCREDITED","Academic Year 2014-15, 2015-16 and 2016-17, i.e., upto 30-06-2017; Further Accredited for Academic Years 2017-18, 2018-19, 2019-20, 2020-21 and 2020-22, i.e., upto 30-06-2022"
"RAJALAKSHMI ENGINEERING COLLEGE (CHENNAI)","Mechanical Engineering","Under Graduate","ACCREDITED","Academic Year 2014-15, 2015-16 and 2016-17, i.e., upto 30-06-2017; Further Accredited for Academic Years 2017-18, 2018-19, 2019-20, 2020-21 and 2020-22, i.e., upto 30-06-2022"
"RAJALAKSHMI ENGINEERING COLLEGE, CHENNAI, Tamil Nadu (Chennai)","AERONAUTICAL ENGINEERING","UG","ACCREDITED","Academic Years 2017-18, 2018-19 and 2019-20, i.e., upto 30-06-2020"
"RAJALAKSHMI ENGINEERING COLLEGE, CHENNAI, Tamil Nadu (Chennai)","AUTOMOBILE ENGINEERING","UG","ACCREDITED","Academic Years 2017-18, 2018-19 and 2019-20, i.e., upto 30-06-2020"
"RAJALAKSHMI ENGINEERING COLLEGE, CHENNAI, Tamil Nadu (Chennai)","Biomedical Engineering","UG","ACCREDITED","Academic Years 2017-18, 2018-19 and 2019-20, i.e., upto 30-06-2020"
"RAJALAKSHMI ENGINEERING COLLEGE, CHENNAI, Tamil Nadu (Chennai)","BIOTECHNOLOGY","UG","ACCREDITED","Academic Years 2017-18, 2018-19 and 2019-20, i.e., upto 30-06-2020"
"RAJALAKSHMI ENGINEERING COLLEGE, CHENNAI, Tamil Nadu (Chennai)","COMPUTER SCIENCE AND ENGINEERING","UG","ACCREDITED","Academic Years 2017-18, 2018-19 and 2019-20, i.e., upto 30-06-2020"
"Rajalakshmi Institute of Technology (Tiruvallur)","Computer Science and Engineering","Under Graduate","ACCREDITED","Academic Year 2016-17, 2017-18 and 2018-19, i.e., upto 30-06-2019; Further accredited from Academic Year 2019-20, 2020-21 and 2021-22, i.e., upto 30-06-2022"
"Rajalakshmi Institute of Technology (Tiruvallur)","Mechanical Engineering","Under Graduate","ACCREDITED","Academic Year 2016-17, 2017-18 and 2018-19, i.e., upto 30-06-2019; Further accredited from Academic Year 2019-20, 2020-21 and 2021-22, i.e., upto 30-06-2022"
"Rajalakshmi Institute of Technology (Tiruvallur)","Electronics & Communication Engineering","Under Graduate","ACCREDITED","Academic Year 2021-22, 2022-23 and 2023-24, i.e., upto 30-06-2024; Further Accredited for Academic Year 2024-25, 2025-26 and 2026-27, i.e., upto 30/06/2027"
"Rajalakshmi Institute of Technology (Tiruvallur)","Computer Science and Engineering","Under Graduate","ACCREDITED","Academic year 2022-23, 2023-24 and 2024-25, i.e. upto 30-06-2025"
"Rajas Engineering College (Tirunelveli)","CIVIL ENGINEERING","UG","ACCREDITED","3 years w.e.f 06.08.2002"
"Rajas Engineering College (Tirunelveli)","MECHANICAL ENGINEERING","UG","ACCREDITED","3 years w.e.f 06.08.2002"
"Rajas Engineering College (Tirunelveli)","ELECTRONICS AND COMMUNICATION ENGINEERING","UG","ACCREDITED","3 years w.e.f 06.08.2002"
"Rajas Engineering College (Tirunelveli)","ELECTRICAL AND ELECTRONICS ENGINEERING","UG","ACCREDITED","3 years w.e.f 06.08.2002"
"Rajas Engineering College (Tirunelveli)","COMPUTER SCIENCE AND ENGINEERING","UG","ACCREDITED","3 years w.e.f 06.08.2002"
"RAJIV COLLEGE OF ENGINEERING (CHENNAI)","BIOMEDICAL ENGINEERING","UG","ACCREDITED","3 YRS W,E,F 18-01-2011"
"RAJIV GANDHI COLLEGE OF ENGINEERING (CHENNAI)","BIOMEDICAL ENGINEERING","UG","ACCREDITED","3 YRS W,E,F 18-01-2011"
"RAMCO INSTITUTE OF TECHNOLOGY (Virudhunagar)","Computer Science and Engineering","Under Graduate","ACCREDITED","Academic Year 2021-22, 2022-23 and 2023-24, i.e., upto 30-06-2024; Further Accredited for Academic Year 2024-25, 2025-26 and 2026-27, i.e., upto 30/06/2027"
"RAMCO INSTITUTE OF TECHNOLOGY (Virudhunagar)","Electrical & Electronics Engineering","Under Graduate","ACCREDITED","Academic Year 2021-22, 2022-23 and 2023-24, i.e., upto 30-06-2024; Further Accredited for Academic Year 2024-25, 2025-26 and 2026-27, i.e., upto 30/06/2027"
"RAMCO INSTITUTE OF TECHNOLOGY (Virudhunagar)","Electronics & Communication Engineering","Under Graduate","ACCREDITED","Academic Year 2021-22, 2022-23 and 2023-24, i.e., upto 30-06-2024; Further Accredited for Academic Year 2024-25, 2025-26 and 2026-27, i.e., upto 30/06/2027"
"RAMCO INSTITUTE OF TECHNOLOGY (Virudhunagar)","Mechanical Engineering","Under Graduate","ACCREDITED","Academic Year 2021-22, 2022-23 and 2023-24, i.e., upto 30-06-2024; Further Accredited for Academic Year 2024-25, 2025-26 and 2026-27, i.e., upto 30/06/2027"
"RATHINAM TECHNICAL CAMPUS (Coimbotore)","Mechanical Engineering","Under Graduate","ACCREDITED","Academic Year 2024-25, 2025-26 and 2026-27, i.e., upto 30/06/2027"
"RATHINAM TECHNICAL CAMPUS (Coimbotore)","Electronics & Communication Engineering","Under Graduate","ACCREDITED","Academic Year 2023-24, 2024-25 and 2025-26, i.e., upto 30/06/2026"
"RATHINAM TECHNICAL CAMPUS (Coimbotore)","Information Technology","Under Graduate","ACCREDITED","Academic Year 2023-24, 2024-25 and 2025-26, i.e., upto 30/06/2026"
"RATHINAM TECHNICAL CAMPUS (Coimbotore)","Computer Science and Engineering","Under Graduate","ACCREDITED","Academic Year 2019-20, 2020-21 and 2021-22, i.e., upto 30-06-2022; Further Accredited for Academic Year 2022-23, 2023-24 and 2024-25, i.e., upto 30/06/2025"
"Rohini College of Engineering and Technology (Kanniyakumari (HQ : Nagercoil))","Electrical & Electronics Engineering","Under Graduate","ACCREDITED","Academic Year 2024-25, 2025-26 and 2026-27, i.e., upto 30/06/2027"
"Rohini College of Engineering and Technology (Kanniyakumari (HQ : Nagercoil))","Electronics & Communication Engineering","Under Graduate","ACCREDITED","Academic Year 2024-25, 2025-26 and 2026-27, i.e., upto 30/06/2027"
"Rohini College of Engineering and Technology (Kanniyakumari (HQ : Nagercoil))","Mechanical Engineering","Under Graduate","ACCREDITED","Academic Year 2024-25, 2025-26 and 2026-27, i.e., upto 30/06/2027"
"S K R ENGINEERING COLLEGE (CHENNAI)","ELECTRONICS AND COMMUNICATION ENGINEERING","UG","ACCREDITED","3 YEARS W.E.F. 10-02-2009"
"S K R ENGINEERING COLLEGE (CHENNAI)","COMPUTER SCIENCE AND ENGINEERING","UG","ACCREDITED","3 YEARS W.E.F. 10-02-2009"
"S K R ENGINEERING COLLEGE (CHENNAI)","INFORMATION TECHNOLOGY","UG","ACCREDITED","3 YEARS W.E.F. 10-02-2009"
"S K R ENGINEERING COLLEGE (CHENNAI)","COMPUTER SCIENCE AND ENGINEERING","UG","ACCREDITED","2 YEARS W.E.F. 01-07-2015"
"S K R ENGINEERING COLLEGE (CHENNAI)","ELECTRICAL AND ELECTRONICS ENGINEERING","UG","ACCREDITED","2 YEARS W.E.F. 01-07-2015"
"S K R ENGINEERING COLLEGE (CHENNAI)","ELECTRONICS AND COMMUNICATION ENGINEERING","UG","ACCREDITED","2 YEARS W.E.F. 01-07-2015"
"S K R ENGINEERING COLLEGE (CHENNAI)","INFORMATION TECHNOLOGY","UG","ACCREDITED","2 YEARS W.E.F. 01-07-2015"
"S K R ENGINEERING COLLEGE (CHENNAI)","MECHANICAL ENGINEERING","UG","ACCREDITED","2 YEARS W.E.F. 01-07-2015"
"S K R ENGINEERING COLLEGE (CHENNAI)","Electronics & Communication Engineering","Under Graduate","ACCREDITED","Academic Year 2015-16, 2016-17 and 2017-18, i.e., upto 30-06-2018"
"S K R ENGINEERING COLLEGE (CHENNAI)","Electrical & Electronics Engineering","Under Graduate","ACCREDITED","Academic Year 2015-16, 2016-17 and 2017-18, i.e., upto 30-06-2018"
"S K R ENGINEERING COLLEGE (CHENNAI)","Computer Science and Engineering","Under Graduate","ACCREDITED","Academic Year 2015-16, 2016-17 and 2017-18, i.e., upto 30-06-2018"
"S K R ENGINEERING COLLEGE (CHENNAI)","Mechanical Engineering","Under Graduate","ACCREDITED","Academic Year 2015-16, 2016-17 and 2017-18, i.e., upto 30-06-2018"
"S.A.ENGINEERING COLLEGE (CHENNAI)","MECHANICAL ENGINEERING","UG","ACCREDITED","3 YEARS W.E.F.10-2-2009"
"S.A.ENGINEERING COLLEGE (CHENNAI)","ELECTRONICS AND COMMUNICATION ENGINEERING","UG","ACCREDITED","3 YEARS W.E.F.10-2-2009"
"S.A.ENGINEERING COLLEGE (CHENNAI)","ELECTRICAL AND ELECTRONICS ENGINEERING","UG","ACCREDITED","3 YEARS W.E.F.10-2-2009"
"S.A.ENGINEERING COLLEGE (CHENNAI)","COMPUTER SCIENCE AND ENGINEERING","UG","ACCREDITED","3 YEARS W.E.F.10-2-2009"
"S.A.ENGINEERING COLLEGE (CHENNAI)","INFORMATION TECHNOLOGY","UG","ACCREDITED","3 YEARS W.E.F.10-2-2009"
"S.A.ENGINEERING COLLEGE (CHENNAI)","Computer Science and Engineering","Under Graduate","ACCREDITED","Academic Year 2016-17, 2017-18 and 2018-19, i.e., upto 30-06-2019; Further accredited from Academic Year 2019-20, 2020-21 and 2021-22, i.e., upto 30-06-2022"
"S.A.ENGINEERING COLLEGE (CHENNAI)","Electronics & Communication Engineering","Under Graduate","ACCREDITED","Academic Year 2016-17, 2017-18 and 2018-19, i.e., upto 30-06-2019; Further accredited from Academic Year 2019-20, 2020-21 and 2021-22, i.e., upto 30-06-2022"
"S.A.ENGINEERING COLLEGE (CHENNAI)","Information Technology","Under Graduate","ACCREDITED","Academic Year 2016-17, 2017-18 and 2018-19, i.e., upto 30-06-2019; Further accredited from Academic Year 2019-20, 2020-21 and 2021-22, i.e., upto 30-06-2022"
"S.A.ENGINEERING COLLEGE (CHENNAI)","Electrical & Electronics Engineering","Under Graduate","ACCREDITED","Academic Year 2014-15, 2015-16 and 2016-17, i.e., upto 30-06-2017; Further Accredited for Academic Years 2017-18, 2018-19, 2019-20 and 2020-21, i.e., upto 30-06-2021"
"S.A.ENGINEERING COLLEGE (CHENNAI)","Mechanical Engineering","Under Graduate","ACCREDITED","Academic Year 2014-15, 2015-16 and 2016-17, i.e., upto 30-06-2017; Further Accredited for 2017-18, 2018-19, 2019-20, 2020-21 and 2021-22, i.e., upto 30-06-2022"
"S.A.ENGINEERING COLLEGE (CHENNAI)","Computer Science and Engineering","Under Graduate","ACCREDITED","Accredited for Academic Year 2022-23, 2023-24 and 2024-25, i.e., upto 30-06-2025"
"S.A.ENGINEERING COLLEGE (CHENNAI)","Information Technology","Under Graduate","ACCREDITED","Accredited for Academic Year 2022-23, 2023-24 and 2024-25, i.e., upto 30-06-2025"
"S.A.ENGINEERING COLLEGE (CHENNAI)","Electronics & Communication Engineering","Under Graduate","ACCREDITED","Academic Years 2024-25, 2025-26 and 2026-27, i.e., upto 30/06/2027"
"S.A.ENGINEERING COLLEGE (CHENNAI)","Electrical & Electronics Engineering","Under Graduate","ACCREDITED","Academic Year 2024-25, 2025-26 and 2026-27, i.e., upto 30/06/2027"
"S.A.ENGINEERING COLLEGE (CHENNAI)","Mechanical Engineering","Under Graduate","ACCREDITED","Academic Year 2024-25, 2025-26 and 2026-27, i.e., upto 30/06/2027"
"S.K.P ENGINEERING COLLEGE (TIRUVANNAMALAI)","COMPUTER SCIENCE AND ENGINEERING","UG","ACCREDITED","3 YEARS W.E.F.27-7-2006"
"S.K.P ENGINEERING COLLEGE (TIRUVANNAMALAI)","ELECTRONICS AND COMMUNICATION ENGINEERING","UG","ACCREDITED","3 YEARS W.E.F.27-7-2006"
"S.K.P ENGINEERING COLLEGE (TIRUVANNAMALAI)","ELECTRONICS AND COMMUNICATION ENGINEERING","UG","ACCREDITED","3 YEARS W.E.F.12-9-2007"
"S.K.P ENGINEERING COLLEGE (TIRUVANNAMALAI)","INFORMATION TECHNOLOGY","UG","ACCREDITED","3 YEARS W.E.F.12-9-2007"
"S.K.P ENGINEERING COLLEGE (TIRUVANNAMALAI)","COMPUTER SCIENCE AND ENGINEERING","UG","ACCREDITED","2 YEARS W.E.F. 18-09-2013"
"S.K.P ENGINEERING COLLEGE (TIRUVANNAMALAI)","ELECTRONICS AND COMMUNICATION ENGINEERING","UG","ACCREDITED","2 YEARS W.E.F. 18-09-2013"
"S.K.P ENGINEERING COLLEGE (TIRUVANNAMALAI)","MECHANICAL ENGINEERING","UG","ACCREDITED","2 YEARS W.E.F. 18-09-2013"
"S.K.P ENGINEERING COLLEGE (TIRUVANNAMALAI)","ELECTRICAL AND ELECTRONICS ENGINEERING","UG","ACCREDITED","2 YEARS W.E.F. 04-02-2014"
"S.K.P ENGINEERING COLLEGE (TIRUVANNAMALAI)","INFORMATION TECHNOLOGY","UG","ACCREDITED","2 YEARS W.E.F. 04-02-2014"
"S.K.P ENGINEERING COLLEGE (TIRUVANNAMALAI)","Civil Engineering","Under Graduate","ACCREDITED","Academic Year 2017-18, 2018-19 and 2019-20, i.e., upto 30-06-2020"
"S.K.P ENGINEERING COLLEGE (TIRUVANNAMALAI)","Computer Science and Engineering","Under Graduate","ACCREDITED","Academic Year 2017-18, 2018-19 and 2019-20, i.e., upto 30-06-2020"
"S.K.P ENGINEERING COLLEGE (TIRUVANNAMALAI)","Electrical & Electronics Engineering","Under Graduate","ACCREDITED","Academic Year 2017-18, 2018-19 and 2019-20, i.e., upto 30-06-2020"
"S.K.P ENGINEERING COLLEGE (TIRUVANNAMALAI)","Electronics & Communication Engineering","Under Graduate","ACCREDITED","Academic Year 2017-18, 2018-19 and 2019-20, i.e., upto 30-06-2020"
"S.K.P ENGINEERING COLLEGE (TIRUVANNAMALAI)","Mechanical Engineering","Under Graduate","ACCREDITED","Academic Year 2017-18, 2018-19 and 2019-20, i.e., upto 30-06-2020"
"SAKTHI MARIAMMAN ENGINEERING COLLEGE (CHENNAI)","ELECTRONICS AND COMMUNICATION ENGINEERING","UG","ACCREDITED","3 YEARS W.E.F.17-9-2009"
"SAKTHI MARIAMMAN ENGINEERING COLLEGE (CHENNAI)","COMPUTER SCIENCE AND ENGINEERING","UG","ACCREDITED","3 YEARS W.E.F.17-9-2009"
"SARANATHAN COLLEGE OF ENGINEERING (TIRUCHIRAPALLI)","ELECTRICAL AND ELECTRONICS ENGINEERING","UG","ACCREDITED","3 YEARS W.E.F.29-5-2009"
"SARANATHAN COLLEGE OF ENGINEERING (TIRUCHIRAPALLI)","ELECTRONICS AND COMMUNICATION ENGINEERING","UG","ACCREDITED","3 YEARS W.E.F.29-5-2009"
"SARANATHAN COLLEGE OF ENGINEERING (TIRUCHIRAPALLI)","ELECTRICAL AND ELECTRONICS ENGINEERING","UG","ACCREDITED","2 YEARS W.E.F. 18-09-2013"
"SARANATHAN COLLEGE OF ENGINEERING (TIRUCHIRAPALLI)","MECHANICAL ENGINEERING","UG","ACCREDITED","2 YEARS W.E.F. 06-08-2014"
"SARANATHAN COLLEGE OF ENGINEERING (TIRUCHIRAPALLI)","Computer Science and Engineering","Under Graduate","ACCREDITED","Academic Year 2018-19, 2019-20, 2020-21 and 2021-22, i.e., upto 30-06-2022; Further Accredited for Academic Year 2022-23, 2023-24 and 2024-25, i.e., upto 30/06/2025"
"SARANATHAN COLLEGE OF ENGINEERING (TIRUCHIRAPALLI)","Electrical & Electronics Engineering","Under Graduate","ACCREDITED","Academic Year 2018-19, 2019-20, 2020-21 and 2021-22, i.e., upto 30-06-2022; Further Accredited for Academic Year 2022-23, 2023-24 and 2024-25, i.e., upto 30/06/2025"
"SARANATHAN COLLEGE OF ENGINEERING (TIRUCHIRAPALLI)","Mechanical Engineering","Under Graduate","ACCREDITED","Academic Year 2018-19, 2019-20, 2020-21 and 2021-22, i.e., upto 30-06-2022; Further Accredited for Academic Year 2022-23, 2023-24 and 2024-25, i.e., upto 30/06/2025"
"SARANATHAN COLLEGE OF ENGINEERING (TIRUCHIRAPALLI)","Electronics & Communication Engineering","Under Graduate","ACCREDITED","Academic Year 2018-19, 2019-20, 2020-21 and 2021-22, i.e., upto 30-06-2022; Further Accredited for Academic Year 2022-23, 2023-24 and 2024-25, i.e., upto 30/06/2025"
"SARANATHAN COLLEGE OF ENGINEERING (TIRUCHIRAPALLI)","Information Technology","Under Graduate","ACCREDITED","Academic Year 2018-19, 2019-20, 2020-21 and 2021-22, i.e., upto 30-06-2022; Further Accredited for Academic Year 2022-23, 2023-24 and 2024-25, i.e., upto 30/06/2025"
"SARANATHAN COLLEGE OF ENGINEERING (TIRUCHIRAPALLI)","Instrumentation and Control Engineering","Under Graduate","ACCREDITED","Academic Year 2018-19, 2019-20, 2020-21 and 2021-22, i.e., upto 30-06-2022; Further Accredited for Academic Year 2022-23, 2023-24 and 2024-25, i.e., upto 30/06/2025"
"Sathyabama Engineering College  (Chennai)","MECHANICAL ENGINEERING","UG","ACCREDITED","5 years w.e.f. 12-05-1999"
"Sathyabama Engineering College  (Chennai)","PRODUCTION ENGINEERING","UG","ACCREDITED","5 years w.e.f. 12-05-1999"
"Sathyabama Engineering College  (Chennai)","ELECTRONICS AND COMMUNICATION ENGINEERING","UG","ACCREDITED","5 years w.e.f. 12-05-1999"
"Sathyabama Engineering College  (Chennai)","INSTRUMENTATION AND CONTROL ENGINEERING","UG","ACCREDITED","5 years w.e.f. 12-05-1999"
"Sathyabama Engineering College  (Chennai)","COMPUTER SCIENCE AND ENGINEERING","UG","ACCREDITED","5 years w.e.f. 12-05-1999"
"Sathyabama Engineering College  (Chennai)","ELECTRICAL AND ELECTRONICS ENGINEERING","UG","ACCREDITED","5 years w.e.f. 12-05-1999"
"SAVEETHA ENGINEERING COLLEGE (CHENNAI)","COMPUTER SCIENCE AND ENGINEERING","UG","ACCREDITED","3 YEARS W.E.F.10-2-2009"
"SAVEETHA ENGINEERING COLLEGE (CHENNAI)","ELECTRONICS AND COMMUNICATION ENGINEERING","UG","ACCREDITED","3 YEARS W.E.F.10-2-2009"
"SAVEETHA ENGINEERING COLLEGE (CHENNAI)","ELECTRICAL AND ELECTRONICS ENGINEERING","UG","ACCREDITED","3 YEARS W.E.F.10-2-2009"
"SAVEETHA ENGINEERING COLLEGE (CHENNAI)","INFORMATION TECHNOLOGY","UG","ACCREDITED","3 YEARS W.E.F.10-2-2009"
"SAVEETHA ENGINEERING COLLEGE (CHENNAI)","Computer Science and Engineering","Under Graduate","ACCREDITED","Academic Year 2022-23, 2023-24 and 2024-25, i.e., upto 30-06-2025"
"SAVEETHA ENGINEERING COLLEGE (CHENNAI)","Electrical & Electronics Engineering","Under Graduate","ACCREDITED","Academic Year 2022-23, 2023-24 and 2024-25, i.e., upto 30-06-2025"
"SAVEETHA ENGINEERING COLLEGE (CHENNAI)","Electronics & Communication Engineering","Under Graduate","ACCREDITED","Academic Year 2022-23, 2023-24 and 2024-25, i.e., upto 30-06-2025"
"SAVEETHA ENGINEERING COLLEGE (CHENNAI)","Information Technology","Under Graduate","ACCREDITED","Academic Year 2022-23, 2023-24 and 2024-25, i.e., upto 30-06-2025"
"SAVEETHA ENGINEERING COLLEGE (CHENNAI)","Mechanical Engineering","Under Graduate","ACCREDITED","Academic Year 2022-23, 2023-24 and 2024-25, i.e., upto 30-06-2025"
"SAVEETHA ENGINEERING COLLEGE (CHENNAI)","Computer Science and Engineering","Under Graduate","ACCREDITED","Academic Year 2014-15, 2015-16, 2016-17, 2017-18, 2018-19, 2019-20, 2020-21 and 2021-22, i.e., upto 30-06-2022"
"SAVEETHA ENGINEERING COLLEGE (CHENNAI)","Electrical & Electronics Engineering","Under Graduate","ACCREDITED","Academic Year 2014-15, 2015-16, 2016-17, 2017-18, 2018-19, 2019-20, 2020-21 and 2021-22, i.e., upto 30-06-2022"
"SAVEETHA ENGINEERING COLLEGE (CHENNAI)","Electronics & Communication Engineering","Under Graduate","ACCREDITED","Academic Year 2014-15, 2015-16, 2016-17, 2017-18, 2018-19, 2019-20, 2020-21 and 2021-22, i.e., upto 30-06-2022"
"SAVEETHA ENGINEERING COLLEGE (CHENNAI)","Information Technology","Under Graduate","ACCREDITED","Academic Year 2014-15, 2015-16, 2016-17, 2017-18, 2018-19, 2019-20, 2020-21 and 2021-22, i.e., upto 30-06-2022"
"SAVEETHA ENGINEERING COLLEGE (CHENNAI)","Mechanical Engineering","Under Graduate","ACCREDITED","Academic Year 2014-15, 2015-16, 2016-17, 2017-18, 2018-19, 2019-20, 2020-21 and 2021-22, i.e., upto 30-06-2022"
"SCAD COLLEGE OF ENGINEERING AND TECHNOLOGY (CHERANMAHADEVI)","COMPUTER SCIENCE AND ENGINEERING","UG","ACCREDITED","3 YEARS W.E.F.13-12-2011"
"SCAD COLLEGE OF ENGINEERING AND TECHNOLOGY (CHERANMAHADEVI)","ELECTRONICS AND COMMUNICATION ENGINEERING","UG","ACCREDITED","3 YEARS W.E.F.13-12-2011"
"SCAD COLLEGE OF ENGINEERING AND TECHNOLOGY (CHERANMAHADEVI)","ELECTRICAL AND ELECTRONICS ENGINEERING","UG","ACCREDITED","3 YEARS W.E.F.13-12-2011"
"SCAD COLLEGE OF ENGINEERING AND TECHNOLOGY (CHERANMAHADEVI)","MECHANICAL ENGINEERING","UG","ACCREDITED","3 YEARS W.E.F.13-12-2011"
"SCAD COLLEGE OF ENGINEERING AND TECHNOLOGY (CHERANMAHADEVI)","INFORMATION TECHNOLOGY","UG","ACCREDITED","3 YEARS W.E.F.13-12-2011"
"SETHU INSTITUTE OF TECHNOLOGY (MADURAI)","MECHANICAL ENGINEERING","UG","ACCREDITED","3 YEARS W.E.F.27-7-2006"
"SETHU INSTITUTE OF TECHNOLOGY (MADURAI)","COMPUTER SCIENCE AND ENGINEERING","UG","ACCREDITED","3 YEARS W.E.F.27-7-2006"
"SETHU INSTITUTE OF TECHNOLOGY (MADURAI)","INSTRUMENTATION AND CONTROL ENGINEERING","UG","ACCREDITED","3 YEARS W.E.F.27-7-2006"
"SETHU INSTITUTE OF TECHNOLOGY (MADURAI)","ELECTRONICS AND COMMUNICATION ENGINEERING","UG","ACCREDITED","3 YEARS W.E.F.27-7-2006"
"SETHU INSTITUTE OF TECHNOLOGY (MADURAI)","ELECTRICAL AND ELECTRONICS ENGINEERING","UG","ACCREDITED","3 YEARS W.E.F.19-7-2008"
"SETHU INSTITUTE OF TECHNOLOGY (MADURAI)","INFORMATION TECHNOLOGY","UG","ACCREDITED","3 YEARS W.E.F.19-7-2008"
"SETHU INSTITUTE OF TECHNOLOGY (MADURAI)","MECHANICAL ENGINEERING","UG","ACCREDITED","3 YEARS W.E.F.16-9-2011"
"SETHU INSTITUTE OF TECHNOLOGY (MADURAI)","COMPUTER SCIENCE AND ENGINEERING","UG","ACCREDITED","3 YEARS W.E.F.16-9-2011"
"SETHU INSTITUTE OF TECHNOLOGY (MADURAI)","INSTRUMENTATION AND CONTROL ENGINEERING","UG","ACCREDITED","3 YEARS W.E.F.16-9-2011"
"SETHU INSTITUTE OF TECHNOLOGY (MADURAI)","ELECTRICAL AND ELECTRONICS ENGINEERING","UG","ACCREDITED","3 YEARS W.E.F.16-9-2011"
"SETHU INSTITUTE OF TECHNOLOGY (MADURAI)","ELECTRICAL AND ELECTRONICS ENGINEERING","UG","ACCREDITED","2 YEARS W.E.F. 01-07-2014"
"SETHU INSTITUTE OF TECHNOLOGY (MADURAI)","INFORMATION TECHNOLOGY","UG","ACCREDITED","2 YEARS W.E.F. 01-07-2014"
"Shanmugha Arts, Science, Technology & Research Academy (SASTRA) Deemed to be University, (Erstwhile Shanmugha College of Engineering) (THANJAVUR)","MECHANICAL ENGINEERING","UG","ACCREDITED","5 YEARS w.e.f. 11-06-2004"
"Shanmugha Arts, Science, Technology & Research Academy (SASTRA) Deemed to be University, (Erstwhile Shanmugha College of Engineering) (THANJAVUR)","CIVIL ENGINEERING","UG","ACCREDITED","3 Years w.e.f. 30-11-2002"
"Shanmugha Arts, Science, Technology & Research Academy (SASTRA) Deemed to be University, (Erstwhile Shanmugha College of Engineering) (THANJAVUR)","ELECTRICAL AND ELECTRONICS ENGINEERING","UG","ACCREDITED","3 Years w.e.f. 30-11-2002"
"Shanmugha Arts, Science, Technology & Research Academy (SASTRA) Deemed to be University, (Erstwhile Shanmugha College of Engineering) (THANJAVUR)","ELECTRONICS AND INSTRUMENTATION ENGINEERING","UG","ACCREDITED","3 Years w.e.f. 30-11-2002"
"Shanmugha Arts, Science, Technology & Research Academy (SASTRA) Deemed to be University, (Erstwhile Shanmugha College of Engineering) (THANJAVUR)","COMPUTER SCIENCE AND ENGINEERING","UG","ACCREDITED","3 Years w.e.f. 30-11-2002"
"Shanmugha Arts, Science, Technology & Research Academy (SASTRA) Deemed to be University, (Erstwhile Shanmugha College of Engineering) (THANJAVUR)","INFORMATION TECHNOLOGY","UG","ACCREDITED","3 Years w.e.f. 30-11-2002"
"Shanmugha Arts, Science, Technology & Research Academy (SASTRA) Deemed to be University, (Erstwhile Shanmugha College of Engineering) (THANJAVUR)","ELECTRONICS AND COMMUNICATION ENGINEERING","UG","ACCREDITED","5 years w.e.f. 01-05-2000"
"Shanmugha Arts, Science, Technology & Research Academy (SASTRA) Deemed to be University, (Erstwhile Shanmugha College of Engineering) (THANJAVUR)","CHEMICAL ENGINEERING","UG","ACCREDITED","5 years w.e.f. 01-05-2000"
"SHREE MOTILAL KANHAIYALAL FOMRA INSTITUTE OF TECHNOLOGY (CHENNAI)","ELECTRONICS AND COMMUNICATION ENGINEERING","UG","ACCREDITED","3 YEARS W.E.F.16-4-2009"
"SHREE MOTILAL KANHAIYALAL FOMRA INSTITUTE OF TECHNOLOGY (CHENNAI)","ELECTRICAL AND ELECTRONICS ENGINEERING","UG","ACCREDITED","3 YEARS W.E.F.16-4-2009"
"SHREE MOTILAL KANHAIYALAL FOMRA INSTITUTE OF TECHNOLOGY (CHENNAI)","COMPUTER SCIENCE AND ENGINEERING","UG","ACCREDITED","3 YEARS W.E.F.16-4-2009"
"SHREE MOTILAL KANHAIYALAL FOMRA INSTITUTE OF TECHNOLOGY (CHENNAI)","INFORMATION TECHNOLOGY","UG","ACCREDITED","3 YEARS W.E.F.16-4-2009"
"SHREE VENKATESHWARA HI TECH ENGINEERING COLLEGE (Erode)","Civil Engineering","Under Graduate","ACCREDITED","Academic Year 2022-23, 2023-24 and 2024-25, i.e. upto 30-06-2025"
"SHREE VENKATESHWARA HI TECH ENGINEERING COLLEGE (Erode)","Computer Science and Engineering","Under Graduate","ACCREDITED","Academic Year 2022-23, 2023-24 and 2024-25, i.e. upto 30-06-2025"
"SHREE VENKATESHWARA HI TECH ENGINEERING COLLEGE (Erode)","Electrical & Electronics Engineering","Under Graduate","ACCREDITED","Academic Year 2022-23, 2023-24 and 2024-25, i.e. upto 30-06-2025"
"SHREE VENKATESHWARA HI TECH ENGINEERING COLLEGE (Erode)","Mechanical Engineering","Under Graduate","ACCREDITED","Academic Year 2022-23, 2023-24 and 2024-25, i.e. upto 30-06-2025"
"SHRI ANDAL ALAGAR COLLEGE OF ENGINEERING (MADURANTAKAM)","COMPUTER SCIENCE AND ENGINEERING","UG","ACCREDITED","3 YEARS W.E.F.16-4-2009"
"SHRI ANDAL ALAGAR COLLEGE OF ENGINEERING (MADURANTAKAM)","ELECTRICAL AND ELECTRONICS ENGINEERING","UG","ACCREDITED","3 YEARS W.E.F.16-4-2009"
"SHRI ANDAL ALAGAR COLLEGE OF ENGINEERING (MADURANTAKAM)","MECHANICAL ENGINEERING","UG","ACCREDITED","3 YEARS W.E.F.16-4-2009"
"SHRI ANDAL ALAGAR COLLEGE OF ENGINEERING (MADURANTAKAM)","ELECTRONICS AND COMMUNICATION ENGINEERING","UG","ACCREDITED","3 YEARS W.E.F.16-4-2009"
"SHRI ANDAL ALAGAR COLLEGE OF ENGINEERING (MADURANTAKAM)","INFORMATION TECHNOLOGY","UG","ACCREDITED","3 YEARS W.E.F.16-4-2009"
"SHRI ANDAL ALAGAR COLLEGE OF ENGINEERING (MADURANTAKAM)","BIOTECHNOLOGY","UG","ACCREDITED","3 YEARS W.E.F.16-4-2009"
"SNS COLLEGE OF ENGINEERING (Coimbotore)","Electrical & Electronics Engineering","Under Graduate","ACCREDITED","Academic Year 2018-19, 2019-20 and 2020-21, i.e., upto 30-06-2021"
"SNS COLLEGE OF ENGINEERING (Coimbotore)","Electronics & Communication Engineering","Under Graduate","ACCREDITED","Academic Year 2018-19, 2019-20 and 2020-21, i.e., upto 30-06-2021"
"SNS COLLEGE OF ENGINEERING (Coimbotore)","Mechanical Engineering","Under Graduate","ACCREDITED","Academic Year 2018-19, 2019-20 and 2020-21, i.e., upto 30-06-2021"
"SNS COLLEGE OF TECHNOLOGY (COIMBATORE)","ELECTRONICS AND COMMUNICATION ENGINEERING","UG","ACCREDITED","3 YEARS W.E.F. 13-03-2009"
"SNS COLLEGE OF TECHNOLOGY (COIMBATORE)","COMPUTER SCIENCE AND ENGINEERING","UG","ACCREDITED","3 YEARS W.E.F. 29-05-2009"
"SNS COLLEGE OF TECHNOLOGY (COIMBATORE)","INFORMATION TECHNOLOGY","UG","ACCREDITED","3 YEARS W.E.F. 29-05-2009"
"SNS COLLEGE OF TECHNOLOGY (COIMBATORE)","COMPUTER SCIENCE AND ENGINEERING","UG","ACCREDITED","2 YEARS W.E.F. 01-07-2014"
"SNS COLLEGE OF TECHNOLOGY (COIMBATORE)","INFORMATION TECHNOLOGY","UG","ACCREDITED","2 YEARS W.E.F. 01-07-2014"
"SNS COLLEGE OF TECHNOLOGY (COIMBATORE)","MECHANICAL ENGINEERING","UG","ACCREDITED","2 YEARS W.E.F. 01-07-2014"
"SNS COLLEGE OF TECHNOLOGY (COIMBATORE)","ELECTRONICS AND COMMUNICATION ENGINEERING","UG","ACCREDITED","2 YEARS W.E.F. 01-07-2014"
"SNS COLLEGE OF TECHNOLOGY (COIMBATORE)","ELECTRICAL AND ELECTRONICS ENGINEERING","UG","ACCREDITED","2 YEARS W.E.F. 01-07-2014"
"SNS COLLEGE OF TECHNOLOGY (COIMBATORE)","Computer Science and Engineering","Under Graduate","ACCREDITED","3 YEARS W.E.F. 01-07-2014"
"SNS COLLEGE OF TECHNOLOGY (COIMBATORE)","Computer Science and Engineering","Under Graduate","ACCREDITED","Academic Year 2014-15, 2015-16 and 2016-17, i.e., upto 30-06-2017; Further accredited for Academic Year 2017-18, 2018-19, 2019-20, 2020-21 and 2021-22, i.e., upto 30-06-2022"
"SNS COLLEGE OF TECHNOLOGY (COIMBATORE)","Electrical & Electronics Engineering","Under Graduate","ACCREDITED","Academic Year 2014-15, 2015-16 and 2016-17, i.e., upto 30-06-2017; Further accredited for Academic Year 2017-18, 2018-19, 2019-20, 2020-21 and 2021-22, i.e., upto 30-06-2022"
"SNS COLLEGE OF TECHNOLOGY (COIMBATORE)","Electronics & Communication Engineering","Under Graduate","ACCREDITED","Academic Year 2014-15, 2015-16 and 2016-17, i.e., upto 30-06-2017; Further accredited for Academic Year 2017-18, 2018-19, 2019-20, 2020-21 and 2021-22, i.e., upto 30-06-2022"
"SNS COLLEGE OF TECHNOLOGY (COIMBATORE)","Information Technology","Under Graduate","ACCREDITED","Academic Year 2014-15, 2015-16 and 2016-17, i.e., upto 30-06-2017; Further accredited for Academic Year 2017-18, 2018-19, 2019-20, 2020-21 and 2021-22, i.e., upto 30-06-2022"
"SNS COLLEGE OF TECHNOLOGY (COIMBATORE)","Mechanical Engineering","Under Graduate","ACCREDITED","Academic Year 2014-15, 2015-16 and 2016-17, i.e., upto 30-06-2017; Further accredited for Academic Year 2017-18, 2018-19, 2019-20, 2020-21 and 2021-22, i.e., upto 30-06-2022"
"SONA COLLEGE OF TECHNOLOGY (SALEM)","ELECTRICAL AND ELECTRONICS ENGINEERING","UG","ACCREDITED","3 YEARS W.E.F. 07-05-2003"
"SONA COLLEGE OF TECHNOLOGY (SALEM)","MECHANICAL ENGINEERING","UG","ACCREDITED","3 YEARS W.E.F. 07-05-2003"
"SONA COLLEGE OF TECHNOLOGY (SALEM)","COMPUTER SCIENCE AND ENGINEERING","UG","ACCREDITED","3 YEARS W.E.F. 11-06-2004"
"SONA COLLEGE OF TECHNOLOGY (SALEM)","ELECTRONICS AND COMMUNICATION ENGINEERING","UG","ACCREDITED","3 YEARS W.E.F. 10-09-2004"
"SONA COLLEGE OF TECHNOLOGY (SALEM)","MECHANICAL ENGINEERING","UG","ACCREDITED","3 YEARS W.E.F. 16-03-2007"
"SONA COLLEGE OF TECHNOLOGY (SALEM)","ELECTRICAL AND ELECTRONICS ENGINEERING","UG","ACCREDITED","3 YEARS W.E.F. 16-03-2007"
"SONA COLLEGE OF TECHNOLOGY (SALEM)","INFORMATION TECHNOLOGY","UG","ACCREDITED","3 YEARS W.E.F. 19-07-2008"
"SONA COLLEGE OF TECHNOLOGY (SALEM)","ELECTRONICS AND COMMUNICATION ENGINEERING","UG","ACCREDITED","3 YEARS W.E.F. 19-07-2008"
"SONA COLLEGE OF TECHNOLOGY (SALEM)","COMPUTER SCIENCE AND ENGINEERING","UG","ACCREDITED","3 YEARS W.E.F. 19-07-2008"
"SONA COLLEGE OF TECHNOLOGY (SALEM)","CIVIL ENGINEERING","UG","ACCREDITED","3 YEARS W.E.F. 10-02-2009"
"SONA COLLEGE OF TECHNOLOGY (SALEM)","MECHANICAL ENGINEERING","UG","ACCREDITED","2 YEARS W.E.F. 04-01-2013"
"SONA COLLEGE OF TECHNOLOGY (SALEM)","ELECTRICAL AND ELECTRONICS ENGINEERING","UG","ACCREDITED","2 YEARS W.E.F. 04-01-2013"
"SONA COLLEGE OF TECHNOLOGY (SALEM)","TEXTILE TECHNOLOGY","UG","ACCREDITED","2 YEARS W.E.F. 04-01-2013"
"SONA COLLEGE OF TECHNOLOGY (SALEM)","COMPUTER SCIENCE AND ENGINEERING","UG","ACCREDITED","2 YEARS W.E.F. 01-07-2014"
"SONA COLLEGE OF TECHNOLOGY (SALEM)","ELECTRONICS AND COMMUNICATION ENGINEERING","UG","ACCREDITED","2 YEARS W.E.F. 01-07-2014"
"SONA COLLEGE OF TECHNOLOGY (SALEM)","CIVIL ENGINEERING","UG","ACCREDITED","2 YEARS W.E.F. 01-07-2014"
"SONA COLLEGE OF TECHNOLOGY (SALEM)","INFORMATION TECHNOLOGY","UG","ACCREDITED","2 YEARS W.E.F. 01-07-2014"
"SREE SASTHA INSTITUTE OF ENGINEERING AND TECHNOLOGY (CHENNAI)","Biotechnology","Under Graduate","ACCREDITED","Academic Year 2017-18, 2018-19 and 2019-20, i.e., upto 30-06-2020"
"SRI BALAJI CHOCKALINGAM ENGG. COLLEGE (ARNI)","ELECTRONICS AND COMMUNICATION ENGINEERING","UG","ACCREDITED","3 YEARS W.E.F.29-5-2009"
"SRI BALAJI CHOCKALINGAM ENGG. COLLEGE (ARNI)","MECHANICAL ENGINEERING","UG","ACCREDITED","3 YEARS W.E.F.29-5-2009"
"SRI BALAJI CHOCKALINGAM ENGG. COLLEGE (ARNI)","ELECTRICAL AND ELECTRONICS ENGINEERING","UG","ACCREDITED","3 YEARS W.E.F.18-1-2011"
"SRI ESHWAR COLLEGE OF ENGINEERING (Coimbotore)","Computer Science and Engineering","Under Graduate","ACCREDITED","Academic Year 2018-19, 2019-20, 2020-21 and 2021-22, i.e., upto 30-06-2022; Further Accredited for Academic Year 2022-23, 2023-24 and 2024-25, i.e., upto 30/06/2025"
"SRI ESHWAR COLLEGE OF ENGINEERING (Coimbotore)","Electrical & Electronics Engineering","Under Graduate","ACCREDITED","Academic Year 2018-19, 2019-20, 2020-21 and 2021-22, i.e., upto 30-06-2022; Further Accredited for Academic Year 2022-23, 2023-24 and 2024-25, i.e., upto 30/06/2025"
"SRI ESHWAR COLLEGE OF ENGINEERING (Coimbotore)","Electronics & Communication Engineering","Under Graduate","ACCREDITED","Academic Year 2018-19, 2019-20, 2020-21 and 2021-22, i.e., upto 30-06-2022; Further Accredited for Academic Year 2022-23, 2023-24 and 2024-25, i.e., upto 30/06/2025"
"SRI ESHWAR COLLEGE OF ENGINEERING (Coimbotore)","Mechanical Engineering","Under Graduate","ACCREDITED","Academic Year 2018-19, 2019-20, 2020-21 and 2021-22, i.e., upto 30-06-2022; Further Accredited for Academic Year 2022-23, 2023-24 and 2024-25, i.e., upto 30/06/2025"
"SRI KRISHNA COLLEGE OF ENGINEERING AND TECHNOLOGY (COIMBATORE)","COMPUTER SCIENCE AND ENGINEERING","UG","ACCREDITED","3 YEARS W.E.F.27-7-2006"
"SRI KRISHNA COLLEGE OF ENGINEERING AND TECHNOLOGY (COIMBATORE)","ELECTRONICS AND COMMUNICATION ENGINEERING","UG","ACCREDITED","3 YEARS W.E.F.27-7-2006"
"SRI KRISHNA COLLEGE OF ENGINEERING AND TECHNOLOGY (COIMBATORE)","INFORMATION TECHNOLOGY","UG","ACCREDITED","3 YEARS W.E.F.27-7-2006"
"SRI KRISHNA COLLEGE OF ENGINEERING AND TECHNOLOGY (COIMBATORE)","MECHANICAL ENGINEERING","UG","ACCREDITED","3 YEARS W.E.F.27-7-2006"
"SRI KRISHNA COLLEGE OF ENGINEERING AND TECHNOLOGY (COIMBATORE)","MECHATRONICS ENGINEERING","UG","ACCREDITED","3 YEARS W.E.F.16-4-2009"
"SRI KRISHNA COLLEGE OF ENGINEERING AND TECHNOLOGY (COIMBATORE)","ELECTRICAL AND ELECTRONICS ENGINEERING","UG","ACCREDITED","3 YEARS W.E.F.16-4-2009"
"SRI KRISHNA COLLEGE OF ENGINEERING AND TECHNOLOGY (COIMBATORE)","MECHANICAL ENGINEERING","UG","ACCREDITED","3 YEARS W.E.F.16-9-2011"
"SRI KRISHNA COLLEGE OF ENGINEERING AND TECHNOLOGY (COIMBATORE)","ELECTRONICS AND COMMUNICATION ENGINEERING","UG","ACCREDITED","3 YEARS W.E.F.16-9-2011"
"SRI KRISHNA COLLEGE OF ENGINEERING AND TECHNOLOGY (COIMBATORE)","COMPUTER SCIENCE AND ENGINEERING","UG","ACCREDITED","3 YEARS W.E.F.16-9-2011"
"SRI KRISHNA COLLEGE OF ENGINEERING AND TECHNOLOGY (COIMBATORE)","INFORMATION TECHNOLOGY","UG","ACCREDITED","3 YEARS W.E.F.16-9-2011"
"SRI KRISHNA COLLEGE OF TECHNOLOGY (Coimbatore)","INFORMATION TECHNOLOGY","UG","ACCREDITED","3 Years w.e.f. 19-07-2008"
"SRI KRISHNA COLLEGE OF TECHNOLOGY (Coimbatore)","MECHANICAL ENGINEERING","UG","ACCREDITED","3 Years w.e.f. 19-07-2008"
"SRI KRISHNA COLLEGE OF TECHNOLOGY (Coimbatore)","ELECTRICAL AND ELECTRONICS ENGINEERING","UG","ACCREDITED","3 Years w.e.f. 19-07-2008"
"SRI KRISHNA COLLEGE OF TECHNOLOGY (Coimbatore)","ELECTRONICS AND COMMUNICATION ENGINEERING","UG","ACCREDITED","3 Years w.e.f. 19-07-2008"
"SRI KRISHNA COLLEGE OF TECHNOLOGY (Coimbatore)","CIVIL ENGINEERING","UG","ACCREDITED","3 Years w.e.f. 19-07-2008"
"SRI KRISHNA COLLEGE OF TECHNOLOGY (Coimbatore)","COMPUTER SCIENCE AND ENGINEERING","UG","ACCREDITED","3 Years w.e.f. 19-07-2008"
"SRI KRISHNA COLLEGE OF TECHNOLOGY (Coimbatore)","CIVIL ENGINEERING","UG","ACCREDITED","2 YEARS W.E.F. 18-09-2013"
"SRI KRISHNA COLLEGE OF TECHNOLOGY (Coimbatore)","MECHANICAL ENGINEERING","UG","ACCREDITED","2 YEARS W.E.F. 18-09-2013"
"SRI KRISHNA COLLEGE OF TECHNOLOGY (Coimbatore)","ELECTRICAL AND ELECTRONICS ENGINEERING","UG","ACCREDITED","2 YEARS W.E.F. 18-09-2013"
"SRI KRISHNA COLLEGE OF TECHNOLOGY (Coimbatore)","ELECTRONICS AND COMMUNICATION ENGINEERING","UG","ACCREDITED","2 YEARS W.E.F. 18-09-2013"
"SRI KRISHNA COLLEGE OF TECHNOLOGY (Coimbatore)","COMPUTER SCIENCE AND ENGINEERING","UG","ACCREDITED","2 YEARS W.E.F. 18-09-2013"
"SRI KRISHNA COLLEGE OF TECHNOLOGY (Coimbatore)","INFORMATION TECHNOLOGY","UG","ACCREDITED","2 YEARS W.E.F. 18-09-2013"
"SRI MUTHUKUMARAN INSTITUTE OF TECHNOLOGY (CHENNAI)","MECHANICAL ENGINEERING","UG","ACCREDITED","3 YEARS W.E.F.11-6-2004"
"SRI MUTHUKUMARAN INSTITUTE OF TECHNOLOGY (CHENNAI)","ELECTRICAL AND ELECTRONICS ENGINEERING","UG","ACCREDITED","3 YEARS W.E.F.11-6-2004"
"SRI MUTHUKUMARAN INSTITUTE OF TECHNOLOGY (CHENNAI)","ELECTRONICS AND COMMUNICATION ENGINEERING","UG","ACCREDITED","3 YEARS W.E.F.11-6-2004"
"SRI MUTHUKUMARAN INSTITUTE OF TECHNOLOGY (CHENNAI)","COMPUTER SCIENCE AND ENGINEERING","UG","ACCREDITED","3 YEARS W.E.F.11-6-2004"
"SRI MUTHUKUMARAN INSTITUTE OF TECHNOLOGY (CHENNAI)","ELECTRICAL AND ELECTRONICS ENGINEERING","UG","ACCREDITED","3 YEARS W.E.F.19-7-2008"
"SRI MUTHUKUMARAN INSTITUTE OF TECHNOLOGY (CHENNAI)","COMPUTER SCIENCE AND ENGINEERING","UG","ACCREDITED","3 YEARS W.E.F.19-7-2008"
"SRI MUTHUKUMARAN INSTITUTE OF TECHNOLOGY (CHENNAI)","ELECTRONICS AND COMMUNICATION ENGINEERING","UG","ACCREDITED","3 YEARS W.E.F.19-7-2008"
"SRI MUTHUKUMARAN INSTITUTE OF TECHNOLOGY (CHENNAI)","INFORMATION TECHNOLOGY","UG","ACCREDITED","3 YEARS W.E.F.19-7-2008"
"SRI MUTHUKUMARAN INSTITUTE OF TECHNOLOGY (CHENNAI)","MECHANICAL ENGINEERING","UG","ACCREDITED","3 YEARS W.E.F.19-7-2008"
"SRI RAM ENGINEERING COLLEGE (TIRUVALLUR)","MECHANICAL ENGINEERING","UG","ACCREDITED","3 YEARS W.E.F. 27-07-2006"
"SRI RAM ENGINEERING COLLEGE (TIRUVALLUR)","ELECTRICAL AND ELECTRONICS ENGINEERING","UG","ACCREDITED","3 YEARS W.E.F. 27-07-2006"
"SRI RAM ENGINEERING COLLEGE (TIRUVALLUR)","CHEMICAL ENGINEERING","UG","ACCREDITED","3 YEARS W.E.F. 27-07-2006"
"SRI RAM ENGINEERING COLLEGE (TIRUVALLUR)","COMPUTER SCIENCE AND ENGINEERING","UG","ACCREDITED","3 YEARS W.E.F. 27-07-2006"
"SRI RAM ENGINEERING COLLEGE (TIRUVALLUR)","AUTOMOBILE ENGINEERING","UG","ACCREDITED","3 YEARS W.E.F. 22-01-2008"
"SRI RAM ENGINEERING COLLEGE (TIRUVALLUR)","INFORMATION TECHNOLOGY","UG","ACCREDITED","3 YEARS W.E.F. 22-01-2008"
"SRI RAM ENGINEERING COLLEGE (TIRUVALLUR)","ELECTRONICS AND COMMUNICATION ENGINEERING","UG","ACCREDITED","2 YEARS W.E.F. 05-08-2013"
"SRI RAM ENGINEERING COLLEGE (TIRUVALLUR)","ELECTRICAL AND ELECTRONICS ENGINEERING","UG","ACCREDITED","2 YEARS W.E.F. 05-08-2013"
"SRI RAM ENGINEERING COLLEGE (TIRUVALLUR)","CHEMICAL ENGINEERING","UG","ACCREDITED","2 YEARS W.E.F. 05-08-2013"
"SRI RAM ENGINEERING COLLEGE (TIRUVALLUR)","ELECTRONICS AND COMMUNICATION ENGINEERING","UG","ACCREDITED","3 YEARS W.E.F. 27-07-2006"
"SRI RAMAKRISHNA ENGINEERING COLLEGE (COIMBATORE)","COMPUTER SCIENCE AND ENGINEERING","UG","ACCREDITED","3 YEARS W.E.F.12-12-2003"
"SRI RAMAKRISHNA ENGINEERING COLLEGE (COIMBATORE)","ELECTRICAL AND ELECTRONICS ENGINEERING","UG","ACCREDITED","3 YEARS W.E.F.12-12-2003"
"SRI RAMAKRISHNA ENGINEERING COLLEGE (COIMBATORE)","MECHANICAL ENGINEERING","UG","ACCREDITED","3 YEARS W.E.F.12-12-2003"
"SRI RAMAKRISHNA ENGINEERING COLLEGE (COIMBATORE)","ELECTRONICS AND COMMUNICATION ENGINEERING","UG","ACCREDITED","3 YEARS W.E.F.4-5-2007"
"SRI RAMAKRISHNA ENGINEERING COLLEGE (COIMBATORE)","INFORMATION TECHNOLOGY","UG","ACCREDITED","3 YEARS W.E.F.4-5-2007"
"SRI RAMAKRISHNA ENGINEERING COLLEGE (COIMBATORE)","MECHANICAL ENGINEERING","UG","ACCREDITED","3 YEARS W.E.F.4-5-2007"
"SRI RAMAKRISHNA ENGINEERING COLLEGE (COIMBATORE)","COMPUTER SCIENCE AND ENGINEERING","UG","ACCREDITED","3 YEARS W.E.F.4-5-2007"
"SRI RAMAKRISHNA ENGINEERING COLLEGE (COIMBATORE)","ELECTRICAL AND ELECTRONICS ENGINEERING","UG","ACCREDITED","3 YEARS W.E.F.4-5-2007"
"SRI RAMAKRISHNA ENGINEERING COLLEGE (COIMBATORE)","ELECTRONICS AND INSTRUMENTATION ENGINEERING","UG","ACCREDITED","3 YEARS W.E.F.4-5-2007"
"SRI RAMAKRISHNA ENGINEERING COLLEGE (COIMBATORE)","MECHANICAL ENGINEERING","UG","ACCREDITED","2 YEARS W.E.F. 28/8/2012"
"SRI RAMAKRISHNA ENGINEERING COLLEGE (COIMBATORE)","ELECTRONICS AND COMMUNICATION ENGINEERING","UG","ACCREDITED","2 YEARS W.E.F. 28/8/2012"
"SRI RAMAKRISHNA ENGINEERING COLLEGE (COIMBATORE)","COMPUTER SCIENCE AND ENGINEERING","UG","ACCREDITED","2 YEARS W.E.F. 28/8/2012"
"SRI RAMAKRISHNA ENGINEERING COLLEGE (COIMBATORE)","ELECTRONICS AND INSTRUMENTATION ENGINEERING","UG","ACCREDITED","2 YEARS W.E.F. 28/8/2012"
"SRI RAMAKRISHNA ENGINEERING COLLEGE (COIMBATORE)","ELECTRICAL AND ELECTRONICS ENGINEERING","UG","ACCREDITED","2 YEARS W.E.F. 28/8/2012"
"SRI RAMAKRISHNA ENGINEERING COLLEGE (COIMBATORE)","INFORMATION TECHNOLOGY","UG","ACCREDITED","2 YEARS W.E.F. 28/8/2012"
"SRI RAMAKRISHNA INSTITUTE OF TECHNOLOGY (COIMBATORE)","ELECTRICAL AND ELECTRONICS ENGINEERING","UG","ACCREDITED","3 YEARS W.E.F.16-9-2011"
"SRI RAMAKRISHNA INSTITUTE OF TECHNOLOGY (COIMBATORE)","ELECTRONICS AND COMMUNICATION ENGINEERING","UG","ACCREDITED","3 YEARS W.E.F.16-9-2011"
"SRI RAMAKRISHNA INSTITUTE OF TECHNOLOGY (COIMBATORE)","CIVIL ENGINEERING","UG","ACCREDITED","2 YEARS W.E.F. 01-07-2014"
"SRI RAMAKRISHNA INSTITUTE OF TECHNOLOGY (COIMBATORE)","COMPUTER SCIENCE AND ENGINEERING","UG","ACCREDITED","2 YEARS W.E.F. 01-07-2014"
"SRI RAMAKRISHNA INSTITUTE OF TECHNOLOGY (COIMBATORE)","INFORMATION TECHNOLOGY","UG","ACCREDITED","2 YEARS W.E.F. 01-07-2014"
"SRI RAMAKRISHNA INSTITUTE OF TECHNOLOGY (COIMBATORE)","MECHANICAL ENGINEERING","UG","ACCREDITED","2 YEARS W.E.F. 01-07-2014"
"SRI RAMAKRISHNA INSTITUTE OF TECHNOLOGY (COIMBATORE)","Computer Science and Engineering","Under Graduate","ACCREDITED","Academic Year 2017-18, 2018-19, 2019-20, 2020-21 and 2021-22, i.e., upto 30-06-2022"
"SRI RAMAKRISHNA INSTITUTE OF TECHNOLOGY (COIMBATORE)","Mechanical Engineering","Under Graduate","ACCREDITED","Academic Year 2017-18, 2018-19, 2019-20, 2020-21 and 2021-22, i.e., upto 30-06-2022"
"SRI RAMAKRISHNA INSTITUTE OF TECHNOLOGY (COIMBATORE)","Civil Engineering","Under Graduate","ACCREDITED","Academic Year 2017-18, 2018-19, 2019-20 and 2020-21, i.e., upto 30-06-2021"
"SRI RAMAKRISHNA INSTITUTE OF TECHNOLOGY (COIMBATORE)","Information Technology","Under Graduate","ACCREDITED","Academic Year 2017-18, 2018-19, 2019-20, 2020-21 and 2021-22, i.e., upto 30-06-2022"
"SRI RAMAKRISHNA INSTITUTE OF TECHNOLOGY (COIMBATORE)","Electrical & Electronics Engineering","Under Graduate","ACCREDITED","Academic Year 2016-17, 2017-18 and 2018-19, i.e., upto 30-06-2019; Further accredited from Academic Year 2019-20, 2020-21 and 2021-22, i.e., upto 30-06-2022"
"SRI RAMAKRISHNA INSTITUTE OF TECHNOLOGY (COIMBATORE)","Electronics & Communication Engineering","Under Graduate","ACCREDITED","Academic Year 2016-17, 2017-18 and 2018-19, i.e., upto 30-06-2019; Further accredited from Academic Year 2019-20, 2020-21 and 2021-22, i.e., upto 30-06-2022"
"SRI SAI RAM ENGINEERING COLLEGE (CHENNAI)","COMPUTER SCIENCE AND ENGINEERING","UG","ACCREDITED","3 YEARS W.E.F.16-3-2007"
"SRI SAI RAM ENGINEERING COLLEGE (CHENNAI)","ELECTRONICS AND COMMUNICATION ENGINEERING","UG","ACCREDITED","3 YEARS W.E.F.16-3-2007"
"SRI SAI RAM ENGINEERING COLLEGE (CHENNAI)","ELECTRICAL AND ELECTRONICS ENGINEERING","UG","ACCREDITED","3 YEARS W.E.F.16-3-2007"
"SRI SAI RAM ENGINEERING COLLEGE (CHENNAI)","INSTRUMENTATION AND CONTROL ENGINEERING","UG","ACCREDITED","3 YEARS W.E.F.16-3-2007"
"SRI SAI RAM ENGINEERING COLLEGE (CHENNAI)","MECHANICAL ENGINEERING","UG","ACCREDITED","3 YEARS W.E.F.16-3-2007"
"SRI SAI RAM ENGINEERING COLLEGE (CHENNAI)","INFORMATION TECHNOLOGY","UG","ACCREDITED","3 YEARS W.E.F.16-3-2007"
"SRI SAI RAM ENGINEERING COLLEGE (CHENNAI)","COMPUTER SCIENCE AND ENGINEERING","UG","ACCREDITED","5 YEARS W.E.F. 01-07-2012"
"SRI SAI RAM ENGINEERING COLLEGE (CHENNAI)","MECHANICAL ENGINEERING","UG","ACCREDITED","5 YEARS W.E.F. 01-07-2012"
"SRI SAI RAM ENGINEERING COLLEGE (CHENNAI)","ELECTRONICS AND COMMUNICATION ENGINEERING","UG","ACCREDITED","2 YEARS W.E.F. 01-07-2012"
"SRI SAI RAM ENGINEERING COLLEGE (CHENNAI)","INSTRUMENTATION AND CONTROL ENGINEERING","UG","ACCREDITED","2 YEARS W.E.F. 01-07-2012"
"SRI SAI RAM ENGINEERING COLLEGE (CHENNAI)","ELECTRICAL AND ELECTRONICS ENGINEERING","UG","ACCREDITED","2 YEARS W.E.F. 01-07-2012"
"SRI SAI RAM ENGINEERING COLLEGE (CHENNAI)","INFORMATION TECHNOLOGY","UG","ACCREDITED","5 YEARS W.E.F. 01-07-2012"
"SRI SAI RAM ENGINEERING COLLEGE (CHENNAI)","ELECTRONICS AND COMMUNICATION ENGINEERING","UG","ACCREDITED","5 YEARS W.E.F. 27-08-2013"
"SRI SAI RAM ENGINEERING COLLEGE (CHENNAI)","ELECTRICAL AND ELECTRONICS ENGINEERING","UG","ACCREDITED","2 YEARS W.E.F. 27-08-2013"
"SRI SAI RAM ENGINEERING COLLEGE (CHENNAI)","INSTRUMENTATION AND CONTROL ENGINEERING","UG","ACCREDITED","2 YEARS W.E.F. 27-08-2013"
"SRI SAI RAM ENGINEERING COLLEGE (CHENNAI)","Electrical & Electronics Engineering","Under Graduate","ACCREDITED","Academic Year 2018-19, 2019-20, 2020-21 and 2021-22, i.e., upto 30-06-2022; Further Accredited for Academic Year 2022-23, 2023-24 and 2024-25, i.e., upto 30/06/2025"
"SRI SAI RAM ENGINEERING COLLEGE (CHENNAI)","Electronics & Instrumentation Engineering","Under Graduate","ACCREDITED","Academic Year 2018-19, 2019-20, 2020-21 and 2021-22, i.e., upto 30-06-2022; Further Accredited for Academic Year 2022-23, 2023-24 and 2024-25, i.e., upto 30/06/2025"
"SRI SAI RAM ENGINEERING COLLEGE (CHENNAI)","Computer Science and Engineering","Under Graduate","ACCREDITED","Academic Year 2018-19, 2019-20, 2020-21 and 2021-22, i.e., upto 30-06-2022; Further Accredited for Academic Year 2022-23, 2023-24 and 2024-25, i.e., upto 30/06/2025"
"SRI SAI RAM ENGINEERING COLLEGE (CHENNAI)","Information Technology","Under Graduate","ACCREDITED","Academic Year 2018-19, 2019-20, 2020-21 and 2021-22, i.e., upto 30-06-2022; Further Accredited for Academic Year 2022-23, 2023-24 and 2024-25, i.e., upto 30/06/2025"
"SRI SAI RAM ENGINEERING COLLEGE (CHENNAI)","Mechanical Engineering","Under Graduate","ACCREDITED","Academic Year 2018-19, 2019-20, 2020-21 and 2021-22, i.e., upto 30-06-2022; Further Accredited for Academic Year 2022-23, 2023-24 and 2024-25, i.e., upto 30/06/2025"
"SRI SAI RAM ENGINEERING COLLEGE (CHENNAI)","Electronics & Communication Engineering","Under Graduate","ACCREDITED","Academic Years 2020-2021, 2021-2022 and 2022-2023 i.e. up to 30.06.2023; Further accredited for Academic Year 2023-24, 2024-25 and 2025-26, i.e., upto 30/06/2026"
"SRI SAI RAM INSTITUTE OF TECHNOLOGY (Kancheepuram)","Computer Science and Engineering","Under Graduate","ACCREDITED","Academic Year 2018-19, 2019-20, 2020-21 and 2021-22, i.e., upto 30-06-2022; Further accredited for 2022-23, 2023-24 and 2024-25, i.e., upto 30/06/2025"
"SRI SAI RAM INSTITUTE OF TECHNOLOGY (Kancheepuram)","Electrical & Electronics Engineering","Under Graduate","ACCREDITED","Academic Year 2018-19, 2019-20, 2020-21 and 2021-22, i.e., upto 30-06-2022; Further accredited for 2022-23, 2023-24 and 2024-25, i.e., upto 30/06/2025"
"SRI SAI RAM INSTITUTE OF TECHNOLOGY (Kancheepuram)","Electronics & Communication Engineering","Under Graduate","ACCREDITED","Academic Year 2018-19, 2019-20, 2020-21 and 2021-22, i.e., upto 30-06-2022; Further accredited for 2022-23, 2023-24 and 2024-25, i.e., upto 30/06/2025"
"SRI SAI RAM INSTITUTE OF TECHNOLOGY (Kancheepuram)","Information Technology","Under Graduate","ACCREDITED","Academic Year 2018-19, 2019-20, 2020-21 and 2021-22, i.e., upto 30-06-2022; Further accredited for 2022-23, 2023-24 and 2024-25, i.e., upto 30/06/2025"
"SRI SAI RAM INSTITUTE OF TECHNOLOGY (Kancheepuram)","Mechanical Engineering","Under Graduate","ACCREDITED","Academic Year 2018-19, 2019-20, 2020-21 and 2021-22, i.e., upto 30-06-2022; Further accredited for 2022-23, 2023-24 and 2024-25, i.e., upto 30/06/2025"
"Sri Shakthi Instituteof Engineering and Technology (Coimbatore)","Biomedical Engineering","Under Graduate","ACCREDITED","Accredited for Academic Year 2023-24, 2024-25 and 2025-26, i.e., upto 30-06-2026"
"Sri Shakthi Instituteof Engineering and Technology (Coimbatore)","Biotechnology","Under Graduate","ACCREDITED","Accredited for Academic Year 2023-24, 2024-25 and 2025-26, i.e., upto 30-06-2026"
"Sri Shakthi Instituteof Engineering and Technology (Coimbatore)","Computer Science and Engineering","Under Graduate","ACCREDITED","Accredited for Academic Year 2022-23, 2023-24 and 2024-25, i.e., upto 30-06-2025"
"Sri Shakthi Instituteof Engineering and Technology (Coimbatore)","Electrical & Electronics Engineering","Under Graduate","ACCREDITED","Accredited for Academic Year 2022-23, 2023-24 and 2024-25, i.e., upto 30-06-2025"
"Sri Shakthi Instituteof Engineering and Technology (Coimbatore)","Information Technology","Under Graduate","ACCREDITED","Accredited for Academic Year 2022-23, 2023-24 and 2024-25, i.e., upto 30-06-2025"
"Sri Shakthi Instituteof Engineering and Technology (Coimbatore)","Mechanical Engineering","Under Graduate","ACCREDITED","Academic Year 2018-19, 2019-20, 2020-21 and 2021-22, i.e., upto 30-06-2022; Further Accredited for Academic Year 2022-23, 2023-24 and 2024-25, i.e., upto 30/06/2025"
"Sri Shakthi Instituteof Engineering and Technology (Coimbatore)","Agricultural Engineering","Under Graduate","ACCREDITED","Academic Year 2021-22, 2022-23 and 2023-24, i.e. upto 30-06-2024"
"Sri Shakthi Instituteof Engineering and Technology (Coimbatore)","Electronics & Communication Engineering","Under Graduate","ACCREDITED","Academic Year 2021-22, 2022-23 and 2023-24, i.e. upto 30-06-2024"
"Sri Shakthi Instituteof Engineering and Technology (Coimbatore)","Computer Science and Engineering","Under Graduate","ACCREDITED","Academic Year 2014-15, 2015-16 and 2016-17, i.e., upto 30-06-2017; Further Accredited for Academic Years 2017-18, 2018-19, 2019-20, 2020-21 and 2021-22, i.e., upto 30-06-2022"
"Sri Shakthi Instituteof Engineering and Technology (Coimbatore)","Electrical & Electronics Engineering","Under Graduate","ACCREDITED","Academic Year 2014-15, 2015-16 and 2016-17, i.e., upto 30-06-2017; Further Accredited for Academic Years 2017-18, 2018-19, 2019-20, 2020-21 and 2021-22, i.e., upto 30-06-2022"
"Sri Shakthi Instituteof Engineering and Technology (Coimbatore)","Information Technology","Under Graduate","ACCREDITED","Academic Year 2014-15, 2015-16 and 2016-17, i.e., upto 30-06-2017; Further Accredited for Academic Years 2017-18, 2018-19, 2019-20, 2020-21 and 2021-22, i.e., upto 30-06-2022"
"Sri Shakthi Instituteof Engineering and Technology (Coimbatore)","Electronics & Communication Engineering","Under Graduate","ACCREDITED","Academic Year 2014-15, 2015-16 and 2016-17, i.e., upto 30-06-2017"
"SRI SHANMUGHA COLLEGE OF ENGINEERING AND TECHNOLOGY (Salem)","Electronics & Communication Engineering","Under Graduate","ACCREDITED","Academic Year 2018-19, 2019-20, 2 20-21 and 2021-22, i.e., upto 30-06-2022; Further Accredited for 2022-23, 2023-24 and 2024-25, i.e., upto 30/06/2025"
"SRI SHANMUGHA COLLEGE OF ENGINEERING AND TECHNOLOGY (Salem)","Mechanical Engineering","Under Graduate","ACCREDITED","Academic Year 2020-21, 2021-22 and 2022-23, i.e., upto 30-06-2023; Further Accredited for Academic Year 2023-24, 2024-25 and 2025-26, i.e. upto 30/06/2026"
"SRI SHANMUGHA COLLEGE OF ENGINEERING AND TECHNOLOGY (Salem)","Agricultural Engineering","Under Graduate","ACCREDITED","Academic Year 2024-25, 2025-26 and 2026-27, i.e., upto 30/06/2027"
"Sri Sivasubramaniya Nadar College of Engineering (Kancheepuram)","Chemical Engineering","Under Graduate","ACCREDITED","Academic Year 2017-18, 2018-19 and 2019-20, i.e. up to 30-06-2020; Further accredited for Academic Year 2020-21, 2021-22 and 2022-23, i.e. up to 30-06-2023"
"Sri Sivasubramaniya Nadar College of Engineering (Kancheepuram)","Mechanical Engineering","Under Graduate","ACCREDITED","Academic Year 2017-18, 2018-19 and 2019-20, i.e. up to 30-06-2020; Further accredited for Academic Year 2020-21, 2021-22 and 2022-23, i.e. up to 30-06-2023"
"Sri Sivasubramaniya Nadar College of Engineering (Kancheepuram)","Biomedical Engineering","Under Graduate","ACCREDITED","Academic Year 2015-16, 2016-17, 2017-18, 2018-19, 2019-20 and 2020-21, i.e., upto 30-06-2021"
"Sri Sivasubramaniya Nadar College of Engineering (Kancheepuram)","Computer Science and Engineering","Under Graduate","ACCREDITED","Academic Year 2015-16, 2016-17, 2017-18, 2018-19, 2019-20 and 2020-21, i.e., upto 30-06-2021"
"Sri Sivasubramaniya Nadar College of Engineering (Kancheepuram)","Electrical & Electronics Engineering","Under Graduate","ACCREDITED","Academic Year 2015-16, 2016-17, 2017-18, 2018-19, 2019-20 and 2020-21, i.e., upto 30-06-2021"
"Sri Sivasubramaniya Nadar College of Engineering (Kancheepuram)","Electronics & Communication Engineering","Under Graduate","ACCREDITED","Academic Year 2015-16, 2016-17, 2017-18, 2018-19, 2019-20 and 2020-21, i.e., upto 30-06-2021"
"Sri Sivasubramaniya Nadar College of Engineering (Kancheepuram)","Information Technology","Under Graduate","ACCREDITED","Academic Year 2015-16, 2016-17, 2017-18, 2018-19, 2019-20 and 2020-21, i.e., upto 30-06-2021"
"Sri Sivasubramaniya Nadar College of Engineering (Kancheepuram)","Electronics & Communication Engineering","Under Graduate","ACCREDITED","Academic Year 2021-22, 2022-23, 2023-24, 2024-25, 2025-26 and 2026-27, i.e., upto 30-06-2027"
"Sri Sivasubramaniya Nadar College of Engineering (Kancheepuram)","Biomedical Engineering","Under Graduate","ACCREDITED","Academic Year 2021-22, 2022-23 and 2023-24, i.e. upto 30-06-2024"
"Sri Sivasubramaniya Nadar College of Engineering (Kancheepuram)","Computer Science and Engineering","Under Graduate","ACCREDITED","Academic Year 2021-22, 2022-23 and 2023-24, i.e. upto 30-06-2024"
"Sri Sivasubramaniya Nadar College of Engineering (Kancheepuram)","Electrical & Electronics Engineering","Under Graduate","ACCREDITED","Academic Year 2021-22, 2022-23 and 2023-24, i.e. upto 30-06-2024"
"Sri Sivasubramaniya Nadar College of Engineering (Kancheepuram)","Information Technology","Under Graduate","ACCREDITED","Academic Year 2021-22, 2022-23 and 2023-24, i.e. upto 30-06-2024"
"SRI VENKATESWARA COLLEGE OF ENGG. (SRIPERUMBUDUR)","CHEMICAL ENGINEERING","UG","ACCREDITED","3 YEARS W.E.F. 16-09-2011"
"SRI VENKATESWARA COLLEGE OF ENGG. (SRIPERUMBUDUR)","AUTOMOBILE ENGINEERING","UG","ACCREDITED","3 YEARS W.E.F. 16-09-2011"
"SRI VENKATESWARA COLLEGE OF ENGG. (SRIPERUMBUDUR)","MECHANICAL ENGINEERING","UG","ACCREDITED","5 YEARS W.E.F. 10-07-2009"
"SRI VENKATESWARA COLLEGE OF ENGG. (SRIPERUMBUDUR)","ELECTRONICS AND COMMUNICATION ENGINEERING","UG","ACCREDITED","5 YEARS W.E.F. 10-07-2009"
"SRI VENKATESWARA COLLEGE OF ENGG. (SRIPERUMBUDUR)","COMPUTER SCIENCE AND ENGINEERING","UG","ACCREDITED","3 YEARS W.E.F. 19-07-2008"
"SRI VENKATESWARA COLLEGE OF ENGG. (SRIPERUMBUDUR)","ELECTRICAL AND ELECTRONICS ENGINEERING","UG","ACCREDITED","3 YEARS W.E.F. 19-07-2008"
"SRI VENKATESWARA COLLEGE OF ENGG. (SRIPERUMBUDUR)","CHEMICAL TECHNOLOGY","UG","ACCREDITED","3 YEARS W.E.F. 27-07-2006"
"SRI VENKATESWARA COLLEGE OF ENGG. (SRIPERUMBUDUR)","INFORMATION TECHNOLOGY","UG","ACCREDITED","3 YEARS W.E.F. 27-07-2006"
"SRI VENKATESWARA COLLEGE OF ENGG. (SRIPERUMBUDUR)","AUTOMOBILE ENGINEERING","UG","ACCREDITED","3 YEARS W.E.F. 27-07-2006"
"SRI VENKATESWARA COLLEGE OF ENGG. (SRIPERUMBUDUR)","MARINE ENGINEERING","UG","ACCREDITED","3 YEARS W.E.F. 27-07-2006"
"SRI VENKATESWARA COLLEGE OF ENGG. (SRIPERUMBUDUR)","ELECTRONICS AND COMMUNICATION ENGINEERING","UG","ACCREDITED","5 YEARS W.E.F. 12-09-2003"
"SRI VENKATESWARA COLLEGE OF ENGG. (SRIPERUMBUDUR)","MECHANICAL ENGINEERING","UG","ACCREDITED","5 YEARS W.E.F. 12-09-2003"
"SRI VENKATESWARA COLLEGE OF ENGG. (SRIPERUMBUDUR)","ELECTRONICS AND COMMUNICATION ENGINEERING","UG","ACCREDITED","5 YEARS W.E.F. 24-04-2002"
"SRI VENKATESWARA COLLEGE OF ENGG. (SRIPERUMBUDUR)","COMPUTER SCIENCE AND ENGINEERING","UG","ACCREDITED","5 YEARS W.E.F. 24-04-2002"
"SRI VENKATESWARA COLLEGE OF ENGG. (SRIPERUMBUDUR)","INFORMATION TECHNOLOGY","UG","ACCREDITED","3 YEARS W.E.F. 24-04-2002"
"SRI VENKATESWARA COLLEGE OF ENGG. (SRIPERUMBUDUR)","CHEMICAL ENGINEERING","UG","ACCREDITED","3 YEARS W.E.F. 24-04-2002"
"SRI VENKATESWARA COLLEGE OF ENGG. (SRIPERUMBUDUR)","COMPUTER SCIENCE AND ENGINEERING","UG","ACCREDITED","2 YEARS W.E.F. 01-07-2014"
"SRI VENKATESWARA COLLEGE OF ENGG. (SRIPERUMBUDUR)","BIOTECHNOLOGY","UG","ACCREDITED","2 YEARS W.E.F. 01-07-2014"
"SRI VENKATESWARA COLLEGE OF ENGG. (SRIPERUMBUDUR)","Automobile Engineering","Under Graduate","ACCREDITED","Academic Year 2015-16, 2016-17 and 2017-18, i.e., upto 30-06-2018; Further accredited for Academic Year 2018-19, 2019-20, 2020-21 and 2021-22, i.e., upto 30-06-2022"
"SRI VENKATESWARA COLLEGE OF ENGG. (SRIPERUMBUDUR)","Chemical Engineering","Under Graduate","ACCREDITED","Academic Year 2015-16, 2016-17 and 2017-18, i.e., upto 30-06-2018; Further accredited for Academic Year 2018-19, 2019-20, 2020-21 and 2021-22, i.e., upto 30-06-2022"
"SRI VENKATESWARA COLLEGE OF ENGG. (SRIPERUMBUDUR)","Electronics & Communication Engineering","Under Graduate","ACCREDITED","Academic Year 2015-16, 2016-17 and 2017-18, i.e., upto 30-06-2018; Further accredited for Academic Year 2018-19, 2019-20, 2020-21 and 2021-22, i.e., upto 30-06-2022"
"SRI VENKATESWARA COLLEGE OF ENGG. (SRIPERUMBUDUR)","Mechanical Engineering","Under Graduate","ACCREDITED","Academic Year 2015-16, 2016-17 and 2017-18, i.e., upto 30-06-2018; Further accredited for Academic Year 2018-19, 2019-20, 2020-21 and 2021-22, i.e., upto 30-06-2022"
"SRI VENKATESWARA COLLEGE OF ENGG. (SRIPERUMBUDUR)","Information Technology","Under Graduate","ACCREDITED","Academic Year 2015-16, 2016-17 and 2017-18, i.e., upto 30-06-2018; Further accredited for Academic Year 2018-19, 2019-20, 2020-21 and 2021-22, i.e., upto 30-06-2022"
"SRI VENKATESWARA COLLEGE OF ENGG. (SRIPERUMBUDUR)","Electrical & Electronics Engineering","Under Graduate","ACCREDITED","Academic Year 2015-16, 2016-17 and 2017-18, i.e., upto 30-06-2018; Further accredited for Academic Year 2018-19, 2019-20, 2020-21 and 2021-22, i.e., upto 30-06-2022"
"SRI VENKATESWARA COLLEGE OF ENGG. (SRIPERUMBUDUR)","Biotechnology","Under Graduate","ACCREDITED","Academic Year 2017-18, 2018-19, 2019-20, 2020-21 and 2021-22, i.e., upto 30-06-2022"
"SRI VENKATESWARA COLLEGE OF ENGG. (SRIPERUMBUDUR)","Computer Science and Engineering","Under Graduate","ACCREDITED","Academic Year 2017-18, 2018-19, 2019-20, 2020-21 and 2021-22, i.e., upto 30-06-2022"
"SRI VENKATESWARA COLLEGE OF ENGG. (SRIPERUMBUDUR)","Civil Engineering","Under Graduate","ACCREDITED","Academic Year 2021-22, 2022-23 and 2023-24, i.e., upto 30-06-2024"
"SRI VENKATESWARA COLLEGE OF ENGINEERING AND TECHNOLOGY (TIRUVALLUR)","ELECTRONICS AND COMMUNICATION ENGINEERING","UG","ACCREDITED","3 YEARS W.E.F.5-5-2009"
"SRI VENKATESWARA COLLEGE OF ENGINEERING AND TECHNOLOGY (TIRUVALLUR)","COMPUTER SCIENCE AND ENGINEERING","UG","ACCREDITED","3 YEARS W.E.F.5-5-2009"
"SRI VENKATESWARA COLLEGE OF ENGINEERING AND TECHNOLOGY (TIRUVALLUR)","CIVIL ENGINEERING","UG","ACCREDITED","3 YEARS W.E.F.5-5-2009"
"SRM Engineering College (a constituent unit of SRM Institute of Science and Technology - a Deemed to be  University) (CHENNAI)","MECHANICAL ENGINEERING","UG","ACCREDITED","5 YEARS W.E.F.21-2-98"
"SRM Engineering College (a constituent unit of SRM Institute of Science and Technology - a Deemed to be  University) (CHENNAI)","CIVIL ENGINEERING","UG","ACCREDITED","3 YEARS W.E.F.21-2-98"
"SRM Engineering College (a constituent unit of SRM Institute of Science and Technology - a Deemed to be  University) (CHENNAI)","COMPUTER SCIENCE AND ENGINEERING","UG","ACCREDITED","3 YEARS W.E.F.21-2-98"
"SRM Engineering College (a constituent unit of SRM Institute of Science and Technology - a Deemed to be  University) (CHENNAI)","ELECTRICAL AND ELECTRONICS ENGINEERING","UG","ACCREDITED","3 YEARS W.E.F.1-4-2001"
"SRM Engineering College (a constituent unit of SRM Institute of Science and Technology - a Deemed to be  University) (CHENNAI)","ELECTRONICS AND COMMUNICATION ENGINEERING","UG","ACCREDITED","3 YEARS W.E.F.1-4-2001"
"SRM Engineering College (a constituent unit of SRM Institute of Science and Technology - a Deemed to be  University) (CHENNAI)","INSTRUMENTATION AND CONTROL ENGINEERING","UG","ACCREDITED","3 YEARS W.E.F.1-4-2001"
"SRM Engineering College (a constituent unit of SRM Institute of Science and Technology - a Deemed to be  University) (CHENNAI)","CHEMICAL ENGINEERING","UG","ACCREDITED","3 YEARS W.E.F.1-4-2001"
"SRM Engineering College (a constituent unit of SRM Institute of Science and Technology - a Deemed to be  University) (CHENNAI)","CIVIL ENGINEERING","UG","ACCREDITED","5 YEARS W.E.F.24-4-2002"
"SRM Engineering College (a constituent unit of SRM Institute of Science and Technology - a Deemed to be  University) (CHENNAI)","COMPUTER SCIENCE AND ENGINEERING","UG","ACCREDITED","5 YEARS W.E.F.24-4-2002"
"SRM TRP ENGINEERING COLLEGE (Tiruchirappalli)","Computer Science and Engineering","Under Graduate","ACCREDITED","Academic Year 2021-22, 2022-23 and 2023-24, i.e., upto 30-06-2024; Further Accredited for Academic Year 2024-25, 2025-26 and 2026-27, i.e., upto 30/06/2027"
"SRM TRP ENGINEERING COLLEGE (Tiruchirappalli)","Electronics & Communication Engineering","Under Graduate","ACCREDITED","Academic Year 2021-22, 2022-23 and 2023-24, i.e., upto 30-06-2024; Further Accredited for Academic Year 2024-25, 2025-26 and 2026-27, i.e., upto 30/06/2027"
"SRM TRP ENGINEERING COLLEGE (Tiruchirappalli)","Mechanical Engineering","Under Graduate","ACCREDITED","Academic Year 2021-22, 2022-23 and 2023-24, i.e., upto 30-06-2024; Further Accredited for Academic Year 2024-25, 2025-26 and 2026-27, i.e., upto 30/06/2027"
"SRM VALLIAMMAI ENGINEERING COLLEGE (Chennai)","Electrical & Electronics Engineering","Under Graduate","ACCREDITED","Academic Year 2022-23, 2023-24 and 2024-25, i.e., upto 30/06/2025"
"SRM VALLIAMMAI ENGINEERING COLLEGE (Chennai)","Computer Science and Engineering","Under Graduate","ACCREDITED","Academic year 2023-24, 2024-25 and 2025-26, i.e. upto 30-06-2026"
"SRM VALLIAMMAI ENGINEERING COLLEGE (Chennai)","Electronics & Communication Engineering","Under Graduate","ACCREDITED","Academic Years 2023-24, 2024-25 and 2025-26, i.e., upto 30/06/2026"
"SRM VALLIAMMAI ENGINEERING COLLEGE (Chennai)","Mechanical Engineering","Under Graduate","ACCREDITED","Academic year 2023-24, 2024-25 and 2025-26, i.e. upto 30-06-2026"
"SRM VALLIAMMAI ENGINEERING COLLEGE (Chennai)","Information Technology","Under Graduate","ACCREDITED","Academic Year 2018-19, 2019-20, 2020-21 and 2021-22, i.e., upto 30-06-2022; Further accredited for 2022-23, 2023-24 and 2024-25. i.e., upto 30/06/2025"
"SRM VALLIAMMAI ENGINEERING COLLEGE (Chennai)","Civil Engineering","Under Graduate","ACCREDITED","Academic Year 2019-20, 2020-21 and 2021-22, i.e., upto 30-06-2022"
"SRM VALLIAMMAI ENGINEERING COLLEGE (Chennai)","Electronics & Communication Engineering","Under Graduate","ACCREDITED","Academic Year 2017-18, 2018-19 and 2019-20, i.e., upto 30-06-2020; Further Accredited for Academic Year 2020-21, 2021-22 and 2022-23, i.e., upto 30-06-2023"
"SRM VALLIAMMAI ENGINEERING COLLEGE (Chennai)","Mechanical Engineering","Under Graduate","ACCREDITED","Academic Year 2017-18, 2018-19 and 2019-20, i.e., upto 30-06-2020; Further Accredited for Academic Year 2020-21, 2021-22 and 2022-23, i.e., upto 30-06-2023"
"SRM VALLIAMMAI ENGINEERING COLLEGE (Chennai)","Computer Science and Engineering","Under Graduate","ACCREDITED","Academic Year 2017-18, 2018-19 and 2019-20, i.e., upto 30-06-2020; Further Accredited for Academic Year 2020-21, 2021-22 and 2022-23, i.e., upto 30-06-2023"
"SRM VALLIAMMAI ENGINEERING COLLEGE (Chennai)","Electronics & Instrumentation Engineering","Under Graduate","ACCREDITED","Academic Year 2014-15, 2015-16 and 2016-17, i.e., upto 30-06-2017; Further Accredited for Academic Years 2017-18, 2018-19 and 2019-20, i.e., upto 30-06-2020"
"SRM VALLIAMMAI ENGINEERING COLLEGE (Chennai)","Electrical & Electronics Engineering","Under Graduate","ACCREDITED","Academic Year 2014-15, 2015-16 and 2016-17, i.e., upto 30-06-2017; Further Accredited for Academic Years 2017-18, 2018-19, 2019-20, 2020-21 and 2021-22, i.e., upto 30-06-2022"
"SSM COLLEGE OF ENGINEERING (KOMARAPALAYAM)","MECHANICAL ENGINEERING","UG","ACCREDITED","3 YEARS W.E.F.16-4-2009"
"SSM COLLEGE OF ENGINEERING (KOMARAPALAYAM)","COMPUTER SCIENCE AND ENGINEERING","UG","ACCREDITED","3 YEARS W.E.F.16-4-2009"
"SSM COLLEGE OF ENGINEERING (KOMARAPALAYAM)","ELECTRONICS AND COMMUNICATION ENGINEERING","UG","ACCREDITED","3 YEARS W.E.F.16-4-2009"
"SSM COLLEGE OF ENGINEERING (KOMARAPALAYAM)","TEXTILE CHEMISTRY","UG","ACCREDITED","3 YEARS W.E.F.16-4-2009"
"SSM COLLEGE OF ENGINEERING (KOMARAPALAYAM)","TEXTILE TECHNOLOGY (TEXTILE CHEMISTRY)","UG","ACCREDITED","2 YEARS W.E.F. 18-09-2013"
"SSM COLLEGE OF ENGINEERING (KOMARAPALAYAM)","MECHANICAL ENGINEERING","UG","ACCREDITED","2 YEARS W.E.F. 18-09-2013"
"SSM COLLEGE OF ENGINEERING (KOMARAPALAYAM)","ELECTRONICS AND COMMUNICATION ENGINEERING","UG","ACCREDITED","2 YEARS W.E.F. 18-09-2013"
"SSM COLLEGE OF ENGINEERING (KOMARAPALAYAM)","TEXTILE TECHNOLOGY","UG","ACCREDITED","2 YEARS W.E.F. 08-11-2013"
"SSM COLLEGE OF ENGINEERING (KOMARAPALAYAM)","COMPUTER SCIENCE AND ENGINEERING","UG","ACCREDITED","2 YEARS W.E.F. 06-08-2014"
"SSM Institute of Engineering and Technology (Dindigul)","Electrical & Electronics Engineering","Under Graduate","ACCREDITED","Academic Year 2022-23, 2023-24 and 2024-25, i.e., upto 30-06-2025"
"SSM Institute of Engineering and Technology (Dindigul)","Electronics & Communication Engineering","Under Graduate","ACCREDITED","Academic Year 2022-23, 2023-24 and 2024-25, i.e., upto 30-06-2025"
"SSM Institute of Engineering and Technology (Dindigul)","Mechanical Engineering","Under Graduate","ACCREDITED","Academic Year 2022-23, 2023-24 and 2024-25, i.e., upto 30-06-2025"
"ST. JOSEHPS COLLEGE OF ENGINEERING (CHENNAI)","INSTRUMENTATION AND CONTROL ENGINEERING","UG","ACCREDITED","3 YEARS W.E.F. 06-02-2003"
"ST. JOSEHPS COLLEGE OF ENGINEERING (CHENNAI)","ELECTRONICS AND COMMUNICATION ENGINEERING","UG","ACCREDITED","5 YEARS W.E.F. 06-02-2003"
"ST. JOSEHPS COLLEGE OF ENGINEERING (CHENNAI)","ELECTRICAL AND ELECTRONICS ENGINEERING","UG","ACCREDITED","3 YEARS W.E.F. 06-02-2003"
"ST. JOSEHPS COLLEGE OF ENGINEERING (CHENNAI)","CHEMICAL ENGINEERING","UG","ACCREDITED","5 YEARS W.E.F. 06-02-2003"
"ST. JOSEHPS COLLEGE OF ENGINEERING (CHENNAI)","INFORMATION TECHNOLOGY","UG","ACCREDITED","5 YEARS W.E.F. 06-02-2003"
"ST. JOSEHPS COLLEGE OF ENGINEERING (CHENNAI)","COMPUTER SCIENCE AND ENGINEERING","UG","ACCREDITED","3 YEARS W.E.F. 06-02-2003"
"ST. JOSEHPS COLLEGE OF ENGINEERING (CHENNAI)","ELECTRICAL AND ELECTRONICS ENGINEERING","UG","ACCREDITED","3 YEARS W.E.F. 04-05-2007"
"ST. JOSEHPS COLLEGE OF ENGINEERING (CHENNAI)","INSTRUMENTATION AND CONTROL ENGINEERING","UG","ACCREDITED","3 YEARS W.E.F. 04-05-2007"
"ST. JOSEHPS COLLEGE OF ENGINEERING (CHENNAI)","ELECTRONICS AND INSTRUMENTATION ENGINEERING","UG","ACCREDITED","3 YEARS W.E.F. 04-05-2007"
"ST. JOSEHPS COLLEGE OF ENGINEERING (CHENNAI)","MECHANICAL ENGINEERING","UG","ACCREDITED","3 YEARS W.E.F. 04-05-2007"
"ST. JOSEHPS COLLEGE OF ENGINEERING (CHENNAI)","COMPUTER SCIENCE AND ENGINEERING","UG","ACCREDITED","3 YEARS W.E.F. 04-05-2007"
"ST. JOSEHPS COLLEGE OF ENGINEERING (CHENNAI)","ELECTRONICS AND COMMUNICATION ENGINEERING","UG","ACCREDITED","3 YEARS W.E.F. 22-01-2008"
"ST. JOSEHPS COLLEGE OF ENGINEERING (CHENNAI)","CHEMICAL ENGINEERING","UG","ACCREDITED","3 YEARS W.E.F. 22-01-2008"
"ST. JOSEHPS COLLEGE OF ENGINEERING (CHENNAI)","INFORMATION TECHNOLOGY","UG","ACCREDITED","3 YEARS W.E.F. 22-01-2008"
"ST. JOSEHPS COLLEGE OF ENGINEERING (CHENNAI)","BIOTECHNOLOGY","UG","ACCREDITED","3 YEARS W.E.F. 22-01-2008"
"ST. JOSEHPS COLLEGE OF ENGINEERING (CHENNAI)","ELECTRONICS AND INSTRUMENTATION ENGINEERING","UG","ACCREDITED","2 YEARS W.E.F. 28-08-2012"
"ST. JOSEHPS COLLEGE OF ENGINEERING (CHENNAI)","ELECTRONICS AND COMMUNICATION ENGINEERING","UG","ACCREDITED","2 YEARS W.E.F. 28-08-2012"
"ST. JOSEHPS COLLEGE OF ENGINEERING (CHENNAI)","INFORMATION TECHNOLOGY","UG","ACCREDITED","2 YEARS W.E.F. 28-08-2012"
"ST. JOSEHPS COLLEGE OF ENGINEERING (CHENNAI)","CHEMICAL ENGINEERING","UG","ACCREDITED","2 YEARS W.E.F. 28-08-2012"
"ST. JOSEHPS COLLEGE OF ENGINEERING (CHENNAI)","BIOTECHNOLOGY","UG","ACCREDITED","2 YEARS W.E.F. 28-08-2012"
"ST. JOSEHPS COLLEGE OF ENGINEERING (CHENNAI)","ELECTRICAL AND ELECTRONICS ENGINEERING","UG","ACCREDITED","2 YEARS W.E.F. 05-08-2013"
"ST. JOSEHPS COLLEGE OF ENGINEERING (CHENNAI)","INSTRUMENTATION AND CONTROL ENGINEERING","UG","ACCREDITED","5 YEARS W.E.F. 05-08-2013"
"ST. JOSEHPS COLLEGE OF ENGINEERING (CHENNAI)","MECHANICAL ENGINEERING","UG","ACCREDITED","5 YEARS W.E.F. 05-08-2013"
"ST. JOSEHPS COLLEGE OF ENGINEERING (CHENNAI)","COMPUTER SCIENCE AND ENGINEERING","UG","ACCREDITED","2 YEARS W.E.F. 05-08-2013"
"ST. JOSEPH'S COLLEGE OF ENGINEERING (Chennai)","Chemical Engineering","Under Graduate","ACCREDITED","Academic Year 2022-23, 2023-24 and 2024-25, i.e., upto 30/06/2025"
"ST. JOSEPH'S COLLEGE OF ENGINEERING (Chennai)","Electronics & Communication Engineering","Under Graduate","ACCREDITED","Academic Year 2022-23, 2023-24 and 2024-25, i.e., upto 30/06/2025"
"ST. JOSEPH'S COLLEGE OF ENGINEERING (Chennai)","Information Technology","Under Graduate","ACCREDITED","Academic Year 2022-23, 2023-24 and 2024-25, i.e., upto 30/06/2025"
"ST. JOSEPH'S COLLEGE OF ENGINEERING (Chennai)","Biotechnology","Under Graduate","ACCREDITED","Academic Year 2022-23, 2023-24, 2024-25, 2025-26, 2026-27 and 2027-28 i.e., upto 30/06/2028"
"ST. JOSEPH'S COLLEGE OF ENGINEERING (Chennai)","Mechanical Engineering","Under Graduate","ACCREDITED","Academic Year 2019-20, 2020-21 and 2021-22, i.e., upto 30-06-2022; Further Accredited for Academic Year 2022-23, 2023-24 and 2024-25, i.e., upto 30/06/2025"
"ST. JOSEPH'S COLLEGE OF ENGINEERING (Chennai)","Computer Science and Engineering","Under Graduate","ACCREDITED","Academic Year 2018-19, 2019-20, 2020-21 and 2021-22, i.e., upto 30-06-2022; Further Accredited for Academic Year 2022-23, 2023-24 and 2024-25, i.e., upto 30/06/2025"
"ST. JOSEPH'S COLLEGE OF ENGINEERING (Chennai)","Electrical & Electronics Engineering","Under Graduate","ACCREDITED","Academic Year 2018-19, 2019-20, 2020-21 and 2021-22, i.e., upto 30-06-2022; Further Accredited for Academic Year 2022-23, 2023-24 and 2024-25, i.e., upto 30/06/2025"
"ST. JOSEPH'S COLLEGE OF ENGINEERING (Chennai)","Biotechnology","Under Graduate","ACCREDITED","Academic Year 2016-17, 2017-18 and 2018-19, i.e., upto 30-06-2019; Further accredited from Academic Year 2019-20, 2020-21 and 2021-22, i.e., upto 30-06-2022"
"ST. JOSEPH'S COLLEGE OF ENGINEERING (Chennai)","Chemical Engineering","Under Graduate","ACCREDITED","Academic Year 2016-17, 2017-18 and 2018-19, i.e., upto 30-06-2019; Further accredited from Academic Year 2019-20, 2020-21 and 2021-22, i.e., upto 30-06-2022"
"ST. JOSEPH'S COLLEGE OF ENGINEERING (Chennai)","Electronics & Communication Engineering","Under Graduate","ACCREDITED","Academic Year 2016-17, 2017-18 and 2018-19, i.e., upto 30-06-2019; Further accredited from Academic Year 2019-20, 2020-21 and 2021-22, i.e., upto 30-06-2022"
"ST. JOSEPH'S COLLEGE OF ENGINEERING (Chennai)","Electronics & Instrumentation Engineering","Under Graduate","ACCREDITED","Academic Year 2016-17, 2017-18 and 2018-19, i.e., upto 30-06-2019; Further accredited from Academic Year 2019-20, 2020-21 and 2021-22, i.e., upto 30-06-2022"
"ST. JOSEPH'S COLLEGE OF ENGINEERING (Chennai)","Information Technology","Under Graduate","ACCREDITED","Academic Year 2016-17, 2017-18 and 2018-19, i.e., upto 30-06-2019; Further accredited from Academic Year 2019-20, 2020-21 and 2021-22, i.e., upto 30-06-2022"
"ST. JOSEPH'S COLLEGE OF ENGINEERING (Chennai)","Instrumentation and Control Engineering","Under Graduate","ACCREDITED","Academic Year 2019-20, 2020-21 and 2021-22, i.e., upto 30-06-2022"
"St. Joseph's Institute of Technology (Kancheepuram)","Electrical & Electronics Engineering","Under Graduate","ACCREDITED","Academic Year 2017-18, 2018-19 and 2019-20, i.e., upto 30-06-2020"
"St. Joseph's Institute of Technology (Kancheepuram)","Computer Science and Engineering","Under Graduate","ACCREDITED","Academic Year 2017-18, 2018-19 and 2019-20, i.e., upto 30-06-2020; Further Accredited for Academic Year 2020-21, 2021-22 and 2022-23, i.e., upto 30-06-2023"
"St. Joseph's Institute of Technology (Kancheepuram)","Electronics & Communication Engineering","Under Graduate","ACCREDITED","Academic Year 2017-18, 2018-19 and 2019-20, i.e., upto 30-06-2020; Further Accredited for Academic Year 2020-21, 2021-22 and 2022-23, i.e., upto 30-06-2023"
"St. Joseph's Institute of Technology (Kancheepuram)","Information Technology","Under Graduate","ACCREDITED","Academic Year 2017-18, 2018-19 and 2019-20, i.e., upto 30-06-2020; Further Accredited for Academic Year 2020-21, 2021-22 and 2022-23, i.e., upto 30-06-2023"
"St. Joseph's Institute of Technology (Kancheepuram)","Mechanical Engineering","Under Graduate","ACCREDITED","Academic Year 2017-18, 2018-19 and 2019-20, i.e., upto 30-06-2020; Further Accredited for Academic Year 2020-21, 2021-22 and 2022-23, i.e., upto 30-06-2023"
"St. Joseph's Institute of Technology (Kancheepuram)","Computer Science and Engineering","Under Graduate","ACCREDITED","Academic year 2023-24,2024-25 and 2025-26 i.e. 30-06-2026"
"St. Joseph's Institute of Technology (Kancheepuram)","Electronics & Communication Engineering","Under Graduate","ACCREDITED","Academic year 2023-24,2024-25 and 2025-26 i.e. 30-06-2026"
"St. Joseph's Institute of Technology (Kancheepuram)","Information Technology","Under Graduate","ACCREDITED","Academic year 2023-24,2024-25 and 2025-26 i.e. 30-06-2026"
"St. Peters Engineering College, Chennai (Chennai)","INFORMATION TECHNOLOGY","UG","ACCREDITED","3 Years w.e.f. 29-05-2007"
"St. Peters Engineering College, Chennai (Chennai)","ELECTRONICS AND INSTRUMENTATION ENGINEERING","UG","ACCREDITED","3 Years w.e.f. 12-09-2007"
"St. Peters Engineering College, Chennai (Chennai)","PRODUCTION ENGINEERING","UG","ACCREDITED","3 Years w.e.f. 12-09-2007"
"St. Peters Engineering College, Chennai (Chennai)","ELECTRONICS AND COMMUNICATION ENGINEERING","UG","ACCREDITED","3 Years w.e.f. 12-09-2007"
"St. Peters Engineering College, Chennai (Chennai)","COMPUTER SCIENCE AND ENGINEERING","UG","ACCREDITED","3 Years w.e.f. 12-09-2007"
"St. Peters Engineering College, Chennai (Chennai)","MECHANICAL ENGINEERING","UG","ACCREDITED","3 Years w.e.f. 12-09-2007"
"St. Peters Engineering College, Chennai (Chennai)","CIVIL ENGINEERING","UG","ACCREDITED","3 Years w.e.f. 22-01-2008"
"St. Peters Engineering College, Chennai (Chennai)","BIOTECHNOLOGY","UG","ACCREDITED","3 Years w.e.f. 22-01-2008"
"St. Peters Engineering College, Chennai (Chennai)","COMPUTER SCIENCE AND ENGINEERING","UG","ACCREDITED","3 Years w.e.f. 11-06-2004"
"St. Peters Engineering College, Chennai (Chennai)","MECHANICAL ENGINEERING","UG","ACCREDITED","3 Years w.e.f. 11-06-2004"
"St. Peters Engineering College, Chennai (Chennai)","ELECTRONICS AND COMMUNICATION ENGINEERING","UG","ACCREDITED","3 Years w.e.f. 11-06-2004"
"St. Peters Engineering College, Chennai (Chennai)","ELECTRONICS AND INSTRUMENTATION ENGINEERING","UG","ACCREDITED","3 Years w.e.f. 11-06-2004"
"St. Peters Engineering College, Chennai (Chennai)","PRODUCTION ENGINEERING","UG","ACCREDITED","3 Years w.e.f. 11-06-2004"
"St. Peters Engineering College, Chennai (Chennai)","ELECTRICAL AND ELECTRONICS ENGINEERING","UG","ACCREDITED","3 Years w.e.f. 27-07-2006"
"St. Peters Engineering College, Chennai (Chennai)","CHEMICAL ENGINEERING","UG","ACCREDITED","3 Years w.e.f. 27-07-2006"
"St.Xavier's Catholic College of Engineering (Kanniyakumari (HQ : Nagercoil))","Civil Engineering","Under Graduate","ACCREDITED","Academic Year 2021-22, 2022-23 and 2023-24, i.e. upto 30-06-2024; Further Accredited for 2024-25, 2025-26 and 2026-27, i.e., upto 30/06/2027"
"St.Xavier's Catholic College of Engineering (Kanniyakumari (HQ : Nagercoil))","Computer Science and Engineering","Under Graduate","ACCREDITED","Academic Year 2021-22, 2022-23 and 2023-24, i.e. upto 30-06-2024; Further Accredited for 2024-25, 2025-26 and 2026-27, i.e., upto 30/06/2027"
"St.Xavier's Catholic College of Engineering (Kanniyakumari (HQ : Nagercoil))","Information Technology","Under Graduate","ACCREDITED","Academic Year 2021-22, 2022-23 and 2023-24, i.e. upto 30-06-2024; Further Accredited for 2024-25, 2025-26 and 2026-27, i.e., upto 30/06/2027"
"St.Xavier's Catholic College of Engineering (Kanniyakumari (HQ : Nagercoil))","Electrical & Electronics Engineering","Under Graduate","ACCREDITED","Accredited for Academic Year 2018-19, 2019-20, 2020-21 and 2021-22, i.e., upto 30-06-2022; Further Accredited for Academic Year 2022-23, 2023-24 and 2024-25, i.e., upto 30/06/2025"
"St.Xavier's Catholic College of Engineering (Kanniyakumari (HQ : Nagercoil))","Electronics & Communication Engineering","Under Graduate","ACCREDITED","Accredited for Academic Year 2018-19, 2019-20, 2020-21 and 2021-22, i.e., upto 30-06-2022; Further Accredited for Academic Year 2022-23, 2023-24 and 2024-25, i.e., upto 30/06/2025"
"St.Xavier's Catholic College of Engineering (Kanniyakumari (HQ : Nagercoil))","Mechanical Engineering","Under Graduate","ACCREDITED","Accredited for Academic Year 2018-19, 2019-20, 2020-21 and 2021-22, i.e., upto 30-06-2022; Further Accredited for Academic Year 2022-23, 2023-24 and 2024-25, i.e., upto 30/06/2025"
"Stella Mary's College of Engineering (Kanniyakumari (HQ : Nagercoil))","Mechanical Engineering","Under Graduate","ACCREDITED","Academic Year 2022-23, 2023-24 and 2024-25, i.e. upto 30-06-2025"
"Stella Mary's College of Engineering (Kanniyakumari (HQ : Nagercoil))","Computer Science and Engineering","Under Graduate","ACCREDITED","Academic Year 2022-23, 2023-24 and 2024-25, i.e. upto 30-06-2025"
"SUDHARSAN ENGINEERING COLLEGE (PUDUKKOTTAI)","ELECTRICAL AND ELECTRONICS ENGINEERING","UG","ACCREDITED","3 YEARS W.E.F.1-9-2009"
"Sudharsan Engineering College (Pudukottai)","MECHANICAL ENGINEERING","UG","ACCREDITED","3 Years w.e.f. 29-05-2009"
"Sudharsan Engineering College (Pudukottai)","COMPUTER SCIENCE AND ENGINEERING","UG","ACCREDITED","3 Years w.e.f. 29-05-2009"
"Sudharsan Engineering College (Pudukottai)","ELECTRONICS AND COMMUNICATION ENGINEERING","UG","ACCREDITED","3 Years w.e.f. 29-05-2009"
"Sudharsan Engineering College (Pudukottai)","INFORMATION TECHNOLOGY","UG","ACCREDITED","3 Years w.e.f. 29-05-2009"
"SUN COLLEGE OF ENGINEERING AND TECHNOLOGY (NAGERCOIL)","ELECTRICAL AND ELECTRONICS ENGINEERING","UG","ACCREDITED","3 YEARS W.E.F.1-9-2009"
"SUN COLLEGE OF ENGINEERING AND TECHNOLOGY (NAGERCOIL)","COMPUTER SCIENCE AND ENGINEERING","UG","ACCREDITED","3 YEARS W.E.F.1-9-2009"
"SUN COLLEGE OF ENGINEERING AND TECHNOLOGY (NAGERCOIL)","INFORMATION TECHNOLOGY","UG","ACCREDITED","3 YEARS W.E.F.1-9-2009"
"SUN COLLEGE OF ENGINEERING AND TECHNOLOGY (NAGERCOIL)","CIVIL ENGINEERING","UG","ACCREDITED","3 YEARS W.E.F.1-9-2009"
"SUN COLLEGE OF ENGINEERING AND TECHNOLOGY (NAGERCOIL)","ELECTRONICS AND COMMUNICATION ENGINEERING","UG","ACCREDITED","3 YEARS W.E.F.1-9-2009"
"SVS COLLEGE OF ENGINEERING (Coimbotore)","Computer Science and Engineering","Under Graduate","ACCREDITED","Academic Years Academic Year 2019-20, 2020-21 and 2021-22, i.e., upto 30-06-2022, i.e. upto 30-06-2022"
"SVS COLLEGE OF ENGINEERING (Coimbotore)","Electrical & Electronics Engineering","Under Graduate","ACCREDITED","Academic Year 2019-20, 2020-21 and 2021-22, i.e., upto 30-06-2022"
"SVS COLLEGE OF ENGINEERING (Coimbotore)","Electronics & Communication Engineering","Under Graduate","ACCREDITED","Academic Year 2019-20, 2020-21 and 2021-22, i.e., upto 30-06-2022"
"SVS COLLEGE OF ENGINEERING (Coimbotore)","Mechanical Engineering","Under Graduate","ACCREDITED","Academic Year 2019-20, 2020-21 and 2021-22, i.e., upto 30-06-2022"
"SYED AMMAL ENGINEERING COLLEGE (Ramanathapuram)","Electronics & Communication Engineering","Under Graduate","ACCREDITED","Academic Year 2017-18, 2018-19 and 2019-20, i.e., upto 30-06-2020"
"SYED AMMAL ENGINEERING COLLEGE (Ramanathapuram)","Computer Science and Engineering","Under Graduate","ACCREDITED","Academic Year 2017-2018, 2018-19, 2019-20 and 2020-21, i.e., upto 30-06-2021; Further Accredited for Academic Year 2021-22, 2022-23 and 2023-24, i.e., upto 30-06-2024"
"SYED AMMAL ENGINEERING COLLEGE (Ramanathapuram)","Mechanical Engineering","Under Graduate","ACCREDITED","Academic Year 2017-2018, 2018-19, 2019-20 and 2020-21, i.e., upto 30-06-2021; Further Accredited for Academic Year 2021-22, 2022-23 and 2023-24, i.e., upto 30-06-2024"
"SYED AMMAL ENGINEERING COLLEGE (Ramanathapuram)","Electrical & Electronics Engineering","Under Graduate","ACCREDITED","Academic Year 2017-2018, 2018-19, 2019-20 and 2020-21, i.e., upto 30-06-2021"
"SYED AMMAL ENGINEERING COLLEGE (Ramanathapuram)","Electrical & Electronics Engineering","Under Graduate","ACCREDITED","Academic Year 2024-25, 2025-26 and 2026-27, i.e., upto 30/06/2027"
"SYED AMMAL ENGINEERING COLLEGE (Ramanathapuram)","Electronics & Communication Engineering","Under Graduate","ACCREDITED","Academic Year 2024-25, 2025-26 and 2026-27, i.e., upto 30/06/2027"
"SYED AMMAL ENGINEERING COLLEGE (Ramanathapuram)","Mechanical Engineering","Under Graduate","ACCREDITED","Academic Year 2024-25, 2025-26 and 2026-27, i.e., upto 30/06/2027"
"TAGORE ENGINEERING COLLEGE (CHENNAI)","COMPUTER SCIENCE AND ENGINEERING","UG","ACCREDITED","3 YEARS W.E.F.10-9-2004"
"TAGORE ENGINEERING COLLEGE (CHENNAI)","ELECTRONICS AND COMMUNICATION ENGINEERING","UG","ACCREDITED","3 YEARS W.E.F.10-9-2004"
"TAGORE ENGINEERING COLLEGE (CHENNAI)","MECHANICAL ENGINEERING","UG","ACCREDITED","3 YEARS W.E.F.10-9-2004"
"TAGORE ENGINEERING COLLEGE (CHENNAI)","ELECTRICAL AND ELECTRONICS ENGINEERING","UG","ACCREDITED","3 YEARS W.E.F.16-4-2009"
"TAGORE ENGINEERING COLLEGE (CHENNAI)","ELECTRONICS AND COMMUNICATION ENGINEERING","UG","ACCREDITED","3 YEARS W.E.F.16-4-2009"
"TAGORE ENGINEERING COLLEGE (CHENNAI)","COMPUTER SCIENCE AND ENGINEERING","UG","ACCREDITED","3 YEARS W.E.F.16-4-2009"
"TAGORE ENGINEERING COLLEGE (CHENNAI)","MECHANICAL ENGINEERING","UG","ACCREDITED","3 YEARS W.E.F.16-4-2009"
"TAGORE ENGINEERING COLLEGE (CHENNAI)","INFORMATION TECHNOLOGY","UG","ACCREDITED","3 YEARS W.E.F.16-4-2009"
"TAGORE ENGINEERING COLLEGE (Kancheepuram)","Electronics & Communication Engineering","Under Graduate","ACCREDITED","Academic Year 2024-25, 2025-26 and 2026-27, i.e., upto 30/06/2027"
"TAGORE ENGINEERING COLLEGE (Kancheepuram)","Computer Science and Engineering","Under Graduate","ACCREDITED","Academic Year 2024-25, 2025-26 and 2026-27, i.e., upto 30/06/2027"
"TAGORE ENGINEERING COLLEGE (Kancheepuram)","Information Technology","Under Graduate","ACCREDITED","Academic Year 2024-25, 2025-26 and 2026-27, i.e., upto 30/06/2027"
"TAMIL NADU COLLEGE OF ENGG. (COIMBATORE)","CIVIL ENGINEERING","UG","ACCREDITED","3 YEARS W.E.F. 19-3-2004"
"TAMIL NADU COLLEGE OF ENGG. (COIMBATORE)","MECHANICAL ENGINEERING","UG","ACCREDITED","3 YEARS W.E.F. 19-3-2004"
"TAMIL NADU COLLEGE OF ENGG. (COIMBATORE)","ELECTRONICS AND COMMUNICATION ENGINEERING","UG","ACCREDITED","3 YEARS W.E.F. 19-3-2004"
"TAMIL NADU COLLEGE OF ENGG. (COIMBATORE)","CIVIL ENGINEERING","UG","ACCREDITED","3 YEARS W.E.F. 21-06-2010"
"TAMIL NADU COLLEGE OF ENGG. (COIMBATORE)","MECHANICAL ENGINEERING","UG","ACCREDITED","3 YEARS W.E.F. 21-06-2010"
"TAMIL NADU COLLEGE OF ENGG. (COIMBATORE)","ELECTRONICS AND COMMUNICATION ENGINEERING","UG","ACCREDITED","3 YEARS W.E.F. 21-06-2010"
"TAMIL NADU COLLEGE OF ENGG. (COIMBATORE)","COMPUTER SCIENCE AND ENGINEERING","UG","ACCREDITED","3 YEARS W.E.F. 21-06-2010"
"THANGAVELU ENGINEERING COLLEGE (Chennai)","Computer Science and Engineering","Under Graduate","ACCREDITED","2 YEARS W.E.F. 01-07-2015"
"THANGAVELU ENGINEERING COLLEGE (Chennai)","Electrical & Electronics Engineering","Under Graduate","ACCREDITED","2 YEARS W.E.F. 01-07-2015"
"THANGAVELU ENGINEERING COLLEGE (Chennai)","Electronics & Communication Engineering","Under Graduate","ACCREDITED","2 YEARS W.E.F. 01-07-2015"
"THANTHAI PERIYAR GOVERNMENT INSTITUTE OF TECHNOLOGY (VELLORE)","Mechanical Engineering","Under Graduate","ACCREDITED","Academic Year 2018-19, 2019-2020, 2020-21 and 2021-22,  i.e. upto 30-06-2022; Further Accredited for Academic Year 2022-23, 2023-24 and 2024-25, i.e., upto 30/06/2025"
"THANTHAI PERIYAR GOVERNMENT INSTITUTE OF TECHNOLOGY (VELLORE)","Electronics & Communication Engineering","Under Graduate","ACCREDITED","Academic Year 2018-19, 2019-2020, 2020-21 and 2021-22,  i.e. upto 30-06-2022; Further Accredited for Academic Year 2022-23, 2023-24 and 2024-25, i.e., upto 30/06/2025"
"THANTHAI PERIYAR GOVERNMENT INSTITUTE OF TECHNOLOGY (VELLORE)","Civil Engineering","Under Graduate","ACCREDITED","Academic Year 2018-19, 2019-2020, 2020-21 and 2021-22,  i.e. upto 30-06-2022; Further Accredited for Academic Year 2022-23, 2023-24 and 2024-25, i.e., upto 30/06/2025"
"THANTHAI PERIYAR GOVERNMENT INSTITUTE OF TECHNOLOGY (VELLORE)","MECHANICAL ENGINEERING","UG","ACCREDITED","3 YEARS W.E.F.27-7-2006"
"THANTHAI PERIYAR GOVERNMENT INSTITUTE OF TECHNOLOGY (VELLORE)","ELECTRONICS AND COMMUNICATION ENGINEERING","UG","ACCREDITED","3 YEARS W.E.F.27-7-2006"
"THE INDIAN ENGINEERING COLLEGE, VADAKANGULAM (CHENNAI)","CIVIL ENGINEERING","UG","ACCREDITED","3 Years w.e.f. 06-08-2002"
"THE INDIAN ENGINEERING COLLEGE, VADAKANGULAM (CHENNAI)","MECHANICAL ENGINEERING","UG","ACCREDITED","3 Years w.e.f. 06-08-2002"
"THE INDIAN ENGINEERING COLLEGE, VADAKANGULAM (CHENNAI)","ELECTRONICS AND COMMUNICATION ENGINEERING","UG","ACCREDITED","3 Years w.e.f. 06-08-2002"
"THE INDIAN ENGINEERING COLLEGE, VADAKANGULAM (CHENNAI)","ELECTRICAL AND ELECTRONICS ENGINEERING","UG","ACCREDITED","3 Years w.e.f. 06-08-2002"
"THE INDIAN ENGINEERING COLLEGE, VADAKANGULAM (CHENNAI)","COMPUTER SCIENCE AND ENGINEERING","UG","ACCREDITED","3 Years w.e.f. 06-08-2002"
"THIAGARAJAR COLLEGE OF ENGINEERING (MADURAI)","MECHANICAL ENGINEERING","UG","ACCREDITED","5 YEARS W.E.F.27-7-2006"
"THIAGARAJAR COLLEGE OF ENGINEERING (MADURAI)","MECHATRONICS ENGINEERING","UG","ACCREDITED","5 YEARS W.E.F.27-7-2006"
"THIAGARAJAR COLLEGE OF ENGINEERING (MADURAI)","COMPUTER SCIENCE AND ENGINEERING","UG","ACCREDITED","5 YEARS W.E.F.27-7-2006"
"THIAGARAJAR COLLEGE OF ENGINEERING (MADURAI)","ELECTRICAL AND ELECTRONICS ENGINEERING","UG","ACCREDITED","5 YEARS W.E.F.27-7-2006"
"THIAGARAJAR COLLEGE OF ENGINEERING (MADURAI)","ELECTRONICS AND COMMUNICATION ENGINEERING","UG","ACCREDITED","5 YEARS W.E.F.27-7-2006"
"THIAGARAJAR COLLEGE OF ENGINEERING (MADURAI)","CIVIL ENGINEERING","UG","ACCREDITED","5 YEARS W.E.F.27-7-2006"
"THIAGARAJAR COLLEGE OF ENGINEERING (MADURAI)","INFORMATION TECHNOLOGY","UG","ACCREDITED","3 YEARS W.E.F.27-7-2006"
"THIAGARAJAR COLLEGE OF ENGINEERING (MADURAI)","CIVIL ENGINEERING","UG","ACCREDITED","5 YEARS W.E.F. 04-01-2013"
"THIAGARAJAR COLLEGE OF ENGINEERING (MADURAI)","MECHANICAL ENGINEERING","UG","ACCREDITED","5 YEARS W.E.F. 04-01-2013"
"THIAGARAJAR COLLEGE OF ENGINEERING (MADURAI)","ELECTRICAL AND ELECTRONICS ENGINEERING","UG","ACCREDITED","5 YEARS W.E.F. 04-01-2013"
"THIAGARAJAR COLLEGE OF ENGINEERING (MADURAI)","ELECTRONICS AND COMMUNICATION ENGINEERING","UG","ACCREDITED","5 YEARS W.E.F. 04-01-2013"
"THIAGARAJAR COLLEGE OF ENGINEERING (MADURAI)","COMPUTER SCIENCE AND ENGINEERING","UG","ACCREDITED","2 YEARS W.E.F. 04-01-2013"
"THIAGARAJAR COLLEGE OF ENGINEERING (MADURAI)","INFORMATION TECHNOLOGY","UG","ACCREDITED","2 YEARS W.E.F. 04-01-2013"
"THIRUVALLUVAR COLLEGE OF ENGINEERING AND TECHNOLOGY (VANDAVASI)","MECHANICAL ENGINEERING","UG","ACCREDITED","3 YEARS W.E.F. 27-07-2006"
"THIRUVALLUVAR COLLEGE OF ENGINEERING AND TECHNOLOGY (VANDAVASI)","COMPUTER SCIENCE AND ENGINEERING","UG","ACCREDITED","3 YEARS W.E.F. 27-07-2006"
"THIRUVALLUVAR COLLEGE OF ENGINEERING AND TECHNOLOGY (VANDAVASI)","ELECTRONICS AND COMMUNICATION ENGINEERING","UG","ACCREDITED","3 YEARS W.E.F. 27-07-2006"
"THIRUVALLUVAR COLLEGE OF ENGINEERING AND TECHNOLOGY (VANDAVASI)","INFORMATION TECHNOLOGY","UG","ACCREDITED","3 YEARS W.E.F. 10-02-2009"
"University College of Engineering, BIT Campus, Tiruchirappalli (Tiruchirappalli)","Biotechnology","Under Graduate","ACCREDITED","Academic Year 2018-19, 2019-20, 2020-21 and 2021-22, i.e., upto 30-06-2022"
"University College of Engineering, BIT Campus, Tiruchirappalli (Tiruchirappalli)","Petrochemical Engineering","Under Graduate","ACCREDITED","Academic Year 2018-19, 2019-20, 2020-21 and 2021-22, i.e., upto 30-06-2022"
"University College of Engineering, BIT Campus, Tiruchirappalli (Tiruchirappalli)","Pharmaceutical Engineering and Technology","Under Graduate","ACCREDITED","Academic Year 2018-19, 2019-20, 2020-21 and 2021-22, i.e., upto 30-06-2022"
"V V COLLEGE OF ENGINEERING (Thoothkudi)","Mechanical Engineering","Under Graduate","ACCREDITED","Academic Year 2024-25, 2025-26 and 2026-27, i.e., upto 30/06/2027"
"V.M.K.V ENGINEERING COLLEGE (SALEM)","ELECTRONICS AND COMMUNICATION ENGINEERING","UG","ACCREDITED","3 YEARS W.E.F.16-4-2009"
"V.M.K.V ENGINEERING COLLEGE (SALEM)","ELECTRICAL AND ELECTRONICS ENGINEERING","UG","ACCREDITED","3 YEARS W.E.F.16-4-2009"
"V.M.K.V ENGINEERING COLLEGE (SALEM)","COMPUTER SCIENCE AND ENGINEERING","UG","ACCREDITED","3 YEARS W.E.F.16-4-2009"
"V.M.K.V ENGINEERING COLLEGE (SALEM)","MECHANICAL ENGINEERING","UG","ACCREDITED","3 YEARS W.E.F.16-4-2009"
"V.M.K.V ENGINEERING COLLEGE (SALEM)","INFORMATION TECHNOLOGY","UG","ACCREDITED","3 YEARS W.E.F.16-4-2009"
"V.R.S. COLLEGE OF ENGINEERING & TECHNOLOGY (CHENNAI)","ELECTRONICS AND COMMUNICATION ENGINEERING","UG","ACCREDITED","2 YEARS w.e.f. 04-01-2013"
"V.R.S. COLLEGE OF ENGINEERING & TECHNOLOGY (CHENNAI)","COMPUTER SCIENCE AND ENGINEERING","UG","ACCREDITED","2 YEARS w.e.f. 04-01-2013"
"V.R.S. COLLEGE OF ENGINEERING & TECHNOLOGY (CHENNAI)","ELECTRICAL AND ELECTRONICS ENGINEERING","UG","ACCREDITED","2 YEARS w.e.f. 04-01-2013"
"V.S.B ENGINEERING COLLEGE (KARUR)","ELECTRONICS AND COMMUNICATION ENGINEERING","UG","ACCREDITED","3 YEARS W.E.F.16-4-2009"
"V.S.B ENGINEERING COLLEGE (KARUR)","ELECTRICAL AND ELECTRONICS ENGINEERING","UG","ACCREDITED","3 YEARS W.E.F.16-4-2009"
"V.S.B ENGINEERING COLLEGE (KARUR)","MECHANICAL ENGINEERING","UG","ACCREDITED","3 YEARS W.E.F.16-4-2009"
"V.S.B ENGINEERING COLLEGE (KARUR)","COMPUTER SCIENCE AND ENGINEERING","UG","ACCREDITED","3 YEARS W.E.F.16-4-2009"
"V.S.B ENGINEERING COLLEGE (KARUR)","COMPUTER SCIENCE AND ENGINEERING","UG","ACCREDITED","2 YEARS W.E.F. 04-02-2014"
"V.S.B ENGINEERING COLLEGE (KARUR)","ELECTRONICS AND COMMUNICATION ENGINEERING","UG","ACCREDITED","2 YEARS W.E.F. 04-02-2014"
"V.S.B ENGINEERING COLLEGE (KARUR)","MECHANICAL ENGINEERING","UG","ACCREDITED","2 YEARS W.E.F. 04-02-2014"
"V.S.B ENGINEERING COLLEGE (KARUR)","Biomedical Engineering","Under Graduate","ACCREDITED","Academic Year 2024-25, 2025-26 and 2026-27, i.e., upto 30/06/2027"
"V.S.B ENGINEERING COLLEGE (KARUR)","Biotechnology","Under Graduate","ACCREDITED","Academic Year 2024-25, 2025-26 and 2026-27, i.e., upto 30/06/2027"
"V.S.B ENGINEERING COLLEGE (KARUR)","Chemical Engineering","Under Graduate","ACCREDITED","Academic Year 2024-25, 2025-26 and 2026-27, i.e., upto 30/06/2027"
"V.S.B ENGINEERING COLLEGE (KARUR)","Information Technology","Under Graduate","ACCREDITED","Academic Year 2019-20, 2020-21 and 2021-22, i.e., upto 30-06-2022; Further Accredited for Academic Year 2022-23, 2023-24 and 2024-25, i.e., upto 30/06/2025"
"V.S.B ENGINEERING COLLEGE (KARUR)","Civil Engineering","Under Graduate","ACCREDITED","Academic Year 2019-20, 2020-21 and 2021-22, i.e., upto 30-06-2022; Further Accredited for Academic Year 2022-23, 2023-24 and 2024-25, i.e., upto 30/06/2025"
"V.S.B ENGINEERING COLLEGE (KARUR)","Computer Science and Engineering","Under Graduate","ACCREDITED","Academic Year 2022-23, 2023-24 and 2024-25, i.e., upto 30-06-2025"
"V.S.B ENGINEERING COLLEGE (KARUR)","Electrical & Electronics Engineering","Under Graduate","ACCREDITED","Academic Year 2022-23, 2023-24 and 2024-25, i.e., upto 30-06-2025"
"V.S.B ENGINEERING COLLEGE (KARUR)","Electronics & Communication Engineering","Under Graduate","ACCREDITED","Academic Year 2022-23, 2023-24 and 2024-25, i.e., upto 30-06-2025"
"V.S.B ENGINEERING COLLEGE (KARUR)","Mechanical Engineering","Under Graduate","ACCREDITED","Academic Year 2022-23, 2023-24 and 2024-25, i.e., upto 30-06-2025"
"V.S.B ENGINEERING COLLEGE (KARUR)","Electronics & Communication Engineering","Under Graduate","ACCREDITED","Academic Year 2018-19, 2019-20 and 2020-21, i.e., upto 30-06-2021"
"V.S.B ENGINEERING COLLEGE (KARUR)","Computer Science and Engineering","Under Graduate","ACCREDITED","Academic Year 2018-19, 2019-20 and 2020-21, i.e., upto 30-06-2021"
"V.S.B ENGINEERING COLLEGE (KARUR)","Electrical & Electronics Engineering","Under Graduate","ACCREDITED","Academic Year 2018-19, 2019-20 and 2020-21, i.e., upto 30-06-2021"
"V.S.B ENGINEERING COLLEGE (KARUR)","Mechanical Engineering","Under Graduate","ACCREDITED","Academic Year 2018-19, 2019-20 and 2020-21, i.e., upto 30-06-2021"
"VALLIAMMAI ENGINEERING COLLEGE (CHENNAI)","COMPUTER SCIENCE AND ENGINEERING","UG","ACCREDITED","3 YEARS W.E.F.4-5-2007"
"VALLIAMMAI ENGINEERING COLLEGE (CHENNAI)","ELECTRONICS AND COMMUNICATION ENGINEERING","UG","ACCREDITED","3 YEARS W.E.F.4-5-2007"
"VALLIAMMAI ENGINEERING COLLEGE (CHENNAI)","INFORMATION TECHNOLOGY","UG","ACCREDITED","3 YEARS W.E.F.4-5-2007"
"VALLIAMMAI ENGINEERING COLLEGE (CHENNAI)","ELECTRICAL AND ELECTRONICS ENGINEERING","UG","ACCREDITED","3 YEARS W.E.F.13-3-2009"
"VALLIAMMAI ENGINEERING COLLEGE (CHENNAI)","ELECTRONICS AND INSTRUMENTATION ENGINEERING","UG","ACCREDITED","3 YEARS W.E.F.10-2-2009"
"VALLIAMMAI ENGINEERING COLLEGE (CHENNAI)","COMPUTER SCIENCE AND ENGINEERING","UG","ACCREDITED","3 YEARS W.E.F. 15-03-2012"
"VALLIAMMAI ENGINEERING COLLEGE (CHENNAI)","ELECTRONICS AND COMMUNICATION ENGINEERING","UG","ACCREDITED","3 YEARS W.E.F. 15-03-2012"
"VALLIAMMAI ENGINEERING COLLEGE (CHENNAI)","INFORMATION TECHNOLOGY","UG","ACCREDITED","3 YEARS W.E.F. 15-03-2012"
"VEL MULTI TECH SRI RANGARAJAN SAKUNTHALA ENGINEERING COLLEGE (CHENNAI)","ELECTRONICS AND COMMUNICATION ENGINEERING","UG","ACCREDITED","5 YEARS W.E.F. 05-08-2013"
"VEL MULTI TECH SRI RANGARAJAN SAKUNTHALA ENGINEERING COLLEGE (CHENNAI)","COMPUTER SCIENCE AND ENGINEERING","UG","ACCREDITED","5 YEARS W.E.F. 05-08-2013"
"VEL TECH (Tiruvallur)","Mechanical Engineering","Under Graduate","ACCREDITED","Academic Year 2019-20, 2020-21 and 2021-22, i.e., upto 30-06-2022"
"VEL TECH (Tiruvallur)","Electronics & Communication Engineering","Under Graduate","ACCREDITED","Academic Year 2019-20, 2020-21 and 2021-22, i.e., upto 30-06-2022"
"Vel Tech College of Engineering (Chennai)","COMPUTER SCIENCE AND ENGINEERING","UG","ACCREDITED","3 years w.e.f. 27-07-2006"
"Vel Tech College of Engineering (Chennai)","ELECTRONICS AND COMMUNICATION ENGINEERING","UG","ACCREDITED","3 years w.e.f. 27-07-2006"
"Vel Tech College of Engineering (Chennai)","ELECTRICAL AND ELECTRONICS ENGINEERING","UG","ACCREDITED","3 years w.e.f. 27-07-2006"
"Vel Tech College of Engineering (Chennai)","INFORMATION TECHNOLOGY","UG","ACCREDITED","3 years w.e.f. 27-07-2006"
"Vel Tech College of Engineering (Chennai)","MECHANICAL ENGINEERING","UG","ACCREDITED","3 years w.e.f. 16-03-2007"
"Vel Tech College of Engineering (Chennai)","Electrical and Instrumentation Engineering","UG","ACCREDITED","3 years w.e.f. 16-03-2007"
"VEL TECH HIGH TECH DR. RANGARAJAN DR. SAKUNTHALA ENGINEERING COLLEGE (Chennai)","Biotechnology","Under Graduate","ACCREDITED","Academic Year 2018-19, 2019-20, 2020-21 and 2021-22, i.e., upto 30-06-2022; Further accredited for 2022-23, 2023-24 and 2024-25, i.e., upto 30/06/2025"
"VEL TECH HIGH TECH DR. RANGARAJAN DR. SAKUNTHALA ENGINEERING COLLEGE (Chennai)","Chemical Engineering","Under Graduate","ACCREDITED","Academic Year 2018-19, 2019-20, 2020-21 and 2021-22, i.e., upto 30-06-2022; Further accredited for 2022-23, 2023-24 and 2024-25, i.e., upto 30/06/2025"
"VEL TECH HIGH TECH DR. RANGARAJAN DR. SAKUNTHALA ENGINEERING COLLEGE (Chennai)","Electronics & Communication Engineering","Under Graduate","ACCREDITED","Academic Year 2020-21, 2021-22 and 2022-23, i.e., upto 30-06-2023; Further Accredited for Academic Year 2023-24, 2024-25 and 2025-26, i.e., upto 30/06/2026"
"VEL TECH HIGH TECH DR. RANGARAJAN DR. SAKUNTHALA ENGINEERING COLLEGE (Chennai)","Information Technology","Under Graduate","ACCREDITED","Academic Year 2020-21, 2021-22 and 2022-23, i.e., upto 30-06-2023; Further Accredited for Academic Year 2023-24, 2024-25 and 2025-26, i.e., upto 30/06/2026"
"VEL TECH MULTI TECH Dr. RANGARAJAN Dr.SAKUNTHALA ENGINEERING COLLEGE (Chennai)","Biomedical Engineering","Under Graduate","ACCREDITED","Academic year 2023-24,2024-25 and 2025-26 i.e. 30-06-2026"
"VEL TECH MULTI TECH Dr. RANGARAJAN Dr.SAKUNTHALA ENGINEERING COLLEGE (Chennai)","Electrical & Electronics Engineering","Under Graduate","ACCREDITED","Academic year 2023-24,2024-25 and 2025-26 i.e. 30-06-2026"
"VEL TECH MULTI TECH Dr. RANGARAJAN Dr.SAKUNTHALA ENGINEERING COLLEGE (Chennai)","Information Technology","Under Graduate","ACCREDITED","Academic year 2023-24,2024-25 and 2025-26 i.e. 30-06-2026"
"VEL TECH MULTI TECH Dr. RANGARAJAN Dr.SAKUNTHALA ENGINEERING COLLEGE (Chennai)","Mechanical Engineering","Under Graduate","ACCREDITED","Academic year 2023-24,2024-25 and 2025-26 i.e. 30-06-2026"
"VEL TECH MULTI TECH Dr. RANGARAJAN Dr.SAKUNTHALA ENGINEERING COLLEGE (Chennai)","Computer Science and Engineering","Under Graduate","ACCREDITED","Academic Year 2018-19, 2019-20, 2020-21 and 2021-22, i.e., upto 30-06-2022; Further accredited for 2022-23, 2023-24 and 2024-25. i.e., upto 30/06/2025"
"VEL TECH MULTI TECH Dr. RANGARAJAN Dr.SAKUNTHALA ENGINEERING COLLEGE (Chennai)","Electronics & Communication Engineering","Under Graduate","ACCREDITED","Academic Year 2018-19, 2019-20, 2020-21 and 2021-22, i.e., upto 30-06-2022; Further accredited for 2022-23, 2023-24 and 2024-25. i.e., upto 30/06/2025"
"VEL TECH MULTI TECH Dr. RANGARAJAN Dr.SAKUNTHALA ENGINEERING COLLEGE (Chennai)","Biomedical Engineering","Under Graduate","ACCREDITED","Academic Year 2017-18, 2018-19 and 2019-20, i.e. up to 30-06-2020; Further accredited for Academic Year 2020-21, 2021-22 and 2022-23, i.e. up to 30-06-2023"
"VEL TECH MULTI TECH Dr. RANGARAJAN Dr.SAKUNTHALA ENGINEERING COLLEGE (Chennai)","Electrical & Electronics Engineering","Under Graduate","ACCREDITED","Academic Year 2017-18, 2018-19 and 2019-20, i.e. up to 30-06-2020; Further accredited for Academic Year 2020-21, 2021-22 and 2022-23, i.e. up to 30-06-2023"
"VEL TECH MULTI TECH Dr. RANGARAJAN Dr.SAKUNTHALA ENGINEERING COLLEGE (Chennai)","Mechanical Engineering","Under Graduate","ACCREDITED","Academic Year 2017-18, 2018-19 and 2019-20, i.e. up to 30-06-2020; Further accredited for Academic Year 2020-21, 2021-22 and 2022-23, i.e. up to 30-06-2023"
"VEL TECH MULTI TECH Dr. RANGARAJAN Dr.SAKUNTHALA ENGINEERING COLLEGE (Chennai)","Information Technology","Under Graduate","ACCREDITED","Academic Year 2017-18, 2018-19 and 2019-20, i.e. up to 30-06-2020; Further accredited for Academic Year 2020-21, 2021-22 and 2022-23, i.e. up to 30-06-2023"
"VELALAR COLLEGE OF ENGINEERING AND TECHNOLOGY (Erode)","Information Technology","Under Graduate","ACCREDITED","Academic Year 2017-18, 2018-19, 2019-20, 2020-21 and 2021-22,i.e., upto 30-06-2022"
"VELALAR COLLEGE OF ENGINEERING AND TECHNOLOGY (Erode)","Biomedical Engineering","Under Graduate","ACCREDITED","Academic Year 2015-16, 2016-17 and 2017-18, i.e., upto 30-06-2018; Further accredited for Academic Year 2018-19, 2019-20, 2020-21 and 2021-22, i.e., upto 30-06-2022"
"VELALAR COLLEGE OF ENGINEERING AND TECHNOLOGY (Erode)","Computer Science and Engineering","Under Graduate","ACCREDITED","Academic Year 2015-16, 2016-17 and 2017-18, i.e., upto 30-06-2018; Further accredited for Academic Year 2018-19, 2019-20, 2020-21 and 2021-22, i.e., upto 30-06-2022"
"VELALAR COLLEGE OF ENGINEERING AND TECHNOLOGY (Erode)","Electrical & Electronics Engineering","Under Graduate","ACCREDITED","Academic Year 2015-16, 2016-17 and 2017-18, i.e., upto 30-06-2018; Further accredited for Academic Year 2018-19, 2019-20, 2020-21 and 2021-22, i.e., upto 30-06-2022"
"VELALAR COLLEGE OF ENGINEERING AND TECHNOLOGY (Erode)","Electronics & Communication Engineering","Under Graduate","ACCREDITED","Academic Year 2015-16, 2016-17 and 2017-18, i.e., upto 30-06-2018; Further accredited for Academic Year 2018-19, 2019-20, 2020-21 and 2021-22, i.e., upto 30-06-2022"
"VELAMMAL COLLEGE OF ENGINEERING AND TECHNOLOGY (Madurai)","Electrical & Electronics Engineering","Under Graduate","ACCREDITED","Academic Year 2016-17, 2017-18 and 2018-19, i.e., upto 30-06-2019; Further accredited from Academic Year 2019-20, 2020-21 and 2021-22, i.e., upto 30-06-2022"
"VELAMMAL COLLEGE OF ENGINEERING AND TECHNOLOGY (Madurai)","Computer Science and Engineering","Under Graduate","ACCREDITED","Academic Year 2016-17, 2017-18 and 2018-19, i.e., upto 30-06-2019; Further accredited from Academic Year 2019-20, 2020-21 and 2021-22, i.e., upto 30-06-2022"
"VELAMMAL COLLEGE OF ENGINEERING AND TECHNOLOGY (Madurai)","Electronics & Communication Engineering","Under Graduate","ACCREDITED","Academic Year 2016-17, 2017-18 and 2018-19, i.e., upto 30-06-2019; Further accredited from Academic Year 2019-20, 2020-21 and 2021-22, i.e., upto 30-06-2022"
"VELAMMAL COLLEGE OF ENGINEERING AND TECHNOLOGY (Madurai)","Information Technology","Under Graduate","ACCREDITED","Academic Year 2016-17, 2017-18 and 2018-19, i.e., upto 30-06-2019; Further accredited from Academic Year 2019-20, 2020-21 and 2021-22, i.e., upto 30-06-2022"
"VELAMMAL COLLEGE OF ENGINEERING AND TECHNOLOGY (Madurai)","Mechanical Engineering","Under Graduate","ACCREDITED","Academic Year 2016-17, 2017-18 and 2018-19, i.e., upto 30-06-2019; Further accredited from Academic Year 2019-20, 2020-21 and 2021-22, i.e., upto 30-06-2022"
"VELAMMAL COLLEGE OF ENGINEERING AND TECHNOLOGY (Madurai)","Computer Science and Engineering","Under Graduate","ACCREDITED","Academic Year 2022-23, 2023-24 and 2024-25, i.e., upto 30-06-2025"
"VELAMMAL COLLEGE OF ENGINEERING AND TECHNOLOGY (Madurai)","Electrical & Electronics Engineering","Under Graduate","ACCREDITED","Academic Year 2022-23, 2023-24 and 2024-25, i.e., upto 30-06-2025"
"VELAMMAL COLLEGE OF ENGINEERING AND TECHNOLOGY (Madurai)","Electronics & Communication Engineering","Under Graduate","ACCREDITED","Academic Year 2022-23, 2023-24 and 2024-25, i.e., upto 30-06-2025"
"VELAMMAL COLLEGE OF ENGINEERING AND TECHNOLOGY (Madurai)","Information Technology","Under Graduate","ACCREDITED","Academic Year 2022-23, 2023-24 and 2024-25, i.e., upto 30-06-2025"
"VELAMMAL COLLEGE OF ENGINEERING AND TECHNOLOGY (Madurai)","Mechanical Engineering","Under Graduate","ACCREDITED","Academic Year 2022-23, 2023-24 and 2024-25, i.e., upto 30-06-2025"
"VELAMMAL COLLEGE OF ENGINEERING AND TECHNOLOGY (Madurai)","Civil Engineering","Under Graduate","ACCREDITED","Academic year 2023-24,2024-25 and 2025-26 i.e. 30-06-2026"
"VELAMMAL ENGINEERING COLLEGE (CHENNAI)","COMPUTER SCIENCE AND ENGINEERING","UG","ACCREDITED","3 YEARS W.E.F. 30-11-2002"
"VELAMMAL ENGINEERING COLLEGE (CHENNAI)","ELECTRONICS AND COMMUNICATION ENGINEERING","UG","ACCREDITED","3 YEARS W.E.F. 30-11-2002"
"VELAMMAL ENGINEERING COLLEGE (CHENNAI)","ELECTRICAL AND ELECTRONICS ENGINEERING","UG","ACCREDITED","3 YEARS W.E.F. 30-11-2002"
"VELAMMAL ENGINEERING COLLEGE (CHENNAI)","ELECTRONICS AND COMMUNICATION ENGINEERING","UG","ACCREDITED","3 YEARS W.E.F. 04-05-2007"
"VELAMMAL ENGINEERING COLLEGE (CHENNAI)","COMPUTER SCIENCE AND ENGINEERING","UG","ACCREDITED","3 YEARS W.E.F. 04-05-2007"
"VELAMMAL ENGINEERING COLLEGE (CHENNAI)","MECHANICAL ENGINEERING","UG","ACCREDITED","3 YEARS W.E.F. 04-05-2007"
"VELAMMAL ENGINEERING COLLEGE (CHENNAI)","ELECTRICAL AND ELECTRONICS ENGINEERING","UG","ACCREDITED","3 YEARS W.E.F. 04-05-2007"
"VELAMMAL ENGINEERING COLLEGE (CHENNAI)","ELECTRONICS AND INSTRUMENTATION ENGINEERING","UG","ACCREDITED","3 YEARS W.E.F. 04-05-2007"
"VELAMMAL ENGINEERING COLLEGE (CHENNAI)","INFORMATION TECHNOLOGY","UG","ACCREDITED","3 YEARS W.E.F. 04-05-2007"
"VELAMMAL ENGINEERING COLLEGE (CHENNAI)","ELECTRONICS AND INSTRUMENTATION ENGINEERING","UG","ACCREDITED","2 YEARS W.E.F. 04-01-2013"
"VELAMMAL ENGINEERING COLLEGE (CHENNAI)","ELECTRONICS AND COMMUNICATION ENGINEERING","UG","ACCREDITED","2 YEARS W.E.F. 04-01-2013"
"VELAMMAL ENGINEERING COLLEGE (CHENNAI)","MECHANICAL ENGINEERING","UG","ACCREDITED","2 YEARS W.E.F. 04-01-2013"
"VELAMMAL ENGINEERING COLLEGE (CHENNAI)","COMPUTER SCIENCE AND ENGINEERING","UG","ACCREDITED","2 YEARS W.E.F. 04-01-2013"
"VELAMMAL ENGINEERING COLLEGE (CHENNAI)","INFORMATION TECHNOLOGY","UG","ACCREDITED","2 YEARS W.E.F. 04-01-2013"
"VELAMMAL ENGINEERING COLLEGE (CHENNAI)","ELECTRICAL AND ELECTRONICS ENGINEERING","UG","ACCREDITED","2 YEARS W.E.F. 01-07-2015"
"VELAMMAL ENGINEERING COLLEGE (CHENNAI)","CIVIL ENGINEERING","UG","ACCREDITED","2 YEARS W.E.F. 01-07-2015"
"VELAMMAL ENGINEERING COLLEGE (CHENNAI)","PRODUCTION ENGINEERING","UG","ACCREDITED","2 YEARS W.E.F. 01-07-2015"
"VELAMMAL ENGINEERING COLLEGE (CHENNAI)","Civil Engineering","Under Graduate","ACCREDITED","Academic Year 2022-23, 2023-24 and 2024-25, i.e., upto 30-06-2025"
"VELAMMAL ENGINEERING COLLEGE (CHENNAI)","Computer Science and Engineering","Under Graduate","ACCREDITED","Academic Year 2022-23, 2023-24 and 2024-25, i.e., upto 30-06-2025"
"VELAMMAL ENGINEERING COLLEGE (CHENNAI)","Electrical & Electronics Engineering","Under Graduate","ACCREDITED","Academic Year 2022-23, 2023-24 and 2024-25, i.e., upto 30-06-2025"
"VELAMMAL ENGINEERING COLLEGE (CHENNAI)","Electronics & Communication Engineering","Under Graduate","ACCREDITED","Academic Year 2022-23, 2023-24 and 2024-25, i.e., upto 30-06-2025"
"VELAMMAL ENGINEERING COLLEGE (CHENNAI)","Electronics & Instrumentation Engineering","Under Graduate","ACCREDITED","Academic Year 2022-23, 2023-24 and 2024-25, i.e., upto 30-06-2025"
"VELAMMAL ENGINEERING COLLEGE (CHENNAI)","Automobile Engineering","Under Graduate","ACCREDITED","Academic Year 2019-20, 2020-21 and 2021-22, i.e., upto 30-06-2022"
"VELAMMAL ENGINEERING COLLEGE (CHENNAI)","Information Technology","Under Graduate","ACCREDITED","Academic Year 2019-20, 2020-21 and 2021-22, i.e., upto 30-06-2022; Further Accredited for Academic Year 2022-23, 2023-24 and 2024-25, i.e., upto 30/06/2025"
"VELAMMAL ENGINEERING COLLEGE (CHENNAI)","Mechanical Engineering","Under Graduate","ACCREDITED","Academic Year 2019-20, 2020-21 and 2021-22, i.e., upto 30-06-2022; Further Accredited for Academic Year 2022-23, 2023-24 and 2024-25, i.e., upto 30/06/2025"
"VELAMMAL ENGINEERING COLLEGE (CHENNAI)","Electronics & Instrumentation Engineering","Under Graduate","ACCREDITED","Academic Year 2016-17, 2017-18 and 2018-19, i.e., upto 30-06-2019; Further accredited from Academic Year 2019-20, 2020-21 and 2021-22, i.e., upto 30-06-2022"
"VELAMMAL ENGINEERING COLLEGE (CHENNAI)","Production Engineering","Under Graduate","ACCREDITED","Academic Year 2015-16, 2016-17 and 2017-18, i.e., upto 30-06-2018"
"VELAMMAL ENGINEERING COLLEGE (CHENNAI)","Computer Science and Engineering","Under Graduate","ACCREDITED","Academic Year 2016-17, 2017-18 and 2018-19, i.e., upto 30-06-2019; Further accredited from Academic Year 2019-20, 2020-21 and 2021-22, i.e., upto 30-06-2022"
"VELAMMAL ENGINEERING COLLEGE (CHENNAI)","Electronics & Communication Engineering","Under Graduate","ACCREDITED","Academic Year 2016-17, 2017-18 and 2018-19, i.e., upto 30-06-2019; Further accredited from Academic Year 2019-20, 2020-21 and 2021-22, i.e., upto 30-06-2022"
"VELAMMAL ENGINEERING COLLEGE (CHENNAI)","Civil Engineering","Under Graduate","ACCREDITED","Academic Year 2015-16, 2016-17 and 2017-18, i.e., upto 30-06-2018; Further accredited for Academic Year 2018-19, 2019-20, 2020-21 and 2021-22, i.e., upto 30-06-2022"
"VELAMMAL ENGINEERING COLLEGE (CHENNAI)","Electrical & Electronics Engineering","Under Graduate","ACCREDITED","Academic Year 2015-16, 2016-17 and 2017-18, i.e., upto 30-06-2018; Further accredited for Academic Year 2018-19, 2019-20, 2020-21 and 2021-22, i.e., upto 30-06-2022"
"VELAMMAL INSTITUTE OF TECHNOLOGY (Tiruvallur)","Electrical & Electronics Engineering","Under Graduate","ACCREDITED","Academic Year 2019-20, 2020-21 and 2021-22, i.e., upto 30-06-2022"
"VELAMMAL INSTITUTE OF TECHNOLOGY (Tiruvallur)","Mechanical Engineering","Under Graduate","ACCREDITED","Academic Year 2019-20, 2020-21 and 2021-22, i.e., upto 30-06-2022"
"VELAMMAL INSTITUTE OF TECHNOLOGY (Tiruvallur)","Computer Science and Engineering","Under Graduate","ACCREDITED","Academic Year 2019-20, 2020-21 and 2021-22, i.e., upto 30-06-2022; Further Accredited for Academic Year 2022-23, 2023-24 and 2024-25, i.e., upto 30/06/2025"
"VELAMMAL INSTITUTE OF TECHNOLOGY (Tiruvallur)","Information Technology","Under Graduate","ACCREDITED","Academic Year 2019-20, 2020-21 and 2021-22, i.e., upto 30-06-2022; Further Accredited for Academic Year 2022-23, 2023-24 and 2024-25, i.e., upto 30/06/2025"
"VELAMMAL INSTITUTE OF TECHNOLOGY (Tiruvallur)","Electronics & Communication Engineering","Under Graduate","ACCREDITED","Academic Year 2019-20, 2020-21 and 2021-22, i.e., upto 30-06-2022; Further Accredited for Academic Year 2022-23, 2023-24 and 2024-25, i.e., upto 30/06/2025"
"VICKRAM COLLEGE OF ENGINEERING (Sivaganga)","COMPUTER SCIENCE AND ENGINEERING","UG","ACCREDITED","2 YEARS W.E.F. 08-11-2013"
"VICKRAM COLLEGE OF ENGINEERING (Sivaganga)","MECHANICAL ENGINEERING","UG","ACCREDITED","2 YEARS W.E.F. 08-11-2013"
"VICKRAM COLLEGE OF ENGINEERING (Sivaganga)","ELECTRONICS AND COMMUNICATION ENGINEERING","UG","ACCREDITED","2 YEARS W.E.F. 06-05-2014"
"VIT University (Earlier known as Vellore Engineering College) (VELLORE)","MECHANICAL ENGINEERING","UG","ACCREDITED","5 years w.e.f. 07-07-1998"
"VIT University (Earlier known as Vellore Engineering College) (VELLORE)","CIVIL ENGINEERING","UG","ACCREDITED","5 years w.e.f. 07-07-1998"
"VIT University (Earlier known as Vellore Engineering College) (VELLORE)","ELECTRONICS AND COMMUNICATION ENGINEERING","UG","ACCREDITED","5 years w.e.f. 07-07-1998"
"VIT University (Earlier known as Vellore Engineering College) (VELLORE)","COMPUTER SCIENCE AND ENGINEERING","UG","ACCREDITED","3 years w.e.f. 12.05.99"
"VIT University (Earlier known as Vellore Engineering College) (VELLORE)","ELECTRICAL AND ELECTRONICS ENGINEERING","UG","ACCREDITED","3 years w.e.f. 01.10.2000"
"VIT University (Earlier known as Vellore Engineering College) (VELLORE)","CHEMICAL ENGINEERING","UG","ACCREDITED","3 years w.e.f. 01.10.2000"
"VIT University (Earlier known as Vellore Engineering College) (VELLORE)","CIVIL ENGINEERING","UG","ACCREDITED","5 Years w.e.f. 10-02-2009"
"VIT University (Earlier known as Vellore Engineering College) (VELLORE)","MECHANICAL ENGINEERING","UG","ACCREDITED","5 Years w.e.f. 10-02-2009"
"VIVEKANANDHA COLLEGE OF ENGINEERING FOR WOMEN (NAMAKKAL)","ELECTRONICS AND COMMUNICATION ENGINEERING","UG","ACCREDITED","3 YEARS W.E.F.19-7-2008"
"VIVEKANANDHA COLLEGE OF ENGINEERING FOR WOMEN (NAMAKKAL)","COMPUTER SCIENCE AND ENGINEERING","UG","ACCREDITED","3 YEARS W.E.F.19-7-2008"
"VIVEKANANDHA COLLEGE OF ENGINEERING FOR WOMEN (NAMAKKAL)","INFORMATION TECHNOLOGY","UG","ACCREDITED","3 YEARS W.E.F.19-7-2008"
"VIVEKANANDHA COLLEGE OF ENGINEERING FOR WOMEN (NAMAKKAL)","ELECTRICAL AND ELECTRONICS ENGINEERING","UG","ACCREDITED","3 YEARS W.E.F.1-9-2009"
"VIVEKANANDHA COLLEGE OF ENGINEERING FOR WOMEN (NAMAKKAL)","BIOTECHNOLOGY","UG","ACCREDITED","3 YEARS W.E.F.1-9-2009"
"VIVEKANANDHA COLLEGE OF ENGINEERING FOR WOMEN (NAMAKKAL)","COMPUTER SCIENCE AND ENGINEERING","UG","ACCREDITED","2 YEARS W.E.F. 18-09-2013"
"VIVEKANANDHA COLLEGE OF ENGINEERING FOR WOMEN (NAMAKKAL)","ELECTRONICS AND COMMUNICATION ENGINEERING","UG","ACCREDITED","2 YEARS W.E.F. 18-09-2013"
"VIVEKANANDHA COLLEGE OF ENGINEERING FOR WOMEN (NAMAKKAL)","INFORMATION TECHNOLOGY","UG","ACCREDITED","2 YEARS W.E.F. 18-09-2013"
"VIVEKANANDHA COLLEGE OF ENGINEERING FOR WOMEN (NAMAKKAL)","ELECTRICAL AND ELECTRONICS ENGINEERING","UG","ACCREDITED","2 YEARS W.E.F. 18-09-2013"
"VIVEKANANDHA COLLEGE OF ENGINEERING FOR WOMEN (NAMAKKAL)","BIOTECHNOLOGY","UG","ACCREDITED","2 YEARS W.E.F. 18-09-2013"
"VIVEKANANDHA COLLEGE OF ENGINEERING FOR WOMEN (NAMAKKAL)","ELECTRONICS AND COMMUNICATION ENGINEERING","UG","ACCREDITED","3 YEARS W.E.F.19-7-2008"
"VIVEKANANDHA COLLEGE OF ENGINEERING FOR WOMEN (NAMAKKAL)","COMPUTER SCIENCE AND ENGINEERING","UG","ACCREDITED","3 YEARS W.E.F.19-7-2008"
"VIVEKANANDHA COLLEGE OF ENGINEERING FOR WOMEN (NAMAKKAL)","INFORMATION TECHNOLOGY","UG","ACCREDITED","3 YEARS W.E.F.19-7-2008"
"VIVEKANANDHA COLLEGE OF ENGINEERING FOR WOMEN (NAMAKKAL)","ELECTRICAL AND ELECTRONICS ENGINEERING","UG","ACCREDITED","3 YEARS W.E.F.1-9-2009"
"VIVEKANANDHA COLLEGE OF ENGINEERING FOR WOMEN (NAMAKKAL)","BIOTECHNOLOGY","UG","ACCREDITED","3 YEARS W.E.F.1-9-2009"
"VSB COLLEGE OF ENGINEERING TECHNICAL CAMPUS (Coimbotore)","Computer Science and Engineering","Under Graduate","ACCREDITED","Academic Year 2019-20, 2020-21 and 2021-22, i.e., upto 30-06-2022; Further Accredited for Academic Year 2022-23, 2023-24 and 2024-25, i.e., upto 30/06/2025"
"VSB COLLEGE OF ENGINEERING TECHNICAL CAMPUS (Coimbotore)","Mechanical Engineering","Under Graduate","ACCREDITED","Academic Year 2019-20, 2020-21 and 2021-22, i.e., upto 30-06-2022; Further Accredited for Academic Year 2022-23, 2023-24 and 2024-25, i.e., upto 30/06/2025"
"VSB COLLEGE OF ENGINEERING TECHNICAL CAMPUS (Coimbotore)","Electrical & Electronics Engineering","Under Graduate","ACCREDITED","Academic Year 2023-24, 2024-25 and 2025-26, i.e., upto 30-06-2026"
"VSB COLLEGE OF ENGINEERING TECHNICAL CAMPUS (Coimbotore)","Electronics & Communication Engineering","Under Graduate","ACCREDITED","Academic Year 2023-24, 2024-25 and 2025-26, i.e., upto 30-06-2026"